090497999450	FREESTYLE LAWN DARTS	15.7100	15.7100	28.56	GENERAL MERCHANDISE	22	12	0.00		1	090497999450
090497999696	BKPK CHESS	0.0000	0.0000	14.95	GENERAL MERCHANDISE	22	12	0.00		1	090497999979
368093076050	COLEMAN FIRST AID TIN	3.9600	3.9600	6.99	HEALTH & BEAUTY CARE	21	10	0.00		1	368093076050
703438755526	ALPS FOLDABLE MAT	0.0000	0.0000	34.99	CAMPING & OUTDOORS	43	1	0.00		1	703438755526
707708005526	GLACIERGEL BLISTER/BURN TRT	7.8600	7.8600	12.49	HEALTH & BEAUTY CARE	21	10	0.00		1	707708005526
873017004908	EQUINOX ARMADILLO PILLOW	0.0000	0.0000	22.99	CAMPING & OUTDOORS	43	1	0.00		1	873017004908
00000	iUNFI Application	0.1198	25.0000	0.00		3001	0	263.00		1	00000
000000000017	freight	28.9789	46.7000	15.00	SERVICE CHARGES	98	0	0.00		1	000000000017
015204113128	EGGS  Shell Large White	1.4703	1.7233	2.46	DAIRY - OTHER	10	2	90.00		1	000004567806
000181750008	TOWEL  MULTIFOLD - SUPPLIES	0.0000	1.9294	0.00		3001	0	0.00		1	000181750008
000194018805	OLICAMP VECTOR STOVE	17.9700	17.9700	29.95	CAMPING & OUTDOORS	43	5	4.00		1	000194018805
000194029993	OLICAMP VECTOR STOVE W POT	29.9900	29.9900	49.98	CAMPING & OUTDOORS	43	5	1.00		1	000194029993
000194031262	PARACORD 50 FT NAVY	2.8000	2.8000	5.09	CAMPING & OUTDOORS	43	0	0.00		1	000194031262
000194031279	PARACORD 50 FT HUNTER GRN	2.8000	2.8000	4.67	CAMPING & OUTDOORS	43	0	0.00		1	000194031279
000194031354	PARACORD 100 FT ROYAL	4.9200	4.9200	7.99	CAMPING & OUTDOORS	43	0	0.00		1	000194031354
000194031415	PARACORD 100 FT NEON	4.8500	4.8500	8.82	CAMPING & OUTDOORS	43	0	0.00		1	000194031415
000194035574	OLICAMP SM 3.5OZ	2.2687	2.2500	4.69	CAMPING & OUTDOORS	43	5	40.00		1	000194035574
000194035581	OLICAMP MED 8.1OZ	3.0044	3.0000	6.25	CAMPING & OUTDOORS	43	5	48.00		1	000194035581
000194035598	OLICAMP LG 15.8OZ	5.0233	5.0000	10.41	CAMPING & OUTDOORS	43	5	25.00		1	000194035598
000194053318	REFUGE LITE HAMMOCK L BLUE	17.9700	17.9700	29.95	CAMPING & OUTDOORS	43	1	2.00		1	000194053318
0001940568216	DONT GET LOST OUT THERE DECK	4.7700	4.7700	9.99	GENERAL MERCHANDISE	22	12	0.00		1	0001940568216
000194058146	WOOL BLNKT EMERGENCY	17.9900	17.9900	35.98	CAMPING & OUTDOORS	43	1	8.00		1	000194058146
000194259536	WHAMO GLOW IN THE DARK FRISBEE	6.2500	6.2500	12.99	CAMPING & OUTDOORS	43	4	5.00		1	000194259536
000194341255	CYPHER FRISBEE	6.8300	6.8300	13.99	GENERAL MERCHANDISE	22	12	5.00		1	000194341255
000194588018	RAGG MITTEN MED	9.6600	9.6600	18.99	GENERAL MERCHANDISE	22	7	6.00		1	000194588018
000194589565	RAGG GLOVE MED	9.6600	9.6600	18.99	GENERAL MERCHANDISE	22	7	-1.00		1	000194589565
020000010007	AAA BATTERY	0.3053	0.3053	0.72	GENERAL MERCHANDISE	22	2	0.00		1	000200000107
020000020006	AA BATTERY	0.2280	0.2280	0.57	GENERAL MERCHANDISE	22	2	0.00		1	000200000206
020000040004	D BATTERY	1.0408	1.0408	1.91	GENERAL MERCHANDISE	22	2	0.00		1	000200000404
020000050003	9V BATTERY	1.2488	1.2488	2.50	GENERAL MERCHANDISE	22	2	0.00		1	000200000503
000298100017	CHUMS ASST	3.6000	3.6000	5.99	CAMPING & OUTDOORS	43	0	0.00		1	000298100017
00061551	ONIONS SALTY DOG $2.85	1.7344	2.0000	2.85	PRODUCE	18	3	32.00		1	00061551
000651961002	CAULI OCEAN MIST OG	7.0750	7.0750	4.39	PRODUCE	18	2	0.00		1	000651961002
000651961057	LETTUCE  ROMAINE OG BAG	1.9542	3.9000	5.50	PRODUCE	18	2	0.00		1	000651961057
000651967004	BROCCOLI BUNCH	2.3786	2.3786	3.40	PRODUCE	18	2	14.00		1	000651967004
000680000024	DESERT TEA TREE OIL	5.3779	5.3779	7.68	HEALTH & BEAUTY CARE	21	0	1.00		1	000680000024
000774316017	B FROG QUIK STIK SPF50 C/	3.6158	3.6158	6.57	HEALTH & BEAUTY CARE	21	6	0.00		1	000774316017
002100000102	LARGE PINION	17.7391	18.0000	25.71	HEALTH & BEAUTY CARE	21	6	20.00		1	002100000102
002100001109	MED PINION	14.0000	14.0000	20.00	HEALTH & BEAUTY CARE	21	6	12.00		1	002100001109
002100011108	SM PINION	9.0000	9.0000	12.86	HEALTH & BEAUTY CARE	21	6	7.00		1	002100011108
002100111105	PINION LIP BALM	0.0000	0.0000	4.25	HEALTH & BEAUTY CARE	21	6	0.00		1	002100111105
002101111104	XLARGE PINION	20.0000	20.0000	30.00	HEALTH & BEAUTY CARE	21	5	0.00		1	002101111104
002111111101	LIP BALM PINION	3.1250	3.1250	5.00	HEALTH & BEAUTY CARE	21	0	6.00		1	002111111101
002212002902	LG PINION CREAM	0.0000	12.0000	23.95	HEALTH & BEAUTY CARE	21	6	0.00		1	002212002902
002600003047	ELMERS GLUE 4OZ	0.0000	0.0000	2.29	GENERAL MERCHANDISE	22	4	0.00		1	002600003047
003000000018	20 OZ COFFEE (LARGE)	0.3500	0.8500	2.25	HOT BEVERAGES	30	1	-2755.00		1	003000000018
003000000025	HOT TEA NEW CUP	0.2500	0.2500	1.99	HOT BEVERAGES	30	2	-198.00		1	003000000025
003000000032	REFILL 20 OZ COFFEE	0.1500	0.1500	1.99	HOT BEVERAGES	30	1	-1199.00		1	003000000032
0040818069516	GRAVITYWORKS 2.0L	40.0000	40.0000	82.99	CAMPING & OUTDOORS	43	1	0.00		1	0040818069516
008274000078	REEDS EXTRA GINGER BEER	0.0000	0.0000	2.02	COLD BEVERAGES	7	1	0.00		1	008274000078
008274002010	REEDS SPICED APPLE CIDER	3.5028	3.5028	5.84	COLD BEVERAGES	7	4	0.00		1	008274002010
008274004687	REEDS GNGR BR BTL SNGL	1.3200	1.3200	2.02	COLD BEVERAGES	7	1	0.00		1	008274004687
008274006650	REEDS REAL GINGER ALE SNGL	0.9500	0.9500	1.58	COLD BEVERAGES	7	1	0.00		1	008274006650
008274444445	REEDS EXTRA GINGER BREW	5.7394	5.7394	8.20	COLD BEVERAGES	7	1	0.00		1	008274444445
008274484847	REEDS STRONGST GNGR BREW	5.7394	5.7394	8.44	COLD BEVERAGES	7	1	0.00		1	008274484847
008274665000	REEDS REAL GINGER ALE PK	3.6639	3.6639	5.69	COLD BEVERAGES	7	1	0.00		1	008274665000
008660000019	ZIG ZAG OG	1.7921	1.8271	2.44	TOBACCO, OTHER	3	3	23.00		1	008660000019
008660000040	ZIG ZAG  KUTCORNERS	1.7974	1.8271	2.17	TOBACCO, OTHER	3	3	46.00		1	008660000040
008660000187	ZIG ZAG PAPER CONES 1 1/4	1.0320	1.0500	1.24	TOBACCO, OTHER	3	3	0.00		1	008660000187
008660007322	ZIG ZAG 1 1/4 ULTRA THIN	1.8298	1.8312	2.35	TOBACCO, OTHER	3	3	22.00		1	008660007322
008660007384	ZIG ZAG ORG HEMP PAPER 1	0.9917	0.9917	1.69	TOBACCO, OTHER	3	3	20.00		1	008660007384
008660007407	ZIG ZAG 1 1/4 UNBLEACHED	0.9917	0.9917	1.59	TOBACCO, OTHER	3	3	28.00		1	008660007407
008660007698	ZIG ZAG PAPER CONES UNBLC	1.0476	1.0200	1.89	TOBACCO, OTHER	3	3	40.00		1	008660007698
008660008701	ZIG ZAG PAPER CONE 70S UN	1.1126	1.1039	1.99	TOBACCO, OTHER	3	3	19.00		1	008660008701
008676420009	WOOL WATCH CAP BLK	8.9900	8.9900	17.99	GENERAL MERCHANDISE	22	7	0.00		1	008676420009
008676941122	XEIRA CAMO BEANIE	6.9900	6.9900	13.99	GENERAL MERCHANDISE	22	7	0.00		1	008676941122
009100382276	FRAM OIL FILTER	0.0000	0.0000	7.99	AUTOMOTIVE PRODUCTS	24	0	0.00		1	009100382276
009114751006	BAR CHAIN	0.0000	8.0000	13.33	AUTOMOTIVE PRODUCTS	24	6	0.00		1	009114751006
009800895007	NUTELLA	4.5000	4.5000	7.59	EDIBLE GROCERY	19	8	0.00		1	009800895007
009971150004	PEAS  SUGAR SNAP	2.0531	2.0590	3.05	PRODUCE	18	2	0.00		1	009971150004
010700000088	JOLLY RANCHER LOLLY POP	0.1728	0.1728	0.27	CANDY	8	3	-2.00		1	010700000088
010700015594	B B I/C HEATH	1.5688	1.5688	2.61	ICE CREAM	12	2	0.00		1	010700015594
010700023858	WHOPPERS	1.0938	1.0938	1.82	CANDY	8	2	0.00		1	010700023858
010900000215	REYNOLDS FOIL HEAVY DUTY	6.2400	6.2400	10.49	HOUSEHOLD/CLEANING	20	2	11.00		1	010900000215
010900080316	REYNOLDS FOIL	2.4300	2.4300	4.42	HOUSEHOLD/CLEANING	20	2	-1.00		1	010900080316
011000004059	PYRAMID CLASSIC BOX	7.8098	8.2200	9.72	CIGARETTES	2	0	27.00		1	011000004059
011000004066	PYR BLUE 100 BOX	5.5897	5.6800	7.57	CIGARETTES	2	0	0.00		1	011000004066
011000004080	PYRAMID RED 100's Pack	6.1539	6.2620	8.35	CIGARETTES	2	5	0.00		1	011000004080
011000004929	PYRAMID RED BOX	6.5870	6.5870	8.78	CIGARETTES	2	0	0.00		1	011000004929
011111614246	DOVE SOAP WHITE REG	2.4400	2.4400	3.49	HEALTH & BEAUTY CARE	21	6	1.00		1	011111614246
011132000400	ALPO DOG FOOD BEEF	4.2939	4.1300	6.88	HOUSEHOLD/CLEANING	20	5	0.00		1	011132000400
011152150635	DYN PANKO BREAD CRUMBS	2.8624	2.8624	4.22	EDIBLE GROCERY	19	7	8.00		1	011152150635
011152285894	NISHIKI PREMIUM RICE	5.9692	5.9692	0.00	EDI/UNKNOWN	99	0	0.00		1	011152285894
011206000343	ES TAMARI SESAM RICE SNP	2.3891	2.3891	3.98	SNACKS - SALTY	15	6	0.00		1	011206000343
011206000367	ES NS SESAME BRN RICE SN	2.4170	2.4240	4.04	SNACKS - SALTY	15	5	0.00		1	011206000367
011206000374	ES ONION GAR BRN RC SNPS	2.3645	2.3645	3.94	SNACKS - SALTY	15	5	0.00		1	011206000374
011206001135	SMARTIES MINIS	0.0526	0.0526	0.08	CANDY	8	3	39.00		1	011206001135
011225131271	BAG SANDWICH BAG	0.0000	2.0000	3.33	HOUSEHOLD/CLEANING	20	2	0.00		1	011225131271
011284003014	JJ BAKERY APPLE PIE	0.0000	0.0000	0.99	SNACKS - BAKERY	16	1	0.00		1	011284003014
011284003113	JJS PEACH PIE	0.0000	0.0000	1.39	SNACKS - BAKERY	16	1	0.00		1	011284003113
011284003205	JJ BAKERY PUMPKIN SPICE PIE	0.0000	0.0000	0.99	SNACKS - BAKERY	16	1	0.00		1	011284003205
011284003472	JJ BAKERY CARAMEL APPLE PIE	0.0000	0.0000	0.99	SNACKS - BAKERY	16	1	0.00		1	011284003472
011863118702	SARVECCHIO PARM 5.3 OZ	3.3009	3.3008	4.72	DAIRY - OTHER	10	1	0.00		1	011863118702
012000000133	PEPSI CAN 12 OZ	0.5596	0.5596	0.93	COLD BEVERAGES	7	1	0.00		1	012000000133
012000000850	MT DEW CANS 12 OZ	0.5596	0.5596	0.93	COLD BEVERAGES	7	1	0.00		1	012000000850
012000001291	PEPSI BOTTLE 20 OZ	1.2558	1.2558	2.09	COLD BEVERAGES	7	1	0.00		1	012000001291
012000001314	MT DEW BOTTLE 20 OZ	1.2558	1.2558	2.09	COLD BEVERAGES	7	1	0.00		1	012000001314
012000001345	MT DEW BOTTLE 20 OZ  12 PK	1.2546	1.2558	2.09	COLD BEVERAGES	7	1	0.00		1	012000001345
012000001666	MT DEW DIET CAN 12 OZ	0.0000	0.5600	1.20	COLD BEVERAGES	7	1	0.00		1	012000001666
012000001772	STARBUCKS ESPRESSO	2.4967	2.4967	4.16	COLD BEVERAGES	7	5	0.00		1	012000001772
012000004520	STARBUCKS FRAPPUCINO MOCHA	2.4557	2.4992	4.17	COLD BEVERAGES	7	5	0.00		1	012000004520
012000006494	STARBUCKS FRAPPUCCINO 9.5OZ	2.2158	2.2158	3.69	COLD BEVERAGES	7	5	0.00		1	012000006494
012000008054	PEPSI DIET CAN 12 OZ	0.5596	0.5596	0.93	COLD BEVERAGES	7	1	0.00		1	012000008054
012000008993	MUG RT BR CAN 12 OZ	0.0000	0.7100	1.18	COLD BEVERAGES	7	1	0.00		1	012000008993
012000018800	PEPSI ZERO BOTTLE 20 OZ	1.2108	1.2108	2.02	COLD BEVERAGES	7	1	0.00		1	012000018800
012000150098	SIERRA MIST BOTTLE 20 OZ	1.1915	1.2558	2.09	COLD BEVERAGES	7	1	0.00		1	012000150098
012000162527	STARBUCKS COLD BREW	2.6892	2.6892	4.48	COLD BEVERAGES	7	5	0.00		1	012000162527
012000171741	PEPSI DIET (20 0Z) BOTTLES	1.2453	1.2558	2.09	COLD BEVERAGES	7	2	0.00		1	012000171741
012000171758	PEPSI DIET 12 OZ BOTTLE	2.0300	2.0300	3.38	COLD BEVERAGES	7	2	0.00		1	012000171758
012000184345	STUBBORN RT BR CAN 12 OZ	1.0833	1.0833	1.81	COLD BEVERAGES	7	1	0.00		1	012000184345
012000192869	STARBUCKS NITRO COLD 9.8 OZ	2.3948	2.4150	4.03	COLD BEVERAGES	7	5	0.00		1	012000192869
012000286193	PURE LEAF SWEET TEA	1.6533	1.6533	2.76	COLD BEVERAGES	7	6	0.00		1	012000286193
012000809972	MT DEW DIET CAN 12 OZ 12 PK	6.7150	6.7150	11.19	COLD BEVERAGES	7	1	0.00		1	012000809972
012354001350	19 CRIMES CAB SAUV 750ML	0.0000	12.9900	12.99	LIQUOR STORE	5	2	8.00		1	012354001350
012354081840	LINDEMAN'S CHARDONNAY	0.0000	8.9900	8.99	LIQUOR STORE	5	2	17.00		1	012354081840
0125-0297;C3	NEW ITEM	0.0000	0.0000	0.00	HEALTH & BEAUTY CARE	21	10	0.00		1	0125-0297;C3
012511201210	WHLSM BLUE AGAVE	4.7293	4.7296	7.16	EDIBLE GROCERY	19	4	7.00		1	012511201210
012511446413	WHLSM FT LT BRN SUGR	4.7117	4.7118	7.25	EDIBLE GROCERY	19	4	5.00		1	012511446413
012511446529	WHLSM FT DRK BRN SGR	4.7117	4.7118	7.12	EDIBLE GROCERY	19	5	6.00		1	012511446529
012511496326	WHLSM CANE SGR REGEN	4.4622	4.4622	6.37	EDIBLE GROCERY	19	5	0.00		1	012511496326
012511600006	WHLSM FT BLKSTRP MOL	4.8641	4.9038	7.41	EDIBLE GROCERY	19	5	-2.00		1	012511600006
012547339017	LISTERINE POCKETMIST	3.1500	3.1500	5.25	HEALTH & BEAUTY CARE	21	8	0.00		1	012547339017
012587000106	GLAD CLING WRAP	2.0352	2.1200	3.20	HOUSEHOLD/CLEANING	20	2	10.00		1	012587000106
012587000700	GLAD BAG GARBAGE TALL	4.1700	4.1700	7.04	HOUSEHOLD/CLEANING	20	2	1.00		1	012587000700
012587000809	GLAD BAG TRASH 30GL	4.0200	4.0200	6.55	HOUSEHOLD/CLEANING	20	2	8.00		1	012587000809
012587001806	GLAD BAG SANDWICH	2.0100	2.0100	3.65	HOUSEHOLD/CLEANING	20	2	0.00		1	012587001806
012587550502	GLAD LOCK STORAGE GL	1.9600	1.9600	3.56	HOUSEHOLD/CLEANING	20	2	7.00		1	012587550502
012587550526	GLAD LOCK STORAGE QT	2.3850	2.5000	3.69	HOUSEHOLD/CLEANING	20	2	-1.00		1	012587550526
012587572634	GLAD LOCK SANDWICH	1.9100	1.9100	3.47	HOUSEHOLD/CLEANING	20	2	5.00		1	012587572634
012587700280	GLAD BAG LAWN CLN-UP	5.8668	5.8600	9.55	HOUSEHOLD/CLEANING	20	6	8.00		1	012587700280
012587788707	GLAD STORAGE ZIPPER BAG S	0.9400	0.9400	1.79	HOUSEHOLD/CLEANING	20	2	0.00		1	012587788707
012993102012	LACROIX GRPFRT SPK	5.8058	5.8058	8.87	COLD BEVERAGES	7	2	0.00		1	012993102012
012993102029	LACROIX COCONUT SPK WTR	5.3196	5.3195	8.87	COLD BEVERAGES	7	2	0.00		1	012993102029
012993112059	LACROIX PSNFRT SPK WATER	4.9761	4.9761	8.87	COLD BEVERAGES	7	2	0.00		1	012993112059
012993112080	LACROIX KY LME SPK WATER	5.5481	5.5481	8.87	COLD BEVERAGES	7	2	0.00		1	012993112080
012993112097	WATER LACROIX HI-BISCS SPK WTR	4.9352	4.9761	8.87	COLD BEVERAGES	7	2	0.00		1	012993112097
012993112103	LACROIX WTRMELON SPK WTR	6.0101	6.0100	8.87	COLD BEVERAGES	7	2	1.00		1	012993112103
012993112110	LACROIX LMNCLLO SPK WTR	6.0101	6.0100	8.54	COLD BEVERAGES	7	2	2.00		1	012993112110
012993221058	LA CROIX TANG 8 CN	0.0000	0.0000	8.87	COLD BEVERAGES	7	2	0.00		1	012993221058
012993221294	LACROIX ORANGE SPK WATER	3.6339	3.6339	6.06	COLD BEVERAGES	7	2	0.00		1	012993221294
012993221300	LACROIXLEMON 8PK	0.0000	3.9900	5.99	COLD BEVERAGES	7	2	0.00		1	012993221300
012993221331	LACROIX PURE SPK WATER	4.0521	4.0521	6.75	COLD BEVERAGES	7	2	0.00		1	012993221331
013000001243	HEINZ KETCHUP	2.7343	2.6700	4.43	EDIBLE GROCERY	19	7	4.00		1	013000001243
013000001373	HEINZ RELISH SWEET SQUEEZ	2.5100	2.5100	4.18	EDIBLE GROCERY	19	7	0.00		1	013000001373
013000008273	HEINZ ACV 1 GAL	13.2100	13.2100	15.50	EDIBLE GROCERY	19	7	0.00		1	013000008273
013000530507	HEINZ MUSTARD	0.0624	0.0624	0.00		3001	0	500.00		1	013000530507
013000530606	HEINZ MUSTARD PC	0.0000	0.0470	0.00		3001	0	0.00		1	013000530606
013000531405	HEINZ MAYONNAISE	0.0000	0.1949	0.00		3016	0	0.00		1	013000531405
013000531702	HEINZ MAYONNAISE PC	0.2381	0.2381	0.00		3016	0	200.00		1	013000531702
013000980104	HEINZ KETCHUP 9G	0.0000	0.0691	0.00	STORE USE/SUPPLY	94	0	0.00		1	013000980104
013000983204	HEINZ KETCHUP 9G PC	0.0000	0.0730	0.00		3016	0	0.00		1	013000983204
013000993906	HEINZ WHITE VINEGAR	5.4852	5.4850	8.44	HOUSEHOLD/CLEANING	20	2	2.00		1	013000993906
013562000456	AH CLASSIC MAC & CHS	2.6095	2.6095	3.96	EDIBLE GROCERY	19	6	9.00		1	013562000456
013562000524	AH HONEY GRAHAM CRKR	5.3213	5.3269	8.64	SNACKS - BAKERY	16	3	10.00		1	013562000524
013562000531	AH CHEDDER SQUARES	4.3349	4.3349	7.14	SNACKS - SALTY	15	5	13.00		1	013562000531
013562002429	ANNIES FRUIT TAPE VRTY	0.0000	0.0000	10.69	SNACKS - OTHER	17	4	0.00		1	013562002429
013562121854	AH BNNY GRHMS S MORE	4.2190	4.2190	7.03	SNACKS - OTHER	17	0	0.00		1	013562121854
013562300396	ANNIES CLASSIC MAC & CHS	3.5026	3.5034	5.75	EDIBLE GROCERY	19	6	0.00		1	013562300396
013562474073	AH DBL CHOC BRWNI MX	5.9651	5.9651	9.94	EDIBLE GROCERY	19	4	0.00		1	013562474073
013562493999	AH CHED SQUARES CRKR	5.1276	5.1364	8.33	SNACKS - SALTY	15	5	0.00		1	013562493999
013562610013	ANNIES RCE PASTA & CHS	3.5360	3.5472	5.75	EDIBLE GROCERY	19	6	11.00		1	013562610013
013600000127	D C KOSHER SALT BOX	8.2490	8.2490	12.50	EDIBLE GROCERY	19	12	3.00		1	013600000127
013658112896	E-TOOL SHOVEL	52.0000	52.0000	80.00	CAMPING & OUTDOORS	43	0	6.00		1	013658112896
013764027039	DKB GOOD SEED BREAD	5.3924	6.0356	8.99	BREADS	14	1	0.00		1	013764027039
013764027121	OG2 DKB GOOD SD THIN BRD	5.4129	5.4129	0.00	EDI/UNKNOWN	99	0	0.00		1	013764027121
013764027138	DKB 21 WG THIN BREAD	5.4129	5.4129	8.33	BREADS	14	1	6.00		1	013764027138
013764027220	DKB WHT BRD DONE RT	6.1498	6.1498	9.46	BREADS	14	1	-8.00		1	013764027220
013764027282	DKB POWERSEED 6.5OZ	6.1498	6.1498	9.46	BREADS	14	1	7.00		1	013764027282
013764028135	DKB ENG MUFF CLASSIC	5.3118	5.3118	8.85	BREADS	14	1	0.00		1	013764028135
013764028449	DKB TRL MX CRMBL BAR	1.6725	1.6353	2.73	SNACKS - OTHER	17	3	1.00		1	013764028449
013964576740	STICKER HEART UTAH FLAKE	1.5920	1.5920	3.98	GENERAL MERCHANDISE	22	6	0.00		1	013964576740
014045324076	COLEMAN PROPANE FUEL	7.8400	7.8400	12.39	CAMPING & OUTDOORS	43	5	5.00		1	014045324076
014045324236	PROPANE FUEL  COLEMAN	5.2925	5.2925	8.82	CAMPING & OUTDOORS	43	5	0.00		1	014045324236
014100045526	P FARMS GOLDFISH CHED	0.9850	0.9850	1.69	SNACKS - SALTY	15	0	0.00		1	014100045526
014100074724	P FARMS CKIE MILANO DBL C	4.4238	4.3900	8.09	SNACKS - BAKERY	16	3	1.00		1	014100074724
014100085478	P FARMS GOLDFISH CHED	3.4800	3.4800	4.35	SNACKS - SALTY	15	0	0.00		1	014100085478
014100088844	P FARMS CKIE MILANO	0.9588	0.9588	1.60	SNACKS - BAKERY	16	3	0.00		1	014100088844
014113910088	WNDRFL PISTACHIOS 5 OZ	3.1563	3.1562	5.24	SNACKS - OTHER	17	5	0.00		1	014113910088
014113910132	WNDRFUL PISTACHIOS	0.0000	0.0000	5.09	SNACKS - SALTY	15	0	0.00		1	014113910132
014113910859	WNDRFL PSTCH CHILI NO SH	5.5394	5.5394	9.23	SNACKS - SALTY	15	0	0.00		1	014113910859
014113910866	WONDERFUL PISTACHIOS NS H	3.0475	3.0475	5.01	SNACKS - OTHER	17	5	0.00		1	014113910866
014113910873	WONDERFUL PISTACHIOS NS C	3.0475	3.0475	5.09	SNACKS - OTHER	17	5	0.00		1	014113910873
014113913331	WONDERFUL PISTACHOS SWT CHILI	0.0000	0.0000	1.69	SNACKS - OTHER	17	5	0.00		1	014113913331
014160000015	GREEN COOLIE SINCLAIR	0.8000	0.8000	1.99	GENERAL MERCHANDISE	22	6	-15.00		1	014160000015
014160000022	INFLATABLE DINO SINCLAIR	0.0000	0.0000	10.00	GENERAL MERCHANDISE	22	6	5.00		1	014160000022
014160000039	RED COOLIE SINCLAIR	4.5000	4.5000	9.00	GENERAL MERCHANDISE	22	6	11.00		1	014160000039
014160000046	COLOR SOCKS SINCLAIR	6.0000	6.0000	12.00	GENERAL MERCHANDISE	22	6	1.00		1	014160000046
014160000053	SHOT GLASS SINCLAIR	0.0000	0.0000	13.50	GENERAL MERCHANDISE	22	6	8.00		1	014160000053
014160000060	PLUSH DINO SINCLAIR	0.0000	0.0000	10.00	GENERAL MERCHANDISE	22	0	4.00		1	014160000060
014160000077	SINCLAIR DINO SOAP	0.0000	0.0000	4.00	GENERAL MERCHANDISE	22	0	1.00		1	014160000077
014160000084	SINCLAIR DINO STICKER	0.0000	0.0000	2.00	GENERAL MERCHANDISE	22	0	69.00		1	014160000084
014160000091	STRESS BALL DINO SINCLAIR	0.0000	0.0000	5.00	GENERAL MERCHANDISE	22	0	3.00		1	014160000091
014160000107	SINCLAIR DINO TATTOO	0.0000	0.0000	0.25	GENERAL MERCHANDISE	22	0	61.00		1	014160000107
014160000114	SINCLAIR DINO KEYCHAIN	0.0000	0.0000	1.25	GENERAL MERCHANDISE	22	0	1.00		1	014160000114
014160000121	HAND SAN SINCLAIR	0.0000	0.0000	2.50	HEALTH & BEAUTY CARE	21	6	10.00		1	014160000121
014160000138	TUMBLER SINCLAIR	0.0000	0.0000	16.00	GENERAL MERCHANDISE	22	6	5.00		1	014160000138
014160000145	CARABINER BRL OPNR SINCLAIR	0.0000	0.0000	2.99	HOUSEHOLD/CLEANING	20	2	8.00		1	014160000145
014160000152	CHIP CLIP SINCLAIR	0.0000	0.0000	1.99	GENERAL MERCHANDISE	22	0	10.00		1	014160000152
014160000169	PET BOWL SINCLAIR	0.0000	0.0000	12.99	HOUSEHOLD/CLEANING	20	5	3.00		1	014160000169
014168016117	SINCLAIR HD 30	4.3000	4.3000	7.17	AUTOMOTIVE PRODUCTS	24	1	0.00		1	014168016117
014168016148	SINCLAIR ARCTIC ATF/DEX I	3.2767	3.2767	5.49	AUTOMOTIVE PRODUCTS	24	2	0.00		1	014168016148
014168018005	SINCLAIR 0W-20 SYNTH	4.5833	4.5833	7.64	AUTOMOTIVE PRODUCTS	24	1	1.00		1	014168018005
014168018425	SINCLAIR 15W-40 BLEND	4.1243	3.7500	6.25	AUTOMOTIVE PRODUCTS	24	1	17.00		1	014168018425
014168018494	SINCLAIR 5W-20 BLEND	4.0527	3.7500	6.25	AUTOMOTIVE PRODUCTS	24	1	5.00		1	014168018494
014168018500	SINCLAIR 5W-30 BLEND	3.7500	3.7500	6.25	AUTOMOTIVE PRODUCTS	24	1	0.00		1	014168018500
014168018890	SINCLAIR 10W-30 BLEND	3.8690	3.7500	6.25	AUTOMOTIVE PRODUCTS	24	1	0.00		1	014168018890
014168018968	SINCLAIR 10W-40 BLEND	3.7500	3.7500	6.25	AUTOMOTIVE PRODUCTS	24	1	1.00		1	014168018968
014168018982	SINCAIR TRANS FLUID MULTI VEH	3.9091	3.7500	6.25	AUTOMOTIVE PRODUCTS	24	2	3.00		1	014168018982
014168019002	SINCLAIR 5W-30 SYNTH	4.5833	4.5833	7.64	AUTOMOTIVE PRODUCTS	24	1	0.00		1	014168019002
014200533107	SUGAR BABIES	1.0115	1.0196	1.70	CANDY	8	3	0.00		1	014200533107
014400300004	BALL LID & BAND REG MOUTH	7.8000	7.8000	11.14	HOUSEHOLD/CLEANING	20	2	21.00		1	014400300004
014400310003	BALL LID REG MOUTH	4.4000	4.4000	6.29	HOUSEHOLD/CLEANING	20	2	28.00		1	014400310003
014400400001	BALL LID & BAND WIDE MOUTH	10.5000	10.5000	15.00	HOUSEHOLD/CLEANING	20	2	22.00		1	014400400001
014400420009	BALL LID WIDE MOUTH	6.2000	6.2000	8.86	HOUSEHOLD/CLEANING	20	2	29.00		1	014400420009
014400600005	BALL REG MTH JAR W/LID	13.4788	13.4788	18.52	HOUSEHOLD/CLEANING	20	2	4.00		1	014400600005
014400610004	BALC REG MTH JAR W/LID	14.4002	14.7528	20.27	HOUSEHOLD/CLEANING	20	2	3.00		1	014400610004
014400620003	BALC REG MTH JAR W/LID	17.2521	17.2521	23.00	HOUSEHOLD/CLEANING	20	2	0.00		1	014400620003
014400655005	BALC JAR WIDE MTH W/LIDS	0.0000	0.0000	0.00	HOUSEHOLD/CLEANING	20	2	0.00		1	014400655005
014400660009	BALL WIDEMOUTH 16oz	17.0284	17.0284	23.41	HOUSEHOLD/CLEANING	20	2	10.00		1	014400660009
014400670008	BALL WIDEMTH CANNING JAR	19.4791	19.4791	26.77	HOUSEHOLD/CLEANING	20	2	10.00		1	014400670008
014400681004	BALL JAR HLF GAL W/LIDS	17.1646	17.1646	22.89	HOUSEHOLD/CLEANING	20	2	2.00		1	014400681004
014400804007	BALL JAR QULTD CRYS 4 OZ	13.8095	13.8095	18.41	HOUSEHOLD/CLEANING	20	2	7.00		1	014400804007
014668410019	MAND CUTIES	4.6200	4.6200	6.72	PRODUCE	18	1	0.00		1	014668410019
014668510009	KIWIS	4.4600	4.4600	5.95	PRODUCE	18	1	0.00		1	014668510009
014668751501	GRAPES CANDYLAND	2.8600	2.8600	3.49	PRODUCE	18	1	0.00		1	014668751501
014668795017	GRAPES GREEN AIR CHIEF	5.7875	5.7875	7.42	PRODUCE	18	1	0.00		1	014668795017
014668795031	GRAPES AIR CHIEF	5.2208	5.1250	7.32	PRODUCE	18	1	0.00		1	014668795031
014668795048	GRAPES GREEN AIR CHIEF	6.2000	6.2000	8.27	PRODUCE	18	1	0.00		1	014668795048
014668795062	GRAPES BLK AIR CHIEF	6.4125	6.4125	9.16	PRODUCE	18	1	8.00		1	014668795062
014717534857	WINE TUMBLER 2PK 8OZ BLACK	23.3800	23.7200	29.99	CAMPING & OUTDOORS	43	5	-1.00		1	014717534857
014800582000	REALIME	0.4300	0.4300	0.79	COLD BEVERAGES	7	4	0.00		1	014800582000
014800582154	REALEMON LEMON JUICE PLAS	0.4300	0.4300	0.79	COLD BEVERAGES	7	4	0.00		1	014800582154
014974211263	WOODCHUCK PEAR CID 355ML 6PK	15.0000	15.0000	15.00	LIQUOR STORE	5	5	5.00		1	014974211263
015203000153	WAS OUR SHARE 6PK	9.1625	9.1625	13.09	BEER-GS	4	5	0.00		1	015203000153
015203000252	WAS TOP OF MAIN GINGER	9.1625	9.1625	13.09	BEER-GS	4	5	0.00		1	015203000252
015203000290	WAS LAST1DOWN 18PK	15.5310	15.3000	26.42	BEER-GS	4	5	6.00		1	015203000290
015203000320	WASATCH SALT LIME CERV	8.3875	8.3875	13.09	BEER-GS	4	5	6.00		1	015203000320
015203000474	LAST ONE DOWN	15.3000	15.3000	21.86	BEER-GS	4	5	2.00		1	015203000474
015203122008	WASATCH SUMMER DUO	13.6000	13.6000	22.67	BEER-GS	4	0	0.00		1	015203122008
015203122121	WASATCH PARTY BOX 12pk CANS	16.4450	16.4450	23.49	BEER-GS	4	6	0.00		1	015203122121
015203152005	WASATCH APRICOT HEF 6PK	8.3875	8.3875	13.09	BEER-GS	4	5	0.00		1	015203152005
015203193015	WASATCH SEASONAL 6pk CANS	9.0850	8.3875	13.09	BEER-GS	4	0	2.00		1	015203193015
015203274479	BRIGAMS BREW RT BR BOTTLE	1.1250	1.1250	1.88	COLD BEVERAGES	7	1	0.00		1	015203274479
015203284447	BRIGHAM CREME SODA	1.1250	1.1250	1.88	COLD BEVERAGES	7	1	0.00		1	015203284447
015203284478	BRIGAMS CREAM SODA	1.1300	1.1300	1.88	COLD BEVERAGES	7	1	0.00		1	015203284478
015203294477	BRIGHAM PEACH&CREAM	1.1250	1.1250	1.88	COLD BEVERAGES	7	1	0.00		1	015203294477
015203612004	WASATCH POLYGMY	8.3875	8.3875	13.09	BEER-GS	4	6	6.00		1	015203612004
015203612127	WASATCH EVO 6 CAN	8.3875	8.3875	13.09	BEER-GS	4	6	7.00		1	015203612127
015203710007	SNAP DOWN 6pk CANS	7.5875	7.5875	10.84	BEER-GS	4	6	0.00		1	015203710007
015203940107	WASATCH ISLAND HOP IPA 6pk CANS	7.5875	7.5875	11.67	BEER-GS	4	1	0.00		1	015203940107
015204113111	ROCKYMOUNTAIN FIRST LIGHT EGGS	4.0807	4.0807	5.83	DAIRY - OTHER	10	2	0.00		1	015204113111
015400033695	FLEX STRAWS	0.5560	0.5560	1.39	HOUSEHOLD/CLEANING	20	2	0.00		1	015400033695
015665602001	PIRATES WHT CHD NON GMO	2.8640	2.8640	4.72	SNACKS - SALTY	15	4	0.00		1	015665602001
015665602049	PIRATEBOOTY  1 OZ	0.0000	0.0000	0.85	SNACKS - SALTY	15	4	0.00		1	015665602049
015700147016	MEADOW GOLD WHOLE MILK	2.8090	2.8100	3.49	DAIRY - FLUID	9	1	1.00		1	015700147016
015700148013	MEADOW GOLD WHOLE MILK	1.6900	1.6900	2.41	DAIRY - FLUID	9	1	0.00		1	015700148013
015700162552	MEADOW GOLD MILK 2%	2.5600	2.5600	3.41	DAIRY - FLUID	9	1	0.00		1	015700162552
015700163108	MEADOW GOLD MILK 2%	1.6800	1.6800	2.40	DAIRY - FLUID	9	1	0.00		1	015700163108
015700164532	MEADOW GOLD WHOLE MILK	1.0200	1.0200	1.46	DAIRY - FLUID	9	1	-12.00		1	015700164532
015700164587	MEADOW GOLD EGG NOG	1.6000	1.6000	2.29	DAIRY - FLUID	9	0	0.00		1	015700164587
015700251027	MEADOW GOLD COTTAGE CHEES	2.9600	3.0300	4.33	DAIRY - OTHER	10	6	0.00		1	015700251027
015800030119	C & H SUGAR GRANULATED	1.9080	1.9800	3.39	EDIBLE GROCERY	19	5	0.00		1	015800030119
015800030621	C & H SUGAR GRANULATED	3.8300	3.8300	6.91	EDIBLE GROCERY	19	5	8.00		1	015800030621
015839008233	GARDEN REDHOT BLUES	4.1625	5.4492	7.80	SNACKS - SALTY	15	2	0.00		1	015839008233
015839008691	GARDEN BLUE CRN RED HOT	4.1680	4.1680	5.88	SNACKS - SALTY	15	2	-1.00		1	015839008691
015839008714	GARDEN BLUE CORN CHIP	3.4899	3.4899	5.88	SNACKS - SALTY	15	2	0.00		1	015839008714
015839020204	GARDEN BLUE CHIP FIESTA	5.8777	5.9675	9.95	SNACKS - SALTY	15	2	0.00		1	015839020204
015839096797	GOE RED HOT BLU CHIP	2.9588	2.9588	4.68	SNACKS - SALTY	15	2	19.00		1	015839096797
015839096803	GARDEN LIME WHT CRN CHP	2.4913	2.4913	4.15	SNACKS - SALTY	15	2	0.00		1	015839096803
015839096810	GARDEN SESME BLUE CHIP	2.3116	2.3116	3.87	SNACKS - SALTY	15	2	0.00		1	015839096810
015839096827	GARDEN BLUE CORN CHIP	2.9569	2.9588	4.81	SNACKS - SALTY	15	2	20.00		1	015839096827
016000122543	G MILLS CINN TOAST CRUNCH	6.0200	6.0200	9.26	EDIBLE GROCERY	19	2	1.00		1	016000122543
016000123991	G MILLS LUCKY CHARMS	6.0200	6.0200	10.29	EDIBLE GROCERY	19	2	2.00		1	016000123991
016000124790	CHEERIOS HONEYNUT	6.2556	6.2556	10.43	EDIBLE GROCERY	19	2	0.00		1	016000124790
016000126077	CHEX MIX BOLD PARTY BLEND	1.8050	1.8050	3.29	SNACKS - SALTY	15	0	2.00		1	016000126077
016000141599	G MILLS CEREAL CUP CHEERI	1.2964	1.2933	2.19	EDIBLE GROCERY	19	2	7.00		1	016000141599
016000150881	CHEX MAXD SPICY DILL	2.7025	2.7025	4.50	SNACKS - SALTY	15	0	0.00		1	016000150881
016000159402	CHEX MIX BOLD PARTY BLEND	3.0900	3.0900	5.61	SNACKS - SALTY	15	0	0.00		1	016000159402
016000275263	G MILLS CHEERIOS	5.8200	5.8200	9.79	EDIBLE GROCERY	19	2	3.00		1	016000275263
016000283701	BUGLES ORIGINAL	3.3050	3.3050	5.49	SNACKS - SALTY	15	0	0.00		1	016000283701
016000505346	GLDN GRAHAM TRT BAR CHOC	1.0675	1.0675	1.79	SNACKS - BAKERY	16	0	0.00		1	016000505346
016000506954	G MILLS CINN TOAST CRUNCH	1.2775	1.2775	2.13	SNACKS - BAKERY	16	0	0.00		1	016000506954
016169050039	ML KIMONO MICRO THIN REG	2.6354	2.6354	0.00	HEALTH & BEAUTY CARE	21	6	1.00		1	016169050039
016500040194	ALKA SLTZR ORIG ANTACID	3.9288	3.9500	6.27	HEALTH & BEAUTY CARE	21	1	2.00		1	016500040194
016741411128	S.E. ANASAZI BURRITO	3.0893	3.0893	4.59	FROZEN FOODS	13	1	0.00		1	016741411128
017000091532	DIAL GOLD LIQUID	1.8200	1.8200	3.03	HEALTH & BEAUTY CARE	21	6	0.00		1	017000091532
017082000033	JACK LINKS BEEF STEAK	0.0000	0.0000	2.59	SNACKS - OTHER	17	1	0.00		1	017082000033
017082000736	JACKLINKS TERRIYAKI	0.0000	0.0000	2.59	SNACKS - OTHER	17	1	0.00		1	017082000736
017082879820	JACKLINKS XXL	0.0000	0.0000	3.19	SNACKS - OTHER	17	0	0.00		1	017082879820
017082884008	JACK LINKS BF JRKY ORIG	25.2900	0.0000	25.29	SNACKS - OTHER	17	1	0.00		1	017082884008
017500044038	BON AMI POLISH & CLEANSR	1.6767	1.6767	2.40	HOUSEHOLD/CLEANING	20	4	5.00		1	017500044038
017800150149	PURINA CAT CHOW ORIGINAL	7.1599	8.0200	11.46	HOUSEHOLD/CLEANING	20	5	0.00		1	017800150149
017800168977	BEYOND CATFD NDR SAL/EGG	0.0000	0.0000	0.00	HOUSEHOLD/CLEANING	20	5	0.00		1	017800168977
017800404006	PURINA PUPPY CHOW	6.1100	6.1100	10.18	HOUSEHOLD/CLEANING	20	5	0.00		1	017800404006
017800410274	PURINA DOG CHOW COMPLETE	5.6800	5.6800	9.47	HOUSEHOLD/CLEANING	20	5	0.00		1	017800410274
017800450072	PURINA CAT CHOW ORIGINAL	2.4805	2.6300	4.38	HOUSEHOLD/CLEANING	20	5	0.00		1	017800450072
017800573092	PURINA O.N.E. LAMB & RICE	10.4400	10.4400	17.40	HOUSEHOLD/CLEANING	20	5	0.00		1	017800573092
017801797268	LIGHTBULB 29W 4PK	7.5250	7.5250	12.54	GENERAL MERCHANDISE	22	10	0.00		1	017801797268
017801797282	LIGHTBULB 43W 4PK	7.1750	7.0000	12.54	GENERAL MERCHANDISE	22	10	2.00		1	017801797282
017801797305	LIGHTBULB 53W 4PK	7.5250	7.5250	12.54	GENERAL MERCHANDISE	22	10	0.00		1	017801797305
017801797329	LIGHTBULB 72W 4PK	7.5250	7.5250	12.54	GENERAL MERCHANDISE	22	10	0.00		1	017801797329
017873705123	BLAKES CHICKEN POT PIE	3.1695	3.2212	5.37	FROZEN FOODS	13	1	0.00		1	017873705123
017924200904	LIGHTER ELECTRONIC	0.6320	0.6320	1.58	GENERAL MERCHANDISE	22	1	0.00		1	017924200904
017929000202	RED STAR ACTIVE YEAST PACKETS	2.2000	2.2000	3.06	EDIBLE GROCERY	19	4	7.00		1	017929000202
018200007712	BUDWEISER 12PK	11.8700	11.8700	18.26	BEER-GS	4	0	16.00		1	018200007712
018200007842	ODOULS	5.2425	5.2425	7.49	BEER-GS	4	0	0.00		1	018200007842
018200008016	BUSCH LIGHT 12PK	8.6900	8.6900	13.37	BEER-GS	4	3	6.00		1	018200008016
018200110474	BUDWEISER 12 PK CAN	11.3900	11.3900	16.27	BEER-GS	4	0	-9.00		1	018200110474
018200159831	BUD LIGHT LIME 12PK	11.3000	11.3000	16.14	BEER-GS	4	0	0.00		1	018200159831
018200200380	BUD ZERO 12 PK	11.8700	11.8700	17.58	BEER-GS	4	5	8.00		1	018200200380
018200200786	NATTY DADDY 355ML 15PK	16.3500	16.3500	16.35	LIQUOR STORE	5	1	6.00		1	018200200786
018200530470	BUDLITE 12PK	11.8700	11.8700	18.26	BEER-GS	4	3	2.00		1	018200530470
018200610479	BUSCH 12PK	8.6900	8.6900	13.37	BEER-GS	4	0	8.00		1	018200610479
018627703389	KASHI STRAW FLD CERL	5.4320	5.4533	8.39	EDIBLE GROCERY	19	2	0.00		1	018627703389
018780010539	ANG SEA SALT POPCORN	4.2012	4.2012	6.46	SNACKS - SALTY	15	4	0.00		1	018780010539
018780010553	ANGIES KETTLE PARTY	0.0000	0.0000	6.49	SNACKS - SALTY	15	4	0.00		1	018780010553
018787500927	DR B ARNICA MGC BLM	9.1107	9.1107	12.25	HEALTH & BEAUTY CARE	21	10	4.00		1	018787500927
018787761168	DR B ALMOND SOAP	8.0392	8.0523	11.59	HEALTH & BEAUTY CARE	21	6	3.00		1	018787761168
018787762165	DR B BABY MILD SOAP	7.5757	7.5757	11.59	HEALTH & BEAUTY CARE	21	6	-1.00		1	018787762165
018787763162	DR B EUCALYPTUS SOAP	8.0523	8.0523	11.59	HEALTH & BEAUTY CARE	21	6	0.00		1	018787763162
018787764169	DR B LAVENDER SOAP	8.0493	8.0523	11.59	HEALTH & BEAUTY CARE	21	6	2.00		1	018787764169
018787765166	DR B PEPPERMINT SOAP	8.0523	8.0523	11.59	HEALTH & BEAUTY CARE	21	6	0.00		1	018787765166
018787769164	DR B TTREE LIQ SOAP	7.6169	8.0523	11.59	HEALTH & BEAUTY CARE	21	6	-1.00		1	018787769164
018787771020	DR B ALMOND LIQ SOAP	2.0811	2.0811	3.39	HEALTH & BEAUTY CARE	21	6	0.00		1	018787771020
018787771327	DR B ALMND LQ SOAP	12.3799	12.3799	17.69	HEALTH & BEAUTY CARE	21	6	0.00		1	018787771327
018787772027	DR B BABY MILD LQ SP	2.2562	2.2562	3.10	HEALTH & BEAUTY CARE	21	6	0.00		1	018787772027
018787772324	DR B BBY MLD LQ SOAP	13.1579	13.1579	18.80	HEALTH & BEAUTY CARE	21	6	0.00		1	018787772324
018787773024	DR B EUCALYPTUS SOAP	2.2562	2.2562	3.10	HEALTH & BEAUTY CARE	21	6	0.00		1	018787773024
018787774021	DR B LIQ LAVENDER SP	2.2562	2.2562	3.11	HEALTH & BEAUTY CARE	21	6	3.00		1	018787774021
018787774328	OG3 DR B 18-1 PCMS LAV	13.1579	13.1579	0.00	EDI/UNKNOWN	99	0	0.00		1	018787774328
018787775028	DR B LIQ PEPPRMNT SP	2.2562	2.2562	3.11	HEALTH & BEAUTY CARE	21	6	4.00		1	018787775028
018787776025	DR B LIQ TTREE SOAP	2.0349	2.0811	3.10	HEALTH & BEAUTY CARE	21	6	0.00		1	018787776025
018787776322	OG3 DR B 18-1 PCMS TTREE	13.1579	13.1579	0.00	EDI/UNKNOWN	99	0	0.00		1	018787776322
018787777022	DR B CITRUS LIQ SOAP	2.2562	2.2562	3.11	HEALTH & BEAUTY CARE	21	6	2.00		1	018787777022
018787777169	DR B CITRUS LIQ SOAP	8.0523	8.0523	11.59	HEALTH & BEAUTY CARE	21	6	4.00		1	018787777169
018787778029	DR B ROSE LIQ SOAP	2.2562	2.2562	3.39	HEALTH & BEAUTY CARE	21	6	0.00		1	018787778029
018787778166	DR B ROSE LIQ SOAP	8.0523	8.0523	11.59	HEALTH & BEAUTY CARE	21	6	3.00		1	018787778166
018787778326	OG3 DR B 18-1 PCMS ROSE	13.1579	13.1579	0.00	EDI/UNKNOWN	99	0	0.00		1	018787778326
018787784051	DR B LAV BAR SOAP	3.2967	3.2967	5.07	HEALTH & BEAUTY CARE	21	6	0.00		1	018787784051
018788101093	SALT REAL SEA SALT	5.0758	5.0781	7.53	EDIBLE GROCERY	19	12	4.00		1	018788101093
018788101253	REDMOND RS SALT GRANULAR	83.8197	83.8197	0.00	EDI/UNKNOWN	99	0	0.00		1	018788101253
018788101406	REDMOND RS KSHR SLT/SHKR	4.6744	4.5596	7.53	EDIBLE GROCERY	19	12	8.00		1	018788101406
018788102106	REDMOND RS SALT SHAKER	3.4065	3.4337	5.28	EDIBLE GROCERY	19	12	0.00		1	018788102106
018788102502	REDMOND RS SALT POUCH	8.8128	8.8157	13.13	EDIBLE GROCERY	19	12	4.00		1	018788102502
018788104001	REDMOND RS SSLT FNE SHKR	2.3198	2.3198	3.49	EDIBLE GROCERY	19	12	0.00		1	018788104001
018788105244	REDMOND ERTH PSTE CINN	0.0000	0.0000	0.00	HEALTH & BEAUTY CARE	21	8	0.00		1	018788105244
018788105282	REDMOND ERTH PSTE PPRMNT	5.6112	5.6112	8.98	HEALTH & BEAUTY CARE	21	8	1.00		1	018788105282
018788105329	REDMOND ERTH PST WNTRGRN	5.9516	5.6112	8.44	HEALTH & BEAUTY CARE	21	8	2.00		1	018788105329
018788105701	REDMOND ERTH PSTE SPRMNT	5.9516	5.6112	9.06	HEALTH & BEAUTY CARE	21	6	2.00		1	018788105701
018788112334	RS SMOKED SALT CHERRY	5.9160	5.9160	8.46	EDIBLE GROCERY	19	12	1.00		1	018788112334
018788207245	REDMOND EP PPRMNT CHARCL	6.0975	6.0975	8.01	HEALTH & BEAUTY CARE	21	8	0.00		1	018788207245
018788902553	REDMOND BENT CLAY	9.8708	9.8708	14.10	HEALTH & BEAUTY CARE	21	6	1.00		1	018788902553
018944000505	ELMHRST OAT UNSWT	5.1206	5.1559	7.37	DAIRY - FLUID	9	4	0.00		1	018944000505
018944001038	ELM MILKED WALNUT UNSWTN	5.5060	5.5060	0.00	EDI/UNKNOWN	99	0	6.00		1	018944001038
018944001069	ELMHRST CASHEWS UNSW	5.5060	5.5060	7.87	DAIRY - FLUID	9	4	6.00		1	018944001069
019014610860	IAMS PRO HEALTH ADLT DOG	11.7838	11.7900	19.68	HOUSEHOLD/CLEANING	20	5	9.00		1	019014610860
019014712465	IAMS PRO HEALTH INDR CAT	10.5600	10.5600	19.39	HOUSEHOLD/CLEANING	20	5	0.00		1	019014712465
019014712564	IAMS PRO HEALTH ORIG W/CH	11.8620	11.9600	17.95	HOUSEHOLD/CLEANING	20	5	0.00		1	019014712564
019014805341	IAMS PRO HEALTH ADLT DOG	10.7200	10.7200	19.69	HOUSEHOLD/CLEANING	20	5	0.00		1	019014805341
019079502605	TEFLON TAPE	0.5000	0.5000	0.99	GENERAL MERCHANDISE	22	8	4.00		1	019079502605
019200000956	d-CON MOUSE TRAP	4.0700	4.0700	7.40	HOUSEHOLD/CLEANING	20	4	0.00		1	019200000956
019200850209	LYSOL P&F TOILET BOWL CLE	2.3459	2.3400	3.90	HOUSEHOLD/CLEANING	20	3	0.00		1	019200850209
019356551111	POMONAS UNIVERSAL PECTIN	4.6935	4.6935	6.26	EDIBLE GROCERY	19	0	20.00		1	019356551111
019373711215	DR TUNG SMART FLOSS DS	3.5023	3.5334	5.02	HEALTH & BEAUTY CARE	21	8	5.00		1	019373711215
019373732319	DR TUNG PERIOSTCKS XTHIN	2.5188	2.5188	3.60	HEALTH & BEAUTY CARE	21	8	1.00		1	019373732319
019373755912	DR TUNG ACTIV CHARCL FLO	3.5318	3.5318	5.43	HEALTH & BEAUTY CARE	21	8	1.00		1	019373755912
019373925209	DR TUNG TPWDR HRB SPRMNT	8.8724	8.8724	12.67	HEALTH & BEAUTY CARE	21	8	0.00		1	019373925209
019373951154	DR TUNG TBRSH SANITZER	5.6567	5.9322	8.47	HEALTH & BEAUTY CARE	21	8	7.00		1	019373951154
019800001230	WINDEX SPRAY	2.7862	2.7700	4.62	HOUSEHOLD/CLEANING	20	4	0.00		1	019800001230
019800701956	WINDEX TRIGGER BLUE	4.9900	4.9900	8.09	HOUSEHOLD/CLEANING	20	4	1.00		1	019800701956
020662000330	NMS RANCH DRESSING	4.8512	4.8511	7.54	EDIBLE GROCERY	19	7	0.00		1	020662000330
020685001659	CAPEC POT CHIP ORIGINAL	6.5017	6.5017	10.27	SNACKS - SALTY	15	1	3.00		1	020685001659
020709012562	TROLLI STRWBRY PUFFS	0.0000	0.0000	2.99	CANDY	8	3	0.00		1	020709012562
021000026883	MIRACLE WHIP	0.0000	0.0000	6.58	EDIBLE GROCERY	19	7	0.00		1	021000026883
021000611201	PHILA CRCHZ POUCH	0.4768	0.4766	0.99	DAIRY - OTHER	10	0	61.00		1	021000611201
021000612239	KRAFT PHIL CREAM CHSE PLN	3.2900	3.2900	4.70	DAIRY - OTHER	10	0	0.00		1	021000612239
021136000009	TOPO 355ML	0.0000	0.0000	1.99	COLD BEVERAGES	7	2	0.00		1	021136000009
021136010374	TOPO CHICO MINERAL WATER	1.4118	1.3800	2.58	COLD BEVERAGES	7	2	40.00		1	021136010374
021136010381	TOPO CHICO LIME MIN WTR	0.0000	0.0000	0.00	COLD BEVERAGES	7	2	0.00		1	021136010381
021136010541	TOPO CHICO MINERAL WATER	1.3042	1.3042	2.17	COLD BEVERAGES	7	2	0.00		1	021136010541
021136010626	TOPO CHICO GLAS	2.1988	2.5431	3.86	COLD BEVERAGES	7	2	0.00		1	021136010626
021136010985	TOPO CHICO PLST	1.8475	1.8475	2.55	COLD BEVERAGES	7	2	0.00		1	021136010985
021136050462	TOPO CHICO MNRL WATER	14.7820	14.7820	0.00	EDI/UNKNOWN	99	0	0.00		1	021136050462
021136180596	TOPO CHICO MINERAL WATER	1.1608	1.1608	1.99	COLD BEVERAGES	7	2	0.00		1	021136180596
021200010231	SCOTCH TAPE MAGIC	1.7544	1.6000	2.69	GENERAL MERCHANDISE	22	4	6.00		1	021200010231
021200475924	POST-IT NOTES YLLW 3X3 PA	2.3800	2.3500	3.99	GENERAL MERCHANDISE	22	4	1.00		1	021200475924
021200495991	3M LINT ROLLER TRVL SZ	1.4255	1.5200	2.53	HEALTH & BEAUTY CARE	21	0	0.00		1	021200495991
021200516566	SCOTCH MAGIC TAPE	1.6000	1.6000	2.69	GENERAL MERCHANDISE	22	4	0.00		1	021200516566
021331016096	POWER BANK SOLAR	9.9500	9.9500	15.99	CAMPING & OUTDOORS	43	0	0.00		1	021331016096
021563101904	AQUASEAL REPAIR TENT KIT	5.2618	5.5300	9.49	CAMPING & OUTDOORS	43	1	8.00		1	021563101904
021563104103	AQUASEAL SHOE REPAIR	4.9400	4.9400	8.95	CAMPING & OUTDOORS	43	0	0.00		1	021563104103
021563104400	SILNET SILICONE TENT SEALER	5.3333	5.5300	8.95	CAMPING & OUTDOORS	43	1	6.00		1	021563104400
021563105100	SEALANT ADH	6.0000	6.0000	9.99	CAMPING & OUTDOORS	43	0	1.00		1	021563105100
0215631051O7	SEAM GRIP 1 OZ	5.4000	5.4000	9.49	CAMPING & OUTDOORS	43	1	0.00		1	0215631051O7
021563106916	TENACIOUS TAPE	3.6000	3.6000	5.99	GENERAL MERCHANDISE	22	4	-1.00		1	021563106916
021563291162	ZIPPER CLEANER LUB	3.8500	3.8500	5.95	CAMPING & OUTDOORS	43	0	0.00		1	021563291162
021563291179	ZIPPER CLEANER LUB	3.2900	3.2900	5.48	CAMPING & OUTDOORS	43	1	2.00		1	021563291179
021563800715	GEAR AID ZIPPER REPAIE	6.7100	6.9900	11.95	CAMPING & OUTDOORS	43	0	2.00		1	021563800715
021788016977	BISCOFF & GO CKIE BTR W/B	1.0300	1.0300	1.72	SNACKS - BAKERY	16	3	0.00		1	021788016977
021788916291	COOKIES BISCOFF	2.4954	2.4954	4.16	SNACKS - BAKERY	16	3	0.00		1	021788916291
021854002002	DUCT TAPE 2'X10YD	1.2000	1.2000	1.99	GENERAL MERCHANDISE	22	4	15.00		1	021854002002
021854002026	DUCT TAPE 2  30 YD	2.9500	2.9500	4.99	GENERAL MERCHANDISE	22	4	10.00		1	021854002026
021908241326	LARA COOKIEDGH MINI	0.6400	0.6400	1.07	SNACKS - OTHER	17	3	0.00		1	021908241326
021908455525	OG2 CASC HEARTY MORNING	5.8457	5.8457	0.00	EDI/UNKNOWN	99	0	0.00		1	021908455525
021908455563	CASC CINN CRNCH CERL	5.7854	5.7854	8.77	EDIBLE GROCERY	19	2	0.00		1	021908455563
021908507378	LARA BLUEBERRY MUFN BAR	1.4977	1.4976	2.50	SNACKS - OTHER	17	3	0.00		1	021908507378
021908509242	LARA CHERRY PIE BAR	1.2825	1.5730	2.62	SNACKS - OTHER	17	3	0.00		1	021908509242
021908515441	LARA LEMON BAR	1.5967	1.5967	2.66	SNACKS - OTHER	17	3	0.00		1	021908515441
021908515458	LARA KEY LIME PIE BAR	1.2825	1.2825	2.14	SNACKS - OTHER	17	3	0.00		1	021908515458
021908812649	FSTG SWT POTATO TORT CHP	2.4608	2.4608	4.15	SNACKS - SALTY	15	2	0.00		1	021908812649
021908965116	CASC FROZEN APPLE JU	3.9850	3.9850	6.64	FROZEN FOODS	13	4	0.00		1	021908965116
022000004864	ORBIT GUM PEPPERMINT	1.2056	1.2058	1.86	CANDY	8	1	8.00		1	022000004864
022000004895	ORBIT GUM BUBBLEMINT	1.2058	1.2058	1.86	CANDY	8	1	13.00		1	022000004895
022000005120	5 GUM PPRMNT CBLT	1.7327	1.8300	2.82	CANDY	8	1	2.00		1	022000005120
022000007681	ALTOIDS ARCTIC WINTERGREE	1.2738	1.2738	2.12	CANDY	8	1	0.00		1	022000007681
022000017888	WRIGLEY EXTRA POLAR ICE	0.0000	1.9500	3.25	CANDY	8	1	0.00		1	022000017888
022000019080	EXTRA CINNAMON GUM	1.3290	1.3290	2.04	CANDY	8	1	5.00		1	022000019080
022000019882	STARBURST ALL PINK	1.3471	1.3483	2.07	CANDY	8	3	21.00		1	022000019882
022000021748	STARBURST CHEWS DUOS SING	0.8863	0.8862	1.49	CANDY	8	3	0.00		1	022000021748
022000116024	5 GUM WTRMLN	1.5380	1.5380	2.56	CANDY	8	1	1.00		1	022000116024
022000159359	ALTOIDS CINNAMON	1.9167	1.9167	3.19	CANDY	8	1	0.00		1	022000159359
022000283818	ORBIT GUM MEGA PK PEPPERM	2.7404	2.7467	4.23	CANDY	8	1	8.00		1	022000283818
022000283863	ORBIT GUM MEGA PK SPEARMI	2.7467	2.7467	4.23	CANDY	8	1	5.00		1	022000283863
022014320509	NORTH COAST APPLE JUICE	0.0000	0.0000	11.97	COLD BEVERAGES	7	4	-6.00		1	022014320509
022014640201	N COAST APPLE CIDER	7.4818	7.4818	12.47	COLD BEVERAGES	7	4	0.00		1	022014640201
022014641208	N COAST CIDER APPLE	5.5382	5.3086	11.35	COLD BEVERAGES	7	4	0.00		1	022014641208
022014641604	N COAST CDR APL HNY	5.0426	5.0426	8.40	COLD BEVERAGES	7	4	0.00		1	022014641604
022100000049	PABST TALL BOY 24 oz CANS SINGLS	1.2700	1.2700	2.03	BEER-GS	4	0	26.00		1	022100000049
022100001701	PABST CANS 12 PACK	8.5960	8.6900	12.41	BEER-GS	4	0	14.00		1	022100001701
022100001718	PBR 24 PACK	14.9200	14.9200	20.72	BEER-GS	4	5	0.00		1	022100001718
022100112193	PBR 30 PACK	18.2400	18.2400	26.06	BEER-GS	4	5	2.00		1	022100112193
022224200707	WWLB LICORICE CLSC RED	0.0000	0.0000	0.00	CANDY	8	3	0.00		1	022224200707
022224200820	W WALLABY AUST LICORICE R	1.1700	1.1700	1.95	CANDY	8	3	0.00		1	022224200820
022224201001	W WALLABY LICORICE RED	3.5000	3.5000	5.83	CANDY	8	3	0.00		1	022224201001
022224201506	W WALLABY LICORICE RED	6.3400	6.3400	10.57	CANDY	8	3	0.00		1	022224201506
022224211161	W  WALLABY BLUE POM LICOR	3.1700	3.1700	5.28	CANDY	8	3	0.00		1	022224211161
022224213035	WWLB BLASTED BERRY LICRC	3.4738	3.4738	5.79	CANDY	8	3	0.00		1	022224213035
022224214117	W WALLABY BTS STRAWBERRY	2.7588	2.7588	4.60	CANDY	8	3	0.00		1	022224214117
022224214131	W WALLABY TROP BITES	0.0000	0.0000	4.59	CANDY	8	3	0.00		1	022224214131
022318000077	HGAR APITH PROPOLIS SPRY	9.8028	9.8028	14.00	HEALTH & BEAUTY CARE	21	2	2.00		1	022318000077
022318000084	HGAR APITH HNY ELBRY EXT	9.8602	9.8708	14.00	HEALTH & BEAUTY CARE	21	2	3.00		1	022318000084
022318000329	HGAR APITH HNY ELBRY SYR	13.6830	13.6830	19.55	HEALTH & BEAUTY CARE	21	2	0.00		1	022318000329
022400001784	EXTRA POLAR ICE GUM	1.2500	1.2500	2.08	CANDY	8	1	0.00		1	022400001784
022400008042	SCHMDT KAOLIN CLAY CNUT	7.2256	7.2256	10.32	HEALTH & BEAUTY CARE	21	6	0.00		1	022400008042
022400008080	SCHMDT CITRS SNDLWD DEOD	8.3926	8.3926	11.99	HEALTH & BEAUTY CARE	21	6	0.00		1	022400008080
022400008097	SCHMDT FRSH FIR SPCE DEO	8.3926	8.3926	11.99	HEALTH & BEAUTY CARE	21	6	0.00		1	022400008097
022400008929	SCHMDTS DEOD SPRY LAVSGE	8.2370	8.2370	11.77	HEALTH & BEAUTY CARE	21	6	0.00		1	022400008929
022400008936	SCHMDTS DEOD SPRY CLNPWD	8.5672	8.5672	12.24	HEALTH & BEAUTY CARE	21	6	1.00		1	022400008936
022400008950	SCHMDTS DEOD SPRY RSEVAN	8.2370	8.2370	11.77	HEALTH & BEAUTY CARE	21	6	0.00		1	022400008950
022400009025	SCHMDT DEO FRSH CUCU STK	8.3926	8.3926	11.99	HEALTH & BEAUTY CARE	21	6	5.00		1	022400009025
022400009063	SCHMDT DEO CLN CCNUT STK	8.3926	8.3926	11.99	HEALTH & BEAUTY CARE	21	0	1.00		1	022400009063
022400009087	SCHMDTS STK VAN OTML DEO	8.3926	8.3926	11.99	HEALTH & BEAUTY CARE	21	6	0.00		1	022400009087
022400011219	SCHMDT GRPFRT APRT DEOD	7.6983	8.1981	11.71	HEALTH & BEAUTY CARE	21	0	0.00		1	022400011219
022400011226	SCHMDT CACTS FLW PR DEOD	8.3926	8.3926	11.99	HEALTH & BEAUTY CARE	21	0	0.00		1	022400011226
022400011240	SCHMDT FRSH RN BRCH DEOD	8.3926	8.3926	11.99	HEALTH & BEAUTY CARE	21	6	0.00		1	022400011240
022506002487	SPEC DSTLD WHT VINGR	6.8172	6.8172	10.49	EDIBLE GROCERY	19	4	1.00		1	022506002487
022506421752	SPEC X VRG OLIVE OIL	19.2506	19.2506	27.17	EDIBLE GROCERY	19	4	4.00		1	022506421752
022506521063	OG2 SPEC CHIA SD OMGAFBR	10.5710	10.5710	0.00	EDI/UNKNOWN	99	0	0.00		1	022506521063
022600001553	TROJAN CONDOM BARESKIN RA	3.4900	3.4900	5.82	HEALTH & BEAUTY CARE	21	4	0.00		1	022600001553
022600228882	TROJAN CONDOM MAGNUM BARE	3.1200	3.1200	5.20	HEALTH & BEAUTY CARE	21	4	0.00		1	022600228882
022600642039	TROJAN CONDOM MAGNUM LUBR	2.1400	2.1400	3.57	HEALTH & BEAUTY CARE	21	4	0.00		1	022600642039
022600920502	TROJAN CONDOM REGULAR	1.5450	1.5600	2.60	HEALTH & BEAUTY CARE	21	4	0.00		1	022600920502
022600930501	TROJAN ENZ CONDOM LUBE	1.7900	1.7900	2.98	HEALTH & BEAUTY CARE	21	4	0.00		1	022600930501
022600957058	TROJAN CONDOM BARESKIN	3.1200	3.1200	5.20	HEALTH & BEAUTY CARE	21	4	0.00		1	022600957058
022938000082	NICHOLAS HALF HALF QT	4.4000	4.4000	5.87	DAIRY - FLUID	9	2	0.00		1	022938000082
022938000709	NICHOLAS HEAVY CREAM	14.8400	14.8400	19.03	DAIRY - FLUID	9	2	0.00		1	022938000709
023547300211	EC KOMBU SEA VEGGIE	4.7296	4.7296	6.76	SNACKS - SALTY	15	0	6.00		1	023547300211
023547300419	EC PAC NORI SEA VEG	6.5303	6.5303	8.73	SNACKS - OTHER	17	0	1.00		1	023547300419
023547400553	MM MELLOW WHITE MISO	5.8881	6.0360	8.55	EDIBLE GROCERY	19	10	7.00		1	023547400553
023857310115	CROWN WHITE GAS CAMP FUEL	0.0000	0.0000	10.50	CAMPING & OUTDOORS	43	1	0.00		1	023857310115
023968397692	CHEVRON ATF MD-3	4.6267	4.6267	8.50	AUTOMOTIVE PRODUCTS	24	1	9.00		1	023968397692
023968444105	5 STAR ANTIFRZ 50/50 LONG	8.0467	8.0467	12.74	AUTOMOTIVE PRODUCTS	24	2	0.00		1	023968444105
023968467210	CHEVRON SUPREME 30W	4.4783	4.4783	7.46	AUTOMOTIVE PRODUCTS	24	1	0.00		1	023968467210
023968467265	CHEVRON SUPREME 20W50	4.8717	4.8717	8.12	AUTOMOTIVE PRODUCTS	24	1	0.00		1	023968467265
024100226429	CHEEZ-IT  BOX	1.5129	1.5200	2.59	SNACKS - SALTY	15	0	0.00		1	024100226429
024100705665	CHEEZ-IT ORIG	2.5600	2.5600	4.27	SNACKS - SALTY	15	5	0.00		1	024100705665
024182000283	EDEN TOASTED SESAME OIL	4.8811	4.8811	7.48	EDIBLE GROCERY	19	4	12.00		1	024182000283
024182000795	EDEN DRIED MONT CHERRIES	7.7359	7.7359	12.89	SNACKS - OTHER	17	4	0.00		1	024182000795
024182000900	EDEN DRD CRANBERRYS	3.1716	3.1716	5.29	SNACKS - OTHER	17	4	0.00		1	024182000900
024182001952	EDEN DRIED BLUBRY	2.7690	2.7700	4.62	SNACKS - OTHER	17	4	0.00		1	024182001952
024182021004	EDEN DRY BLK BEANS	3.8057	3.8057	5.44	EDIBLE GROCERY	19	3	7.00		1	024182021004
024182025057	EDENSOY MILK	3.8495	3.8495	5.23	DAIRY - FLUID	9	4	8.00		1	024182025057
024182151718	EDEN WAKAME	10.3870	10.3870	15.98	EDIBLE GROCERY	19	0	0.00		1	024182151718
024182157697	EDEN SUSHI NORI TOASTED	5.9922	5.9922	9.99	SNACKS - OTHER	17	0	0.00		1	024182157697
024182491159	OG2 EDEN BARLEY MALT SYR	7.5612	7.5612	0.00	EDI/UNKNOWN	99	0	0.00		1	024182491159
024291111542	BBQ SKEWERS 15IN 4PC	2.6900	2.6900	4.48	HOUSEHOLD/CLEANING	20	2	0.00		1	024291111542
024291119128	CLOTHESPINS WOOD 36CT	1.8500	1.8500	3.29	HOUSEHOLD/CLEANING	20	1	2.00		1	024291119128
024291120056	EXTENSION CRD WHT&BRWN 9F	4.1100	4.1100	6.89	GENERAL MERCHANDISE	22	10	0.00		1	024291120056
024291120087	CLOTHESLINE ROPE 50FT	3.6700	3.6700	6.19	HOUSEHOLD/CLEANING	20	1	0.00		1	024291120087
024291122036	FLY SWATTER	0.5500	0.5500	1.00	HOUSEHOLD/CLEANING	20	0	0.00		1	024291122036
024291147015	S/LYNX SUPER GLUE 2G	1.2100	1.2100	2.09	GENERAL MERCHANDISE	22	4	0.00		1	024291147015
024291147107	S/LYNX VINYL ELCTRCL TAPE	1.1100	1.1100	1.89	GENERAL MERCHANDISE	22	4	0.00		1	024291147107
024291147527	PENZOIL SCREWDRIVER 6-IN-	3.3600	3.3600	5.69	GENERAL MERCHANDISE	22	8	0.00		1	024291147527
024291148340	PENZOIL FUNNEL 1PT	1.0300	1.0300	1.72	AUTOMOTIVE PRODUCTS	24	3	0.00		1	024291148340
024291148401	TUBELESS TIRE REP	2.5000	2.5000	4.99	CAMPING & OUTDOORS	43	3	-3.00		1	024291148401
024291148432	AUTO SLTN TIRE GAUGE STD	1.3500	1.3500	2.29	AUTOMOTIVE PRODUCTS	24	3	3.00		1	024291148432
024291148562	AUTO SOL 36  TIEDOWN	0.0000	0.0000	2.49	AUTOMOTIVE PRODUCTS	24	0	0.00		1	024291148562
024291150138	CANDLE HAPPY BIRTHDAY 24C	0.6408	0.6408	1.07	HOUSEHOLD/CLEANING	20	2	0.00		1	024291150138
024291150541	S/LYNX MOUSETRAPS SAFETY-	1.5100	1.5100	2.59	HOUSEHOLD/CLEANING	20	0	0.00		1	024291150541
024291164081	HAND WARMERS DSP 2PC	0.6668	0.6667	1.19	CAMPING & OUTDOORS	43	1	0.00		1	024291164081
024300837852	LIL DEBBIE CRUNCH MINI DN	1.0292	1.0292	1.79	SNACKS - BAKERY	16	2	0.00		1	024300837852
024300837869	LIL DEBBIE COSMIC BROWNIE	1.3150	1.3150	2.19	SNACKS - BAKERY	16	1	1.00		1	024300837869
024300837968	LIL DEBBIE PECAN SPINWHEE	1.3158	1.3158	1.88	SNACKS - BAKERY	16	0	2.00		1	024300837968
024300865664	LIL DEBBIE NUTTY BUDDY	1.3150	1.3150	2.19	SNACKS - BAKERY	16	0	1.00		1	024300865664
024300865718	LIL DEBBIE SWISS ROLL	1.3150	1.3150	2.19	SNACKS - BAKERY	16	1	0.00		1	024300865718
024300865916	LIL DEBBIE FUDGE ROUND	1.3083	1.3083	2.19	SNACKS - BAKERY	16	0	0.00		1	024300865916
024300865954	LIL DEBBIE CAKE ZEBRA	1.3150	1.3150	2.19	SNACKS - BAKERY	16	0	2.00		1	024300865954
024300867613	LIL DEBBIE CREME PIE OATM	1.3150	1.3150	2.29	SNACKS - BAKERY	16	0	5.00		1	024300867613
024335160062	GOE LF REFRIED BEANS	3.1922	3.1922	4.91	EDIBLE GROCERY	19	9	0.00		1	024335160062
024335513035	GOE SEASONING TACO	2.2552	2.2578	3.42	EDIBLE GROCERY	19	12	-1.00		1	024335513035
024463061071	HUY SMBL OLEK CHILI PSTE	2.1784	2.1784	3.31	EDIBLE GROCERY	19	7	-1.00		1	024463061071
024463061095	HUY SRIRACHA HT CHLI SCE	4.3268	4.3268	5.77	EDIBLE GROCERY	19	7	8.00		1	024463061095
024761028875	HUSQ 2-ST ENGINE OIL	2.4917	2.4917	4.15	AUTOMOTIVE PRODUCTS	24	2	0.00		1	024761028875
024933016952	HIKING ZION & BRYCE	0.0000	0.0000	16.95	MAPS & PUBLICATIONS	23	3	1.00		1	024933016952
025000000188	SIMPLY LEMNDE W/RSPBRY 11.5 OZ	1.7681	1.7764	2.48	COLD BEVERAGES	7	4	0.00		1	025000000188
025000000249	SIMPLY OJ 11.5 OZ	1.7743	1.7764	2.48	COLD BEVERAGES	7	4	0.00		1	025000000249
025000040887	SMPLY LIMEADE ALL NATRL	3.0148	3.0148	4.02	COLD BEVERAGES	7	4	0.00		1	025000040887
025000058387	12Z CN 12FP MM LMND	8.4800	8.4800	0.00	EDI/UNKNOWN	99	0	0.00		1	025000058387
025000100000	SIMPLY OJ PULP HLF GAL	4.4521	4.4638	6.27	COLD BEVERAGES	7	4	0.00		1	025000100000
025283006068	OAS AP CLEAN/DISHWASH	16.6223	19.0415	26.10	HOUSEHOLD/CLEANING	20	2	0.00		1	025283006068
025283006532	OAS BIO LAUNDRY DETERG	20.4916	24.8376	34.25	HOUSEHOLD/CLEANING	20	1	0.00		1	025283006532
025293000988	SILK ALMOND MILK ORIG	3.8601	3.8484	5.50	DAIRY - FLUID	9	4	0.00		1	025293000988
025293002753	SILK CASHEWMILK UNSW	5.3520	5.3520	0.00	EDI/UNKNOWN	99	0	0.00		1	025293002753
025293600423	SILK ORIG SOY CREAMER	4.6234	4.6234	0.00	EDI/UNKNOWN	99	0	0.00		1	025293600423
025317005500	AF CHICKEN STRIPS	8.3343	8.3343	13.59	FROZEN FOODS	13	5	0.00		1	025317005500
025317005562	AF CHICKEN NUGGETS GF	6.6560	6.6560	9.91	FROZEN FOODS	13	5	0.00		1	025317005562
025317005579	AF CHICKEN PATTIES	7.0760	7.2837	10.55	FROZEN FOODS	13	5	0.00		1	025317005579
025317005593	APPLEGATE CHICKEN TENDER	6.8026	6.8026	10.47	FROZEN FOODS	13	5	9.00		1	025317005593
025317005890	AF BRKF SSG PTY CHKN/AP	4.6030	4.6352	7.03	FROZEN FOODS	13	5	0.00		1	025317005890
025317005906	APPLEGATE BLACK FOREST HAM	5.5262	5.5262	7.89	GRAB & GO FOODS	11	5	13.00		1	025317005906
025317005913	APPLEGATE BRKF SSG PTY MAPLE	4.8204	5.1583	7.03	FROZEN FOODS	13	5	0.00		1	025317005913
025317006675	AF OVEN RST CHICKEN	5.7116	5.7116	7.62	GRAB & GO FOODS	11	5	0.00		1	025317006675
025317006958	AF CHICKEN APPLE SAUSAGE	5.1459	5.1583	7.21	FROZEN FOODS	13	5	2.00		1	025317006958
025317006965	AF CHK MAP SAUSAGE	5.1580	5.1583	7.29	FROZEN FOODS	13	5	13.00		1	025317006965
025317007214	AF GF BEEF CORN DOGS	7.6601	7.6601	10.94	FROZEN FOODS	13	1	0.00		1	025317007214
025317100083	AF SF PORK BACON SL	7.8594	7.8594	11.23	FROZEN FOODS	13	5	4.00		1	025317100083
025317101004	APPLEGATE SUNDAY BACON 12x8oz	5.8123	5.8123	8.34	FROZEN FOODS	13	5	0.00		1	025317101004
025317102001	APPLEGATE BACON	7.8594	7.8594	10.48	FROZEN FOODS	13	5	2.00		1	025317102001
025317105552	APPLEGATE CHICKEN NUGGETS	6.8026	6.8026	9.91	FROZEN FOODS	13	5	0.00		1	025317105552
025317118002	AF UNCRD BACON NO SUGAR	5.8123	5.8123	8.07	FROZEN FOODS	13	5	0.00		1	025317118002
025317125482	AF ROASTED CHICKEN BRST	5.0027	5.0027	6.93	GRAB & GO FOODS	11	5	0.00		1	025317125482
025317225908	AF CHKN BREAST TNDRS GF	11.3701	11.3701	17.49	FROZEN FOODS	13	5	0.00		1	025317225908
025317291873	AF BRKF PTIES CHKN MAPLE	0.0000	0.0000	0.00	FROZEN FOODS	13	5	0.00		1	025317291873
025317321006	AF SPIN/FETA SAUS	7.0401	7.0401	10.06	FROZEN FOODS	13	5	4.00		1	025317321006
025317323000	AF CHKN/APL SAUSAGE	7.0401	7.0401	10.06	FROZEN FOODS	13	5	3.00		1	025317323000
025317579001	AF SLICED SMOKED TURKEY	5.5262	5.5262	7.65	GRAB & GO FOODS	11	5	3.00		1	025317579001
025317586009	APPLEGATE ROAST TURKEY	5.5262	5.5262	7.68	GRAB & GO FOODS	11	5	8.00		1	025317586009
025317686006	APPLEGATE RST TURK	7.0133	7.0133	10.02	GRAB & GO FOODS	11	5	0.00		1	025317686006
025317693004	AF CLSC PORK BRKFST SAUS	5.1580	5.1583	7.37	FROZEN FOODS	13	5	15.00		1	025317693004
025317775304	AF BEEF HOT DOGS	5.2936	5.2936	8.38	FROZEN FOODS	13	5	8.00		1	025317775304
025317775328	APPLEGATE HOT DOGS	5.5600	5.5595	9.27	FROZEN FOODS	13	5	0.00		1	025317775328
025317893008	APPLEGATE BRKF SSG ORIGNL PORK	4.5718	4.6834	7.03	FROZEN FOODS	13	5	0.00		1	025317893008
025317894005	AF BRKF SSG CHKN HERB	0.0000	0.0000	0.00	FROZEN FOODS	13	1	0.00		1	025317894005
0254583005208	TOFURKY CHICK'N	0.0000	0.0000	6.09	SNACKS - OTHER	17	1	0.00		1	0254583005208
025500304014	FOLGERS COFFEE AUTO DRIP	8.3800	8.3800	9.99	EDIBLE GROCERY	19	1	2.00		1	025500304014
025583005204	TFRKY CHICK'N	0.0000	0.0000	7.44	FROZEN FOODS	13	1	0.00		1	025583005204
025583006058	TFRKY SPINACH PESTO	4.6431	4.6431	7.44	FROZEN FOODS	13	5	0.00		1	025583006058
025638890045	N.M. ROSE WATER EXTRACT	7.1300	7.1300	10.97	EDIBLE GROCERY	19	11	0.00		1	025638890045
025700003304	ZIPLOC STORAGE BAGS QUART	3.9083	3.9100	7.11	HOUSEHOLD/CLEANING	20	2	0.00		1	025700003304
025700013693	ZIPLOC STORAGE BAG QUART	4.2100	4.2100	7.09	HOUSEHOLD/CLEANING	20	2	12.00		1	025700013693
025700022046	ZIPLOC STORAGE BAGS SLIDE	2.6600	2.6600	4.84	HOUSEHOLD/CLEANING	20	2	0.00		1	025700022046
025700709374	ZIPLOC CNTNR MED 3CT	3.6500	3.6500	5.49	HOUSEHOLD/CLEANING	20	2	0.00		1	025700709374
025700709411	ZIPLOC CNTNR LG 3CT	3.6500	3.6500	5.49	HOUSEHOLD/CLEANING	20	2	0.00		1	025700709411
025866591981	ALEVE TABS	5.1900	5.1900	8.65	HEALTH & BEAUTY CARE	21	1	0.00		1	025866591981
025866591998	ALEVE CAPS	6.0400	6.0400	10.07	HEALTH & BEAUTY CARE	21	1	2.00		1	025866591998
026000013222	ELMERS GLUE ALL	1.4000	1.4000	2.49	GENERAL MERCHANDISE	22	4	0.00		1	026000013222
026200238913	D+S SNFLWR SDS JUMBO CRKD	1.1600	1.1600	1.94	SNACKS - OTHER	17	5	0.00		1	026200238913
026200460727	D+S SNFLWR KRNLS	1.2100	1.2100	2.02	SNACKS - OTHER	17	5	0.00		1	026200460727
026200471587	ANDY CARPS CHED FRIES	0.0000	0.0000	1.89	SNACKS - SALTY	15	0	0.00		1	026200471587
026395101085	LILY ALOE VERA GELLY	3.8997	3.8997	5.57	HEALTH & BEAUTY CARE	21	6	0.00		1	026395101085
026400275619	DARI WHOLE MILK HLF GAL	3.9354	3.8300	5.92	DAIRY - FLUID	9	1	0.00		1	026400275619
026400419044	DARIGOLD ORGANIC WHOLE	5.4704	5.4917	7.50	DAIRY - FLUID	9	1	7.00		1	026400419044
026400419068	DARIGOLD 2% MILK	5.6633	5.6633	7.13	DAIRY - FLUID	9	1	0.00		1	026400419068
026400420477	DARI WHOLE HALF GAL	3.8283	3.8283	5.47	DAIRY - FLUID	9	1	0.00		1	026400420477
026400420484	DARIGOLD 2%	4.9908	4.9900	6.40	DAIRY - FLUID	9	1	0.00		1	026400420484
026400700005	DARIGOLD OF CHOC MILK 14OZ	1.9594	1.9592	2.95	DAIRY - FLUID	9	3	0.00		1	026400700005
026400700067	DARIGOLD CHOCO MILK 14 OZ	1.9625	1.9625	2.62	DAIRY - FLUID	9	3	0.00		1	026400700067
026400700081	DARI WHOLE 14OZ	2.1717	2.1717	3.11	DAIRY - FLUID	9	1	0.00		1	026400700081
026400700562	DARIGOLD OF CHOC REDU FAT	1.9030	1.8833	3.01	DAIRY - FLUID	9	3	2.00		1	026400700562
026825000131	G HUGHES SGR FREE BBQ	0.0000	0.0000	6.55	EDIBLE GROCERY	19	7	0.00		1	026825000131
026938035495	OG2 CASHEWS WHOLE RAW	44.8322	44.8322	0.00	EDI/UNKNOWN	99	0	0.00		1	026938035495
026938182502	OG1 PEARLED BARLEY	46.7189	46.7189	0.00	EDI/UNKNOWN	99	0	0.00		1	026938182502
026938192860	OG1 ROLLED OATS  GF	59.3516	59.3516	0.00	EDI/UNKNOWN	99	0	0.00		1	026938192860
026938463434	OG1 DEGLET DATES PITTED	20.3252	20.3252	0.00	EDI/UNKNOWN	99	0	0.00		1	026938463434
026938464691	OG1 BROWN LENTILS	66.9955	66.9955	0.00	EDI/UNKNOWN	99	0	0.00		1	026938464691
026938464912	OG2 ROLLED OATS #5	37.0036	37.0036	0.00	EDI/UNKNOWN	99	0	0.00		1	026938464912
026938464950	OG1 STEEL CUT OATS	37.0036	30.4400	0.00	EDI/UNKNOWN	99	0	0.00		1	026938464950
026938466091	OG1 RAW PISTACHIOS	34.7863	38.9680	0.00	EDI/UNKNOWN	99	0	0.00		1	026938466091
026938494780	OG1 BUCKWHEAT GROATS	93.9532	93.9532	0.00	EDI/UNKNOWN	99	0	0.00		1	026938494780
026938538415	OG2 RED ROYAL QUINOA	74.4448	74.4448	0.00	EDI/UNKNOWN	99	0	0.00		1	026938538415
026938548407	OG2 WHITE ROYAL QUINOA	55.3741	55.3741	0.00	EDI/UNKNOWN	99	0	0.00		1	026938548407
026938908102	OG2 BLACK BEANS	46.3882	46.3882	0.00	EDI/UNKNOWN	99	0	0.00		1	026938908102
026938970574	OG1 SHLD WALNTS HLVS/PCS	40.4268	40.4268	0.00	EDI/UNKNOWN	99	0	0.00		1	026938970574
027271120282	BRI ASIAGO CEASAR	3.4345	3.4345	0.00	EDI/UNKNOWN	99	0	0.00		1	027271120282
027327333369	HITECH AUX CABLE 3.25FT S	3.6800	3.6800	6.13	GENERAL MERCHANDISE	22	10	3.00		1	027327333369
027414498001	HITECH EARPOD W/MIC & VOL	3.6800	3.6800	6.13	GENERAL MERCHANDISE	22	10	4.00		1	027414498001
027414990031	HITECH USB CHRGR C-TYPE A	4.3400	4.3400	6.99	GENERAL MERCHANDISE	22	10	0.00		1	027414990031
027752040559	VIBRAX MINNOW SPIN	6.1000	6.1000	9.99	CAMPING & OUTDOORS	43	2	0.00		1	027752040559
027752040610	VIBRAX MINNOW SPIN	6.9500	6.9500	10.99	CAMPING & OUTDOORS	43	2	-3.00		1	027752040610
027800053357	KEEBLER CKIE FDG STRPS KS	1.6850	1.6850	2.89	SNACKS - BAKERY	16	3	0.00		1	027800053357
027800065701	KEEBLER CKIE FDG STRPS	4.0600	4.0600	6.77	SNACKS - BAKERY	16	3	0.00		1	027800065701
027800073560	KEEBLER CKIE SGR WAFER VA	1.7125	1.6400	3.13	SNACKS - BAKERY	16	3	4.00		1	027800073560
027918000021	CAULIFLOWER OG	3.6083	3.6083	5.15	PRODUCE	18	2	0.00		1	027918000021
027958211029	LC GOAT CHS CHABLIS HRB	4.1217	4.4800	6.22	DAIRY - OTHER	10	1	0.00		1	027958211029
028000515751	NESQUICK STRAWBERRY	1.5000	1.5000	2.50	DAIRY - FLUID	9	3	0.00		1	028000515751
028000772123	NESQUICK CHOCOLATE	1.5800	1.5800	2.50	DAIRY - FLUID	9	3	4.00		1	028000772123
028000895044	NESQUICK STRAWBANA	1.3633	1.3633	2.27	DAIRY - FLUID	9	3	0.00		1	028000895044
028189413220	HATCH MLD DICE GRN CHILE	1.7071	1.7071	2.63	EDIBLE GROCERY	19	7	3.00		1	028189413220
028189616577	HATCH RED MLD ENCHIL SCE	3.4143	3.4143	5.69	EDIBLE GROCERY	19	7	0.00		1	028189616577
028189620604	HATCH RED MED ENCHIL SCE	3.4143	3.4143	4.88	EDIBLE GROCERY	19	9	13.00		1	028189620604
028200003577	MARLBORO RED	9.9700	9.9700	11.53	CIGARETTES	2	0	2.00		1	028200003577
028200003638	MARLBORO RED 100	9.8944	9.9700	11.53	CIGARETTES	2	0	40.00		1	028200003638
028200003683	MARLBORO RED LABEL BOX	9.7980	9.7980	11.77	CIGARETTES	2	0	1.00		1	028200003683
028200003843	MARLBORO GOLD	9.7806	9.7980	11.53	CIGARETTES	2	0	0.00		1	028200003843
028200004659	MARLBORO GOLD 100	9.7980	9.7980	11.60	CIGARETTES	2	0	0.00		1	028200004659
028200007919	PARLIAMENT WHITE BOX	7.9140	7.9140	10.55	CIGARETTES	2	0	0.00		1	028200007919
028200009357	MARLBORO 72 BLACK MENTHOL	7.4820	7.4820	9.98	CIGARETTES	2	0	0.00		1	028200009357
028200009524	MARLBORO BLACK SPEC BLND	8.5076	8.5320	11.29	CIGARETTES	2	0	0.00		1	028200009524
028200009548	MARLBORO BLACK MENT SPEC	9.3106	9.3480	11.34	CIGARETTES	2	0	39.00		1	028200009548
028200009630	MARLBORO 72 BOX	9.5200	9.9700	11.34	CIGARETTES	2	0	40.00		1	028200009630
028200009654	MARLBORO 72 GOLD BOX	9.9700	9.9700	11.34	CIGARETTES	2	0	30.00		1	028200009654
028200179319	MARL 23*BLACK GOLD BOX $1	7.7000	7.7000	0.00	CIGARETTES	2	0	0.00		1	028200179319
028200318527	MARLBORO 83S BOX	8.7070	8.7070	9.85	CIGARETTES	2	0	0.00		1	028200318527
028400008488	STACYS PITA THINS	0.0000	0.0000	2.89	SNACKS - SALTY	15	5	0.00		1	028400008488
028400013949	SPITZ SNFLWR SDS CRCKD PE	3.1300	3.1300	5.79	SNACKS - SALTY	15	0	6.00		1	028400013949
028400090544	SPITZ SNFLWR SDS ORIG SAL	3.4400	3.4400	5.79	SNACKS - SALTY	15	0	0.00		1	028400090544
028400094054	SPITZ SNFLWR SDS SMOKY BB	1.8233	1.8233	3.04	SNACKS - OTHER	17	5	0.00		1	028400094054
028400094061	SPITZ SNFLWR SDS SALTED	1.2537	1.2689	2.11	SNACKS - OTHER	17	5	0.00		1	028400094061
028400094078	SPITZ SNFLWR SDS CHILI LI	1.8233	1.8233	3.09	SNACKS - SALTY	15	0	0.00		1	028400094078
028400094085	SPITZ SNFLWR SDS SEASONED	1.8456	1.8456	2.64	SNACKS - OTHER	17	5	1.00		1	028400094085
028400096720	SPITZ SNFLWR SDS CRCK PEP	1.8233	1.8233	3.09	SNACKS - OTHER	17	5	9.00		1	028400096720
028400199148	LAYS SLTD 8 OZ	3.5300	3.5300	5.88	SNACKS - SALTY	15	1	0.00		1	028400199148
028400327282	FRITOS HONEY BBQ 3.5OZ	1.7400	1.7400	2.90	SNACKS - SALTY	15	2	0.00		1	028400327282
028400329484	CHEETOS CHED JAL	1.7400	1.7400	2.90	SNACKS - SALTY	15	0	0.00		1	028400329484
028400332712	SPITZ SNFLWR SDS SLTD CRM	1.1167	1.1167	1.86	SNACKS - OTHER	17	5	0.00		1	028400332712
028400355278	FRITO CORN CHIPS ORIG	1.4762	1.4767	2.39	SNACKS - SALTY	15	2	15.00		1	028400355278
028400356145	CHEETOS CRUNCHY XVL BAG	1.4400	1.4400	2.39	SNACKS - SALTY	15	0	4.00		1	028400356145
028400356169	CHEETOS CRUNCHY XVL FLAMI	1.4775	1.4775	2.49	SNACKS - SALTY	15	0	0.00		1	028400356169
028400516310	DORITOS COOL RANCH 4 OZ	4.4100	4.4100	7.35	SNACKS - SALTY	15	2	0.00		1	028400516310
028400516464	DORITOS CHEESE 4 OZ	4.4101	4.4100	7.35	SNACKS - SALTY	15	2	0.00		1	028400516464
028400564632	STACYS SMPLY NKD PTA CHP	3.2660	3.2660	4.84	SNACKS - SALTY	15	5	-7.00		1	028400564632
028400564656	STACYS MULTIGRN PITA CHP	2.8194	2.8194	4.70	SNACKS - SALTY	15	0	0.00		1	028400564656
028400589277	FRITOS TWISTS BBQ 4 OZ	4.2016	4.2000	7.00	SNACKS - SALTY	15	2	0.00		1	028400589277
028400589291	FRITOS ORIGINAL 9.25OZ	4.2000	4.2000	7.00	SNACKS - SALTY	15	2	0.00		1	028400589291
028400589321	FRITO SCOOPS 4 OZ	4.2000	4.2000	7.00	SNACKS - SALTY	15	2	0.00		1	028400589321
028400589864	CHEETOS CHEESE 2 OZ	4.3258	4.3258	7.21	SNACKS - SALTY	15	0	0.00		1	028400589864
028400589888	CHEETOS JALAPENO 2 OZ	4.2000	4.2000	7.00	SNACKS - SALTY	15	0	0.00		1	028400589888
028400596688	CHEETO PUFF REG 8 OZ	4.2000	4.2000	7.00	SNACKS - SALTY	15	0	0.00		1	028400596688
028400597371	SPITZ PUMPKN SDS DILL PIC	1.6308	1.6308	2.72	SNACKS - OTHER	17	5	0.00		1	028400597371
028400648288	SPITZ PUMPKIN SDS CRACKED	1.6033	1.6033	2.67	SNACKS - OTHER	17	5	0.00		1	028400648288
028400662871	STACYS EVRYTHING BGL CHP	2.9087	2.9087	4.85	SNACKS - SALTY	15	0	0.00		1	028400662871
028400718356	STACYS PITA CHP SMP NAKD	5.8174	5.8174	10.89	SNACKS - SALTY	15	0	-1.00		1	028400718356
028632251423	HEMOSTAT PLIERS 6 	5.4960	5.5000	8.99	CAMPING & OUTDOORS	43	2	2.00		1	028632251423
028833032500	ALV SPR BURGER BUNS	4.9679	4.9678	6.94	BREADS	14	3	5.00		1	028833032500
028833032555	ALV HDOG BUN WHT 6CT	4.9679	4.9678	7.10	BREADS	14	3	7.00		1	028833032555
028833041106	ALV SPR ON/POPPY BAG	4.9533	4.9533	7.62	BREADS	14	1	0.00		1	028833041106
028833041205	ALV SPR SESAME BAGEL	3.5228	3.5228	5.68	BREADS	14	0	0.00		1	028833041205
028833041304	ALV SPR RAISIN BAGEL	5.0489	5.0489	7.34	BREADS	14	0	0.00		1	028833041304
028833041700	ALV SPR/WHT BGL EVRY	5.2774	5.2774	7.54	BREADS	14	0	1.00		1	028833041700
028833060107	ALV SPR RYE BREAD	3.4490	3.4490	5.56	BREADS	14	1	0.00		1	028833060107
028833070007	ALV 8  SPR TORTILLA	3.3648	3.3882	4.99	BREADS	14	2	0.00		1	028833070007
028833070106	ALV 10  SPRT TORILLA	3.8453	3.8453	5.92	BREADS	14	2	0.00		1	028833070106
028833120009	ALV SPRT MULTI GRAIN	3.9286	3.9286	5.75	BREADS	14	1	0.00		1	028833120009
028985154839	AQ KEM CAR DEOD	0.0000	0.0000	19.50	AUTOMOTIVE PRODUCTS	24	3	0.00		1	028985154839
029000022119	PLT SALTED PEANUTS	0.4144	0.4144	0.69	SNACKS - OTHER	17	5	0.00		1	029000022119
029000022133	PLT HONEY ROASTED PEANUTS	0.4144	0.4144	0.69	SNACKS - OTHER	17	5	0.00		1	029000022133
029000075412	PLT TUBE NUT ALMOND	1.3528	1.3444	2.24	SNACKS - OTHER	17	5	0.00		1	029000075412
029695312175	CHUCK IT LAUNCHER	11.4200	11.4200	22.99	HOUSEHOLD/CLEANING	20	5	0.00		1	029695312175
029714170809	ORCA ALASKAN COD FILLETS	7.5328	7.5328	11.12	FROZEN FOODS	13	5	0.00		1	029714170809
029714171103	ORCA KETA SALMON FILLETS	6.2977	6.2977	0.00	EDI/UNKNOWN	99	0	0.00		1	029714171103
029807205258	BOCCE CLASSIC 90MM	23.6800	23.6800	47.99	GENERAL MERCHANDISE	22	0	2.00		1	029807205258
030000315972	CAPN CRUNCH 1.51 OZ	0.0000	0.0000	2.39	EDIBLE GROCERY	19	2	0.00		1	030000315972
030042112935	OG2 GLORYBEE COCONUT OIL	41.2048	41.2048	0.00	EDI/UNKNOWN	99	0	-1.00		1	030042112935
030100038979	KEEBLER CRCKR CLUB	1.6013	1.6700	2.78	SNACKS - SALTY	15	5	0.00		1	030100038979
030100100577	KEEBLER CRCKR CLUB   BOX	4.3200	4.3200	7.20	SNACKS - SALTY	15	5	0.00		1	030100100577
030100113218	KEEBLER CKIE SRG WAFER CH	0.8242	0.8242	1.37	SNACKS - BAKERY	16	0	0.00		1	030100113218
030100125150	KEEBLER CRCKR CHSE & PB	0.6242	0.6242	1.04	SNACKS - SALTY	15	5	7.00		1	030100125150
030100125181	KEEBLER CRCKR TOAST N PB	0.6242	0.6242	1.04	SNACKS - SALTY	15	5	12.00		1	030100125181
030100125211	KEEBLER CRCKR CLUB W/CHED	0.6242	0.6242	1.04	SNACKS - SALTY	15	5	9.00		1	030100125211
030100125877	KEEBLER SUGAR WAFERS VANILLA	0.8258	0.8258	1.38	SNACKS - BAKERY	16	3	0.00		1	030100125877
030100125990	KEEBLER SUGAR WAFER STRAW	0.6900	0.6900	1.15	SNACKS - BAKERY	16	3	0.00		1	030100125990
030100211488	KEEBLER CRCKR CHSE & CHED	0.6242	0.6242	1.04	SNACKS - SALTY	15	5	10.00		1	030100211488
030100211518	KEEBLER CRCKR TOAST N PB/	0.5908	0.5383	0.90	SNACKS - SALTY	15	5	0.00		1	030100211518
030100298359	KEEBLER CONE SUGAR	2.9500	2.9500	4.92	ICE CREAM	12	0	0.00		1	030100298359
030100511595	KEEBLER CRCKR SNDW PEPP J	0.5908	0.5908	0.98	SNACKS - SALTY	15	5	0.00		1	030100511595
030684790652	MI DEL GNGRSNAPS	4.4771	4.4771	6.89	SNACKS - BAKERY	16	3	-7.00		1	030684790652
030689790657		0.0000	0.0000	0.00	CIGARETTES	2	0	0.00		1	0306897906525
030772011317	DAWN ULTRA ORIGINAL	1.1800	1.1800	2.15	HOUSEHOLD/CLEANING	20	2	0.00		1	030772011317
030772033395	ALWAYS ULTRA THIN REG WIN	5.0600	5.0600	7.89	HEALTH & BEAUTY CARE	21	3	4.00		1	030772033395
030772033524	ALWAYS ULTRA OVRNITE SZ 4	4.7000	4.7000	7.89	HEALTH & BEAUTY CARE	21	3	0.00		1	030772033524
030772081242	DAWN ULTRA ORIGINAL	1.5099	1.5100	2.69	HOUSEHOLD/CLEANING	20	2	0.00		1	030772081242
031142000696	BEL GIOSO MOZZ	5.4356	5.4762	7.54	DAIRY - OTHER	10	1	5.00		1	031142000696
031142001143	BELGIOIOSO BURRATA	3.8950	3.9000	6.06	DAIRY - OTHER	10	1	0.00		1	031142001143
031259005317	JOSH HEARTH CAB SAUV 750ML	11.9900	11.9900	11.99	LIQUOR STORE	5	2	16.00		1	031259005317
031626059196	GRABBER FT WRMR MED/LG	1.9700	1.9700	2.89	CAMPING & OUTDOORS	43	1	16.00		1	031626059196
031626059219	GRABBER FT WRMR SM/MED	1.7200	1.7200	2.87	CAMPING & OUTDOORS	43	1	0.00		1	031626059219
031626059226	GRABBER HND WARMER	0.6400	0.6400	0.99	CAMPING & OUTDOORS	43	1	41.00		1	031626059226
031626059240	GRABBER TOE WARMERS	0.9962	0.9800	1.49	CAMPING & OUTDOORS	43	1	23.00		1	031626059240
031700049495	W OWL CIGRLO W GRAPE	1.5283	1.5283	2.04	TOBACCO, OTHER	3	2	0.00		1	031700049495
031700049532	WHITE OWL GRAPE	1.5283	1.5283	2.04	TOBACCO, OTHER	3	2	0.00		1	031700049532
031700054444	GAME CIGRLO FOIL BLUE RAS	1.2500	1.2500	1.67	TOBACCO, OTHER	3	2	0.00		1	031700054444
031700057803	W OWL CIGRLO SWRL STR/KIW	1.5087	1.5087	2.59	TOBACCO, OTHER	3	2	0.00		1	031700057803
032054004277	SINKER SELECT SPLIT SHOT	3.8100	3.8100	5.95	CAMPING & OUTDOORS	43	2	0.00		1	032054004277
032054004307	SINKER SEL EGG & SPLIT	6.9900	6.9900	10.75	CAMPING & OUTDOORS	43	2	4.00		1	032054004307
032054006042	SPINNER LURE BANTAM 3PK	3.1100	3.1100	5.18	CAMPING & OUTDOORS	43	2	0.00		1	032054006042
032054006066	SPINNER MARBLE 3PK	3.4600	3.4600	4.79	CAMPING & OUTDOORS	43	2	0.00		1	032054006066
032601031053	BROCCOLETTE OG	0.0000	0.0000	0.00	PRODUCE	18	2	0.00		1	032601031053
032601031114	CAULIFLOWER ORG	3.1583	3.1583	4.51	PRODUCE	18	2	3.00		1	032601031114
032601031152	ROMAINE OG 3PK	3.3250	3.3250	4.75	PRODUCE	18	2	-23.00		1	032601031152
032601031206	CELERY	1.2972	1.2208	1.74	PRODUCE	18	2	15.00		1	032601031206
032601031220	BROCCOLI  EARTHBOUND	3.0710	3.0643	4.38	PRODUCE	18	2	0.00		1	032601031220
032601031299	ONION  GREEN OG	1.5199	1.5125	2.91	PRODUCE	18	2	-4.00		1	032601031299
032601033002	CILANTRO  ORG	1.9653	1.9067	2.65	PRODUCE	18	2	29.00		1	032601033002
032601033019	FENNEL ORG	2.0209	2.0500	2.81	PRODUCE	18	2	0.00		1	032601033019
032601900106	SPRING MIX 5 OZ  EARTHBOUND	2.9125	2.9125	3.64	PRODUCE	18	2	0.00		1	032601900106
032601900403	SALADS  ARUGULA  EARTHBOUND	3.2875	3.2875	4.70	PRODUCE	18	2	0.00		1	032601900403
032601901509	SPINACH EARTHBOUND	6.1500	6.1500	8.20	PRODUCE	18	2	0.00		1	032601901509
032601951016	EBND MANGO CHUNKS	6.8289	7.1916	11.99	SNACKS - OTHER	17	4	0.00		1	032601951016
032601952693	BROCCOLI FLORETS EARTHBOUND	3.0848	3.2667	4.67	PRODUCE	18	2	0.00		1	032601952693
032601952815	BEANS GREEN EARTHBOUND	4.7167	4.7167	6.74	PRODUCE	18	2	0.00		1	032601952815
032917001641	TRAD MED TM GINGER TEA	4.7954	4.8106	6.92	EDIBLE GROCERY	19	1	3.00		1	032917001641
032917001658	TM RSTD DANDELION RT	4.7659	4.8106	6.92	EDIBLE GROCERY	19	1	3.00		1	032917001658
032976300105	LYC CAT CLUMPING LITTER	17.7125	17.7125	25.30	HOUSEHOLD/CLEANING	20	5	0.00		1	032976300105
033074500305	RUSSET POTS 5LB	3.1300	3.1300	4.47	PRODUCE	18	2	1.00		1	033074500305
033074502002	RED POTATES 5LB	6.3600	6.3600	9.09	PRODUCE	18	2	0.00		1	033074502002
033074503009	YUKON GOLD POTATO	5.9900	5.9900	7.99	PRODUCE	18	2	0.00		1	033074503009
033200011101	A+H BAKING SODA	0.9100	0.9100	1.52	HOUSEHOLD/CLEANING	20	2	0.00		1	033200011101
033293690009	SEGURA VIUDAS BRUT 750ML	13.9900	13.9900	13.99	LIQUOR STORE	5	2	18.00		1	033293690009
033300000777	KAYAK BIG VALUE LC STRAIG	3.4800	3.4800	5.89	TOBACCO, OTHER	3	1	0.00		1	033300000777
033357051012	KEWPIE MAYO SQUEEZE TUBE	3.2172	3.2172	0.00	EDI/UNKNOWN	99	0	0.00		1	033357051012
033383200385	BERRIES STRAW OG	3.9500	3.9500	4.15	PRODUCE	18	1	16.00		1	033383200385
033383210322	RASPBERRY  OG CLAMSHELL	4.1792	4.4917	5.70	PRODUCE	18	1	0.00		1	033383210322
033383222363	BERRIES BLUE CLAMSHELL ORG	2.7917	1.9917	3.06	PRODUCE	18	2	36.00		1	033383222363
033383240268	BLACKBERRIES	3.8292	3.8583	4.63	PRODUCE	18	1	24.00		1	033383240268
033383402390	FIGS FRESH MISSION	0.0000	0.0000	7.61	PRODUCE	18	1	0.00		1	033383402390
033383402444	FIGS ORCHARD MAID	4.7848	4.8583	6.48	PRODUCE	18	1	0.00		1	033383402444
033383655925	TOMATOES GRAPE CLAM	1.6083	1.6083	2.89	PRODUCE	18	1	0.00		1	033383655925
033383666082	GF BABY CARROT 5LB	0.0000	0.0000	4.55	PRODUCE	18	2	0.00		1	033383666082
033383700700	BEET BUNCHED ORG	1.8458	1.8458	2.64	PRODUCE	18	2	0.00		1	033383700700
033383900018	ONION YELLOW BAG 3LB	3.3063	3.3062	4.36	PRODUCE	18	2	0.00		1	033383900018
033383901015	POTATOES RED BOUCH	5.4900	5.4900	7.37	PRODUCE	18	2	0.00		1	033383901015
033383901022	POTATOES  RUSST 5LB BAG	4.7194	4.5300	4.90	PRODUCE	18	2	0.00		1	033383901022
033383901039	YUKON GOLD  CAL-ORGANIC 5LB	5.2600	5.2600	7.01	PRODUCE	18	2	0.00		1	033383901039
033383901091	POTATOES OG 3LB	8.5235	82.6000	82.60	PRODUCE	18	2	0.00		1	033383901091
033383901107	POTATOES  RED GENESIS OG	3.7063	3.7062	6.63	PRODUCE	18	2	0.00		1	033383901107
033383902050	CARROTS  BABY ORGANIC 1LB	1.5633	1.5633	2.23	PRODUCE	18	2	0.00		1	033383902050
033383904030	ONION  GREEN	1.4542	1.4542	2.08	PRODUCE	18	2	-1.00		1	033383904030
033383904054	CAULIFLOWER  CELLO OG	3.2417	3.2417	3.85	PRODUCE	18	2	12.00		1	033383904054
033383904061	BROC OG	2.3786	2.3786	3.77	PRODUCE	18	2	0.00		1	033383904061
033383904122	KALE NAT GROW	1.4227	1.4120	2.04	PRODUCE	18	2	30.00		1	033383904122
033383904139	RADISH  RED ORG	1.5375	1.5375	2.05	PRODUCE	18	2	0.00		1	033383904139
033383904153	COLLARDS OG BUNCH	1.5792	1.5792	2.18	PRODUCE	18	2	0.00		1	033383904153
033383904191	CILANTRO LAKESIDE OG	2.2400	2.2400	3.28	PRODUCE	18	2	-14.00		1	033383904191
033383904238	PARSLEY NAT GR	2.1067	2.1067	3.01	PRODUCE	18	2	2.00		1	033383904238
033383904306	CELERY HEARTS OG	0.0000	0.0000	0.00	PRODUCE	18	2	0.00		1	033383904306
033383904337	LETTUCE ROMAINE HEARTS 3CT	3.2583	3.3250	4.75	PRODUCE	18	2	24.00		1	033383904337
033544001844	NA CORONA 6PK	8.1825	8.1825	11.69	BEER-GS	4	1	0.00		1	033544001844
033544950319	PACIFICO LAGER 12PK CAN	14.7700	14.7700	20.48	BEER-GS	4	1	4.00		1	033544950319
033544950333	MODELO 24 CAN	2.3442	2.3442	3.34	BEER-GS	4	5	0.00		1	033544950333
033544950470	CORONA PREMIER 24OZ	2.3708	2.3708	3.39	BEER-GS	4	0	19.00		1	033544950470
033544950609	MODELO LIMON	2.3708	2.3708	3.39	BEER-GS	4	0	8.00		1	033544950609
033617000552	WASA CRISP THIN RYE 100	3.0156	3.0156	5.03	SNACKS - SALTY	15	5	12.00		1	033617000552
033617007032	WASA CRISPBREAD MULTIGRN	2.5283	2.5283	4.21	SNACKS - SALTY	15	5	0.00		1	033617007032
033617340610	WASA SOURDOUGH RYE	3.0244	3.0156	5.21	SNACKS - SALTY	15	5	1.00		1	033617340610
034000000074	ICE BREAKER MINTS COOL MI	2.0800	2.0800	3.20	CANDY	8	1	5.00		1	034000000074
034000000098	ICE BREAKER MINTS WINTERG	1.6363	1.6362	2.73	CANDY	8	1	0.00		1	034000000098
034000000463	KIT KAT DARK CHOC	0.7621	0.7621	1.27	CANDY	8	2	0.00		1	034000000463
034000002214	HERSHEY ALMOND KING SZ	1.3728	1.3728	2.29	CANDY	8	2	0.00		1	034000002214
034000002399	HERSHEY COOKIES N CRM	1.1044	1.1044	1.58	CANDY	8	2	0.00		1	034000002399
034000002405	HERSHEY MILK	1.1044	1.1044	1.58	CANDY	8	2	17.00		1	034000002405
034000002412	HERSHEY ALMOND	1.0865	1.0936	1.82	CANDY	8	2	0.00		1	034000002412
034000002450	HERSHEY SPCL DARK	1.1044	1.1044	1.58	CANDY	8	2	18.00		1	034000002450
034000002467	KIT KAT	1.1044	1.1044	1.58	CANDY	8	2	40.00		1	034000002467
034000002474	WHATCHAMACALLIT	1.0999	1.1044	1.58	CANDY	8	2	48.00		1	034000002474
034000002481	REESES PIECES	1.1113	1.1133	1.59	CANDY	8	2	5.00		1	034000002481
034000003129	HERSHEY SYRUP CHOC SQZE	2.6100	2.6100	4.35	EDIBLE GROCERY	19	7	0.00		1	034000003129
034000003204	ALMOND JOY	1.0667	1.0667	1.52	CANDY	8	2	1.00		1	034000003204
034000003372	BREATH SAVERS 3-HR SPEARM	2.0600	2.0600	3.43	CANDY	8	1	2.00		1	034000003372
034000003860	REESES TAKE 5 STANDARD BA	1.1133	1.1133	1.59	CANDY	8	2	12.00		1	034000003860
034000004409	REESES PB CUP	1.1042	1.1044	1.58	CANDY	8	2	5.00		1	034000004409
034000004751	REESES PB EGGS	0.7519	0.7519	1.25	CANDY	8	4	0.00		1	034000004751
034000005024	TWIZZLERS STRAWBERRY	1.1028	1.1028	1.70	CANDY	8	3	0.00		1	034000005024
034000244041	ROLO CRMY SLTD CRML DK CH	1.0561	1.0561	1.76	CANDY	8	2	-11.00		1	034000244041
034000544431	TWIZZLERS PULLNPEEL CHERR	2.4900	2.4900	3.83	CANDY	8	3	7.00		1	034000544431
034000560431	TWIZZLERS PULLNPEEL CHERR	4.0000	4.0000	5.40	CANDY	8	0	5.00		1	034000560431
034000561704	TWIZZLERS FILLED ORANGE C	3.5879	3.5700	5.49	CANDY	8	3	19.00		1	034000561704
034000711567	BUBBLE YUM COTTON CANDY	0.5578	0.5578	0.86	CANDY	8	1	18.00		1	034000711567
034000941070	KIT KAT DUOS DARK CHOC ST	1.6656	1.7008	2.83	CANDY	8	2	0.00		1	034000941070
034100012557	LEINENKUGEL PEACH	7.1900	7.1900	10.27	BEER-GS	4	5	0.00		1	034100012557
034100015060	LEINENKUGEL SUMMER 6PK	0.0000	0.0000	10.27	BEER-GS	4	1	0.00		1	034100015060
034100016364	HIGH LIFE 12 PK CAN	7.3850	8.2600	11.80	BEER-GS	4	0	0.00		1	034100016364
034100516055	LEINENKUGEL	7.9800	7.9875	10.50	BEER-GS	4	1	0.00		1	034100516055
0341005160550	LEINENKUGEL SUMMER SHADY	0.0000	0.0000	12.29	BEER-GS	4	1	0.00		1	0341005160550
034100623401	ICEHOUSE BEER 355ML 18PK	17.8200	17.8200	17.82	LIQUOR STORE	5	1	9.00		1	034100623401
034183000106	ALEXIA MEX STYLE CORN	4.4310	4.4310	6.15	FROZEN FOODS	13	3	0.00		1	034183000106
034500151368	L O L BUTTER	5.8917	5.8900	8.45	DAIRY - OTHER	10	3	0.00		1	034500151368
035000053602	AJAX	0.7214	0.7000	1.17	HOUSEHOLD/CLEANING	20	4	0.00		1	035000053602
035000141071	IRISH SPRING BATH SINGLE	0.9000	0.9000	1.48	HEALTH & BEAUTY CARE	21	6	2.00		1	035000141071
035000460462	COLGATE TPSTE TTL WHTNG	6.0600	6.0600	10.19	HEALTH & BEAUTY CARE	21	8	0.00		1	035000460462
035000463708	COLGATE TPSTE TTL CLN MIN	6.0600	6.0600	8.50	HEALTH & BEAUTY CARE	21	8	1.00		1	035000463708
035000511058	COLGATE TPSTE REG TRAVEL	1.4800	1.4800	2.47	HEALTH & BEAUTY CARE	21	8	3.00		1	035000511058
035000511119	COLGATE TPSTE REG	1.1200	1.1200	1.89	HEALTH & BEAUTY CARE	21	6	0.00		1	035000511119
035000953605	AJAX CLEANSER	0.7000	0.7000	1.19	LAUNDRY	88	0	0.00		1	035000953605
035751111095	CHEESE DANISH	0.0000	0.0000	2.50	SNACKS - BAKERY	16	1	0.00		1	035751111095
035900307843	SAND CHOC SSALT CRML	0.0000	0.0000	0.00	CANDY	8	2	0.00		1	035900307843
035900307911	SAND CHOC SSALT CRML	1.5001	1.5001	2.50	CANDY	8	2	0.00		1	035900307911
035900312175	SAND DRK CHOC SSALT CRML	6.2013	6.2013	9.15	CANDY	8	2	3.00		1	035900312175
035900312199	SAND DRK CHOC SSALT CRML	0.0000	0.0000	0.00	CANDY	8	2	0.00		1	035900312199
036000123234	KLEENEX POCKET PACK (BOX)	0.3900	0.3900	0.59	HOUSEHOLD/CLEANING	20	3	12.00		1	036000123234
036000500912	KLEENEX WHITE FACIAL TISS	2.0600	2.0600	3.43	HOUSEHOLD/CLEANING	20	3	0.00		1	036000500912
036192122152	SANTA C LEMON JUICE OG	2.9194	2.8779	5.99	COLD BEVERAGES	7	4	6.00		1	036192122152
036192122169	SANTA C LIME JUICE 16OZ	3.0024	2.8779	5.99	COLD BEVERAGES	7	4	7.00		1	036192122169
036192122220	S.C. LIMEADE	2.1389	2.0808	4.82	COLD BEVERAGES	7	4	8.00		1	036192122220
036192122459	S.C. LEMONADE	2.1397	2.0808	4.12	COLD BEVERAGES	7	4	5.00		1	036192122459
036192122466	S.C. STRAW LEMONADE	2.5188	2.5188	3.82	COLD BEVERAGES	7	4	0.00		1	036192122466
036192123555	SC MANGO LEM 16OZ	0.0000	0.0000	3.09	COLD BEVERAGES	7	4	0.00		1	036192123555
036192123678	S.C. BLUEBRY LMNADE	2.5360	2.5374	3.82	COLD BEVERAGES	7	4	0.00		1	036192123678
036277334395	CAN LNR 15GL	0.0765	0.0765	0.14	HOUSEHOLD/CLEANING	20	2	0.00		1	036277334395
036602001015	RICOLA STICK ORIG HERBAL	1.0560	1.0560	1.79	HEALTH & BEAUTY CARE	21	1	17.00		1	036602001015
036602001022	RICOLA STICK CHERRY HONEY	0.9555	0.9555	1.59	HEALTH & BEAUTY CARE	21	1	0.00		1	036602001022
036602079175	RICOLA BAG CGH/THT ORG HE	2.8900	2.8900	4.89	HEALTH & BEAUTY CARE	21	1	2.00		1	036602079175
036602833135	RICOLA STICK CHERRY	0.9555	0.9555	1.59	HEALTH & BEAUTY CARE	21	1	0.00		1	036602833135
036632020840	OIKOS BLUEBERRY YOGURT	1.6625	1.6625	2.38	DAIRY - OTHER	10	4	0.00		1	036632020840
036632027535	OIKOS GREEK YOGURT	5.6579	5.6433	8.06	DAIRY - OTHER	10	4	0.00		1	036632027535
036632032416	OIKOS GREEK YOGURT	5.8271	5.8267	8.21	DAIRY - OTHER	10	4	0.00		1	036632032416
036632074966	HORIZON 2% HLF GAL	0.0000	0.0000	8.55	DAIRY - FLUID	9	1	0.00		1	036632074966
037000004707	GAIN LIQ 2X ORIG	1.0900	1.0900	1.98	HOUSEHOLD/CLEANING	20	1	0.00		1	037000004707
037000018704	TIDE TO GO STAIN PEN	2.6900	3.0067	5.47	HOUSEHOLD/CLEANING	20	1	0.00		1	037000018704
037000172819	CREST TPASTE CMPLTE WHTNG	2.9000	2.9000	4.83	HEALTH & BEAUTY CARE	21	8	2.00		1	037000172819
037000228806	CREST WHITENING+SCOPE TPA	3.6725	3.6700	5.19	HEALTH & BEAUTY CARE	21	8	4.00		1	037000228806
037000349662	ALWAYS ULTRA THIN REG WIN	2.2100	2.2100	3.69	HEALTH & BEAUTY CARE	21	3	0.00		1	037000349662
037000349679	ALWAYS MAXI REG WING	2.4100	2.4100	4.02	HEALTH & BEAUTY CARE	21	3	0.00		1	037000349679
037000397137	DAWN ULTRA ORIGINAL	1.2129	1.1800	2.15	HOUSEHOLD/CLEANING	20	2	0.00		1	037000397137
037000435150	MR CLEAN MAGIC ERASER	2.0217	2.0217	3.36	HOUSEHOLD/CLEANING	20	4	5.00		1	037000435150
037000512189	CREST TPASTE ANTI-CAVITY	1.2900	1.2900	2.15	HEALTH & BEAUTY CARE	21	8	0.00		1	037000512189
037000513117	CREST TPASTE REGULAR	2.2286	2.2300	3.72	HEALTH & BEAUTY CARE	21	8	0.00		1	037000513117
037000663812	ALWAYS PADS MAXI REGULAR	3.5700	3.5700	5.99	HEALTH & BEAUTY CARE	21	3	0.00		1	037000663812
037000958604	BOUNCE OUTDOOR FRESH	1.0040	1.1300	1.88	HOUSEHOLD/CLEANING	20	1	0.00		1	037000958604
037000962564	FEBREEZE AIR EFFECTS LINI	2.9700	2.9700	4.95	HOUSEHOLD/CLEANING	20	4	0.00		1	037000962564
037014000207	ENDANGERED OWL BAR CHOC	4.0910	4.0910	5.84	CANDY	8	2	15.00		1	037014000207
037014000375	ESC TAMARIN DCHC CHRY CN	4.0620	4.0894	6.29	CANDY	8	2	12.00		1	037014000375
037014000498	ENDANGERED EAGLE CHOCBAR	2.7732	2.7732	0.00	CANDY	8	2	0.00		1	037014000498
037014000566	ENDANGERED DRK CHC PNUT	2.2891	2.2715	3.79	CANDY	8	2	0.00		1	037014000566
037014000610	ENDANGERED CHC BR MLK PB	2.6996	2.7319	4.55	CANDY	8	2	0.00		1	037014000610
037014000627	ENDANGERED CHC BR MLK CM	1.5610	1.5610	2.60	CANDY	8	2	0.00		1	037014000627
037014000634	ESC CORAL DK CHO BR ORNG	2.9770	3.0172	3.56	CANDY	8	2	-1.00		1	037014000634
037014000641	ESC RASPBRY FILL DRK CHC	2.7732	2.7732	3.96	CANDY	8	2	0.00		1	037014000641
037014242232	ENDANGERED TIGER BAR	2.7319	2.7319	4.55	CANDY	8	2	0.00		1	037014242232
037014242256	ENDANGERED BLK RHINO BAR	2.5041	2.5041	4.17	CANDY	8	2	0.00		1	037014242256
037014242263	ESC RAIN FRST MNT DCH BR	2.7319	2.7319	4.55	CANDY	8	2	0.00		1	037014242263
037014242287	ENDANGERED RASP DRK CHOC	2.7319	2.7319	4.55	CANDY	8	2	0.00		1	037014242287
037014242386	ESC SEA TURTLE BBRY DCH	4.0910	4.0910	5.84	CANDY	8	2	7.00		1	037014242386
037014242478	ENDANGERED PANTHER BAR	2.5281	2.9969	4.22	CANDY	8	2	0.00		1	037014242478
037014242485	ENDANGERED BAT BAR	2.7319	2.7319	4.55	CANDY	8	2	0.00		1	037014242485
037102170102	MONTERY BABY BELLA	2.9889	3.1000	4.43	PRODUCE	18	0	36.00		1	037102170102
037102281402	MONTERY MUSHROOMS WHITE	2.9333	2.9333	4.19	PRODUCE	18	0	18.00		1	037102281402
037102281457	MUSHROOMS BBY PORT	3.1000	3.1000	4.43	PRODUCE	18	2	-24.00		1	037102281457
037102281525	MUSHROOMS  PORT CAPS OG	4.1125	4.1125	5.48	PRODUCE	18	2	-13.00		1	037102281525
037295003669	FRUITSTIX STRAWBRY FB	3.4538	3.4538	5.76	ICE CREAM	12	2	0.00		1	037295003669
037321001201	DIATOMACEOUS	9.8000	9.8000	16.33	HOUSEHOLD/CLEANING	20	4	8.00		1	037321001201
037600000628	HORMEL PEPPERONI STIX	0.4990	0.4990	0.89	SNACKS - OTHER	17	1	0.00		1	037600000628
037983279109	AE GRTD PARMESAN CHEESE	5.3569	5.3568	5.36	DAIRY - OTHER	10	1	0.00		1	037983279109
038000131905	RICE KRSP TRT BIG BAR BLS	0.9342	0.9342	1.56	SNACKS - BAKERY	16	0	0.00		1	038000131905
038000138577	PRINGLES CHEDDAR CHSE	2.2800	2.2800	3.89	SNACKS - SALTY	15	1	0.00		1	038000138577
038000138638	PRINGLES PIZZA	1.8200	1.8200	3.03	SNACKS - SALTY	15	1	0.00		1	038000138638
038000169663	PRINGLES MEGA ORIG	2.6100	2.6100	4.35	SNACKS - SALTY	15	1	0.00		1	038000169663
038000169687	PRINGLES MEGA SR CRM ONIO	2.6100	2.6100	4.35	SNACKS - SALTY	15	1	0.00		1	038000169687
038000183713	PRINGLES BBQ	2.2800	2.2800	3.80	SNACKS - SALTY	15	1	0.00		1	038000183713
038000183928	PRINGLES HNY MUSTARD	2.2800	2.2800	3.80	SNACKS - SALTY	15	1	0.00		1	038000183928
038000222559	POP TARTS FROST BLUEBERRY	3.2600	3.2600	5.44	SNACKS - BAKERY	16	1	0.00		1	038000222559
038000222610	POP TARTS FROST CINN BRWN	3.3880	3.4200	5.71	SNACKS - BAKERY	16	1	0.00		1	038000222610
038000222696	POP TARTS FROST RASPBRY	3.4800	3.4800	5.81	SNACKS - BAKERY	16	1	0.00		1	038000222696
038000311314	POP TARTS FROST BRWN SGR	0.9083	0.9083	1.51	SNACKS - BAKERY	16	0	0.00		1	038000311314
038000313295	FROSTED MINI WHEATS	0.0000	0.0000	2.29	EDIBLE GROCERY	19	2	0.00		1	038000313295
038000581717	POP TART SMORES	0.0000	0.0000	1.99	SNACKS - BAKERY	16	0	0.00		1	038000581717
038000590993	RICE KRSP TRT BIG ORIG	1.1165	1.0825	1.80	SNACKS - BAKERY	16	0	0.00		1	038000590993
038000765414	RICE KRSP TRT BAR	0.7430	0.7430	1.24	SNACKS - BAKERY	16	0	12.00		1	038000765414
038000845260	PRNGLS CHED 2.5 OZ	0.0000	0.0000	2.39	SNACKS - SALTY	15	1	0.00		1	038000845260
038000848940	PRINGLES S&V	0.0000	0.0000	2.39	SNACKS - SALTY	15	1	0.00		1	038000848940
038097007855	TWZRMN NAIL FILE FILEMAT	4.6012	4.6193	7.49	HEALTH & BEAUTY CARE	21	6	3.00		1	038097007855
038097008029	TWZRMN NAIL CLIPPER SET	8.2205	8.2370	12.97	HEALTH & BEAUTY CARE	21	6	2.00		1	038097008029
038097012309	TWZRMN SLNT TWZR AST CLR	15.5600	15.5600	22.23	HEALTH & BEAUTY CARE	21	6	0.00		1	038097012309
038097020694	TWZRMN MANICURE KIT	7.2548	7.2548	10.36	HEALTH & BEAUTY CARE	21	6	7.00		1	038097020694
038097022148	TWZRMN CMBO CLPR CLPSTRP	7.7800	7.7800	11.11	HEALTH & BEAUTY CARE	21	6	0.00		1	038097022148
038097123104	TWZRMN SLNT TWZR CLASSIC	15.9660	16.1532	20.24	HEALTH & BEAUTY CARE	21	6	3.00		1	038097123104
038097308501	TWZRMN SS FNGRNAIL CLPPR	4.6193	4.6193	6.92	HEALTH & BEAUTY CARE	21	6	2.00		1	038097308501
038261857361	BUB KOSHER DILL PICKLES	7.5093	7.5093	11.23	EDIBLE GROCERY	19	10	5.00		1	038261857361
038261857477	BUB SAUERKRAUT	5.2348	5.2348	10.68	EDIBLE GROCERY	19	10	4.00		1	038261857477
038261857620	BUB HORSERADISH PREPARED	3.3016	3.3016	5.09	EDIBLE GROCERY	19	7	11.00		1	038261857620
038794998050	CEDAR CHICKEN TAMALE	4.4869	4.4868	7.48	FROZEN FOODS	13	1	0.00		1	038794998050
039047001152	WLK SHORTBREAD FINGERS	3.9038	3.9038	5.71	SNACKS - BAKERY	16	3	4.00		1	039047001152
039047001312	WLK TRIANGLE SHORTBREAD	3.8665	3.8665	6.44	SNACKS - BAKERY	16	3	0.00		1	039047001312
039101005317	JOHNSENS DE ICER	2.3400	2.3400	3.89	AUTOMOTIVE PRODUCTS	24	2	2.00		1	039101005317
039278322002	TIGER BALM PATCH WARM	3.6402	3.6402	6.07	HEALTH & BEAUTY CARE	21	6	0.00		1	039278322002
039278440201	TIGER MUSCLE RUB	3.7341	3.7341	5.33	HEALTH & BEAUTY CARE	21	6	0.00		1	039278440201
039364100637	SOUTHBEND SWIVELS ASSORTD	2.3800	2.3800	3.99	CAMPING & OUTDOORS	43	2	0.00		1	039364100637
039364100705	SOUTH B HOOKS ASRTD	2.8100	2.8100	4.95	CAMPING & OUTDOORS	43	2	0.00		1	039364100705
039364147175	SOUTH B MONOFIL LINE 6LB	1.7000	1.7000	2.95	CAMPING & OUTDOORS	43	2	0.00		1	039364147175
039612175707	TRISONIC CABLE TIE 8 	1.6000	1.6000	2.99	GENERAL MERCHANDISE	22	8	5.00		1	039612175707
039675777771	HAVE'A CORN CHIPS 4Z	2.5204	2.5204	3.98	SNACKS - SALTY	15	2	19.00		1	039675777771
039800013613	ENRGZR BATT MAX 9V ENR522	5.9400	5.9400	9.89	GENERAL MERCHANDISE	22	2	0.00		1	039800013613
039800032805	ENRGZR BATT 2032	3.3700	3.3700	4.81	GENERAL MERCHANDISE	22	2	0.00		1	039800032805
039800032836	ENRGZR BATT 2025	3.3700	3.3700	5.69	GENERAL MERCHANDISE	22	2	3.00		1	039800032836
039800032843	ENRGZR BATT 2016	3.3700	3.3700	5.69	GENERAL MERCHANDISE	22	2	3.00		1	039800032843
039800059390	EVRDY BATT 1222SW SHD 9V	2.1200	2.1200	3.59	GENERAL MERCHANDISE	22	2	0.00		1	039800059390
039978001849	BOBS OTML CUP APL CINN	1.8036	1.8048	3.01	EDIBLE GROCERY	19	2	13.00		1	039978001849
039978002839	BOBS MASA CORN FOUR	4.0675	4.0675	5.81	EDIBLE GROCERY	19	3	4.00		1	039978002839
039978002860	BOBS GRANOLA PEANUT BTR	4.6388	4.6388	7.14	EDIBLE GROCERY	19	2	0.00		1	039978002860
039978004734	BOBS BROWNIE MIX FUDGY	3.4929	3.4937	5.43	EDIBLE GROCERY	19	4	9.00		1	039978004734
039978008442	BOBS SEEDS CHIA	5.6541	5.6541	9.31	SNACKS - OTHER	17	5	0.00		1	039978008442
039978011039	BOBS MUESLI CEREAL	8.1885	8.1884	12.77	EDIBLE GROCERY	19	2	3.00		1	039978011039
039978019028	BOBS PNUT BTR JELLY OATS	1.2229	1.2229	2.04	SNACKS - OTHER	17	3	7.00		1	039978019028
039978019448	BOBS RED QUINOA	4.9889	4.9889	7.68	EDIBLE GROCERY	19	3	0.00		1	039978019448
039978024725	BOBS CORN MEAL GF	3.1874	3.1874	0.00	EDI/UNKNOWN	99	0	4.00		1	039978024725
039978025050	BOBS ARROWROOT STARCH	5.2053	5.2053	7.95	EDIBLE GROCERY	19	4	4.00		1	039978025050
039978025463	BOBS NUTRTNL DRY YEAST	5.2855	5.2855	8.12	EDIBLE GROCERY	19	12	0.00		1	039978025463
039978025784	BOBS SHREDDED CNUT	3.6055	3.6055	5.63	EDIBLE GROCERY	19	4	0.00		1	039978025784
039978025807	OG2 BOBS BUCKWHEAT GRTS	4.7458	4.7458	0.00	EDI/UNKNOWN	99	0	0.00		1	039978025807
039978029539	BOBS QKCOOK RLD OATS	3.2676	3.2676	5.45	EDIBLE GROCERY	19	2	2.00		1	039978029539
039978029874	BOBS WHOLE WHEAT FLR	6.9037	6.9084	11.15	EDIBLE GROCERY	19	3	6.00		1	039978029874
039978032324	BOBS FLXSD MEAL GLDEN GF	4.1210	4.1210	6.34	EDIBLE GROCERY	19	0	2.00		1	039978032324
039978033062	BOBS CORNMEAL CRSE GRND	2.4580	2.4580	0.00	EDI/UNKNOWN	99	0	0.00		1	039978033062
039978033765	BOB QCK COOK ROLLED OAT	6.6271	6.6033	10.34	EDIBLE GROCERY	19	2	0.00		1	039978033765
039978033918	BOBS BAKING SODA	2.6452	2.6452	4.15	EDIBLE GROCERY	19	4	1.00		1	039978033918
039978033925	BOBS BAKING POWDER	3.2992	3.2992	5.41	EDIBLE GROCERY	19	4	3.00		1	039978033925
039978034960	BOBS COUSCS PEARL NTRL	3.4572	3.4572	5.39	EDIBLE GROCERY	19	3	4.00		1	039978034960
039978035783	BOBS SHREDED COCONUT	6.3431	6.3966	9.84	EDIBLE GROCERY	19	4	0.00		1	039978035783
039978035813	BOBS COCONUT FLAKES	3.7714	3.8146	5.18	EDIBLE GROCERY	19	4	4.00		1	039978035813
039978039187	BOBS CRNMEAL MEDIUM	3.4694	3.4694	4.96	EDIBLE GROCERY	19	4	0.00		1	039978039187
039978039378	BOBS FLXSD MEAL BRWN	4.4589	4.4589	6.86	SNACKS - OTHER	17	5	-4.00		1	039978039378
039978039521	BOBS OLDFASH RLD OAT	3.2676	3.2676	5.45	EDIBLE GROCERY	19	2	0.00		1	039978039521
039978039538	BOBS QKCOOK RLD OATS	5.3804	5.3804	8.28	EDIBLE GROCERY	19	2	0.00		1	039978039538
039978039576	BOBS STEEL CUT OATS	4.4468	4.4468	6.59	EDIBLE GROCERY	19	2	-2.00		1	039978039576
039978041401	BOBS STEEL CUT OATS	3.3262	3.3114	5.21	EDIBLE GROCERY	19	2	4.00		1	039978041401
039978041548	BOBS OFASH RG ROLLED OAT	4.1587	4.1598	6.40	EDIBLE GROCERY	19	2	0.00		1	039978041548
039978043818	BOBS ALMND BLNCHD FLOUR	14.7966	14.7966	19.73	EDIBLE GROCERY	19	4	1.00		1	039978043818
039978044532	BOBS BAKING FLOUR 1 TO 1	8.0596	8.0596	12.59	EDIBLE GROCERY	19	4	1.00		1	039978044532
039978045010	BOBS YEAST DRY ACTIVE	4.4015	4.4015	6.83	EDIBLE GROCERY	19	4	3.00		1	039978045010
039978045843	BOBS COUSCOUS GOLDEN	4.6155	4.6534	7.16	EDIBLE GROCERY	19	3	0.00		1	039978045843
039978049520	BOB OLDFASH RLD OAT	5.3804	5.3804	8.43	EDIBLE GROCERY	19	2	3.00		1	039978049520
039978053046	BOBS CORN MEAL MEDIUM	2.5115	2.5115	3.99	EDIBLE GROCERY	19	2	0.00		1	039978053046
039978063236	BOBS QUINOA WHL GRN	10.2477	10.2477	14.77	EDIBLE GROCERY	19	3	0.00		1	039978063236
039978099020	BOBS PNUTBT BANANA OATS	1.2228	1.2229	2.01	SNACKS - OTHER	17	3	0.00		1	039978099020
039978104533	BOBS BKING FLOUR 1TO1 GF	58.8848	58.8848	0.00	EDI/UNKNOWN	99	0	0.00		1	039978104533
039978111074	BOBS 7 GRAIN HOT CEREAL	2.9377	2.9223	4.86	EDIBLE GROCERY	19	2	4.00		1	039978111074
039978111524	BOBS CRMY WHT HOT CEREAL	3.2700	3.2700	5.08	EDIBLE GROCERY	19	2	5.00		1	039978111524
039978113139	OG2 BOBS RYE DARK	3.0464	3.0464	0.00	EDI/UNKNOWN	99	0	0.00		1	039978113139
039978113214	BOBS WHEAT BRAN	2.2635	2.2635	0.00	EDI/UNKNOWN	99	0	0.00		1	039978113214
039978114358	BOBS BEANS RED LENTILS	5.4209	5.4217	8.46	EDIBLE GROCERY	19	3	3.00		1	039978114358
039978115201	BOBS MILK PWDR NONFT DRY	9.5052	9.5086	12.80	DAIRY - FLUID	9	1	5.00		1	039978115201
039978118608	BOBS FARRO	5.2612	5.2612	8.19	EDIBLE GROCERY	19	3	3.00		1	039978118608
039978119193	BOBS CRN GRTS PLNTA	3.7830	3.7830	5.94	EDIBLE GROCERY	19	3	4.00		1	039978119193
039978124067	BOBS MILLET WHLE GRN GF	3.2287	3.2287	5.38	EDIBLE GROCERY	19	3	0.00		1	039978124067
040000000310	M&M MILK CHOC	1.3359	1.3367	1.91	CANDY	8	2	29.00		1	040000000310
040000000327	M&M PEANUT	1.3371	1.3371	1.91	CANDY	8	2	15.00		1	040000000327
040000000518	STARBURST ORIGINAL	1.2996	1.3367	2.06	CANDY	8	3	13.00		1	040000000518
040000001041	MILKY WAY MIDNIGHT	1.1088	1.1087	1.85	CANDY	8	2	-9.00		1	040000001041
040000001058	SNICKERS ALMOND	1.3365	1.3367	1.91	CANDY	8	2	21.00		1	040000001058
040000001447	M&M PB	1.3304	1.3304	1.90	CANDY	8	2	0.00		1	040000001447
040000001560	STARBURST TROPICAL	0.7739	0.7739	1.29	CANDY	8	3	0.00		1	040000001560
040000001607	SKITTLES	1.2871	1.3367	2.06	CANDY	8	3	18.00		1	040000001607
040000001621	SKITTLES WILD BERRY	1.3316	1.3367	2.06	CANDY	8	3	20.00		1	040000001621
040000001638	SKITTLES TROPICAL	1.2834	1.3367	2.06	CANDY	8	3	28.00		1	040000001638
040000002666	SKITTLES SOUR	1.3351	1.3367	2.06	CANDY	8	3	24.00		1	040000002666
040000004356	TWIX CARAMEL BAR	1.3366	1.3367	1.91	CANDY	8	2	15.00		1	040000004356
040000402657	M M PRETZEL	1.1280	1.1442	1.91	CANDY	8	2	0.00		1	040000402657
040000422068	MILKY WAY	1.3367	1.3367	1.91	CANDY	8	2	15.00		1	040000422068
040000422082	3 MUSKETEERS	1.3367	1.3367	1.91	CANDY	8	2	18.00		1	040000422082
040000424314	SNICKERS	1.3371	1.3371	1.91	CANDY	8	2	47.00		1	040000424314
040000494805	M&M CRISPY	0.8558	0.8558	1.43	CANDY	8	2	0.00		1	040000494805
040000494836	M&M CRISPY SHR SZ	1.7973	1.8038	3.01	CANDY	8	2	0.00		1	040000494836
040000497547	M&M PEANUT BOX PACK	1.3108	1.3108	2.19	CANDY	8	2	0.00		1	040000497547
040000502906	M&M COFFEE NUT SHR SZ	1.4890	1.4954	2.49	CANDY	8	2	0.00		1	040000502906
040000508861	M&M CHOC CARAMEL SHR SZ	1.3904	1.3904	2.32	CANDY	8	2	0.00		1	040000508861
040000555391	M&M FUDGE BROWNIE	1.1051	1.1087	1.85	CANDY	8	2	0.00		1	040000555391
040000564010	SNICKERS ALMD BROWNIE DK	0.9469	0.9833	1.64	CANDY	8	2	0.00		1	040000564010
040000580294	M&M PEANUT	2.6400	2.6400	4.40	CANDY	8	2	0.00		1	040000580294
040000586074	M&M CARAMEL COLD BREW	1.2851	1.2875	1.84	CANDY	8	2	39.00		1	040000586074
040818069523	PLATYPUS 2L FILTER	80.5700	80.5700	115.95	CAMPING & OUTDOORS	43	1	2.00		1	040818069523
040818091043	PACKTOWEL OG BLUE MED	12.1600	12.1600	19.95	CAMPING & OUTDOORS	43	1	0.00		1	040818091043
040818116401	LUXE TOWEL SAGE	24.0000	24.0000	40.00	CAMPING & OUTDOORS	43	1	2.00		1	040818116401
040818116524	LUXE TOWEL LAKE	24.0000	24.0000	40.00	CAMPING & OUTDOORS	43	1	1.00		1	040818116524
040850140310	ALASKA 6pk	7.1950	7.1950	11.07	BEER-GS	4	5	8.00		1	040850140310
040850150319	ALASKAN BREWING CO 12PK	14.4400	14.4400	21.88	BEER-GS	4	5	0.00		1	040850150319
040900016084	DAIRYSTAR HVY CRM QT	1.6975	1.6975	2.12	DAIRY - FLUID	9	2	0.00		1	040900016084
041053000753	TSN GARAGE GORILLA GAS PU	6.8000	6.8000	0.00	STORE USE/SUPPLY	94	0	0.00		1	041053000753
041100080226	CLARITIN TABS	7.5300	7.5300	11.57	HEALTH & BEAUTY CARE	21	1	2.00		1	041100080226
041116005640	RING POP TWIST	0.0000	0.0000	0.99	CANDY	8	3	0.00		1	041116005640
041165416206	SOLO SQUARE CUP 18Z	2.4200	2.4200	4.03	HOUSEHOLD/CLEANING	20	2	0.00		1	041165416206
041167100349	ROLAIDS ROLLS MINT ULT ST	0.8717	0.8717	1.49	HEALTH & BEAUTY CARE	21	1	3.00		1	041167100349
041167100387	ROLAIDS ROLLS MINT B2G1F	1.9792	1.9792	3.30	HEALTH & BEAUTY CARE	21	1	0.00		1	041167100387
041167100448	ROLAIDS ROLLS FRUIT ULT STR TRAY	0.7575	0.7575	1.28	HEALTH & BEAUTY CARE	21	1	0.00		1	041167100448
041186000514	ANDES CREME DE MENTHE	0.0707	0.0707	0.10	CANDY	8	2	107.00		1	041186000514
041224740266	ROL BAMBOO TOOTHPICKS	1.3405	1.3405	1.98	HOUSEHOLD/CLEANING	20	2	0.00		1	041224740266
041224740303	ROL RND BRCHWD TOOTHPICK	0.3856	0.3856	0.77	HOUSEHOLD/CLEANING	20	2	35.00		1	041224740303
041235000748	MRS REN SALSA PEACH	3.8624	3.8624	6.43	EDIBLE GROCERY	19	7	0.00		1	041235000748
041244000098	MARTIN APPLE JUICE	1.3980	1.3980	1.96	COLD BEVERAGES	7	4	0.00		1	041244000098
041244102334	MARTIN APPLE JUICE	0.0000	0.0000	0.00	COLD BEVERAGES	7	4	0.00		1	041244102334
041271027730	STOK UNSWEET COFFEE RTD	0.0000	0.0000	0.00	COLD BEVERAGES	7	5	0.00		1	041271027730
041294973267	PINE SOL LIQUID CLNR	2.7863	2.8200	4.03	HOUSEHOLD/CLEANING	20	4	10.00		1	041294973267
041333116013	DURACELL BATT 9V       MN	6.1700	6.1700	10.28	GENERAL MERCHANDISE	22	8	2.00		1	041333116013
041333213019	DURACELL BATT D        MN	6.6475	6.8600	8.59	GENERAL MERCHANDISE	22	2	4.00		1	041333213019
041333214016	DURACELL BATT C        MN	6.1700	6.1700	10.29	GENERAL MERCHANDISE	22	2	5.00		1	041333214016
041333215013	DURACELL BATT AA       MN	3.5000	3.5000	5.19	GENERAL MERCHANDISE	22	2	6.00		1	041333215013
041333224015	DURACELL BATT AAA      MN	3.5000	3.5000	5.19	GENERAL MERCHANDISE	22	2	8.00		1	041333224015
041333415017	DURACELL BATT AA       MN	5.9900	5.9900	8.56	GENERAL MERCHANDISE	22	2	3.00		1	041333415017
041333424019	DURACELL BATT AAA	6.6138	6.7200	8.39	GENERAL MERCHANDISE	22	2	6.00		1	041333424019
041333430010	DURACELL BATT COPPERTOP D	12.7200	12.7200	18.59	GENERAL MERCHANDISE	22	2	3.00		1	041333430010
041333825014	DURACELL BATT ALK AA	11.7300	12.6500	15.77	GENERAL MERCHANDISE	22	2	6.00		1	041333825014
041333844015	DURACELL ALK BATT AAA	11.6525	11.8400	14.69	GENERAL MERCHANDISE	22	2	4.00		1	041333844015
041345517181	OREGON RED TART CHERRIES	4.6219	4.6219	7.11	EDIBLE GROCERY	19	9	-1.00		1	041345517181
041364544892	RED VINES TWISTS OG RED	0.0000	0.0000	5.39	CANDY	8	3	0.00		1	041364544892
041388210216	BLISTEX LIP OINT MED	2.3400	2.3400	3.89	HEALTH & BEAUTY CARE	21	8	0.00		1	041388210216
041388220215	BLISTEX BERRY	1.2200	1.2200	2.09	HEALTH & BEAUTY CARE	21	1	0.00		1	041388220215
041388220314	BLISTEX L/BALM MINT	1.2200	1.2200	2.09	HEALTH & BEAUTY CARE	21	1	0.00		1	041388220314
041388220611	BLISTEX L/BALM MED	1.2400	1.2400	2.09	HEALTH & BEAUTY CARE	21	1	0.00		1	041388220611
041419714751	COMBOS PRTZL PIZZA	0.5578	0.5578	0.93	SNACKS - SALTY	15	3	0.00		1	041419714751
041420013195	SATHERS 2/$2.00 CANDY COR	0.7225	0.7225	1.20	CANDY	8	4	0.00		1	041420013195
041420045691	NERDS ROPE RAINBOW	1.1621	1.1621	1.79	CANDY	8	3	9.00		1	041420045691
041433000953	DELI EXP HAM CHS	3.0000	3.0000	4.29	GRAB & GO FOODS	11	1	0.00		1	041433000953
041433001141	DELI EXP MEGA WDG ITALIAN	3.8900	3.8900	6.39	GRAB & GO FOODS	11	1	0.00		1	041433001141
041433001165	DELI EXP MEGA WDG HAM/CHS	3.8900	3.8900	6.39	GRAB & GO FOODS	11	1	0.00		1	041433001165
041433001202	DELI EXP WDG CHIX SALAD	3.3400	3.3400	5.49	GRAB & GO FOODS	11	1	0.00		1	041433001202
041433001219	DELI EXP WDG TRKY/CHSE	3.1400	3.1400	5.49	GRAB & GO FOODS	11	1	0.00		1	041433001219
041433001240	DELI EXP WDG HAM/CHSE	3.3400	3.3400	5.49	GRAB & GO FOODS	11	1	1.00		1	041433001240
041433001578	DELI EXP WDG DELI CLUB	3.3400	3.3400	5.49	GRAB & GO FOODS	11	1	0.00		1	041433001578
041433001660	DELI EXP SUB ITALIAN TRAD	4.0600	4.0600	6.69	GRAB & GO FOODS	11	1	3.00		1	041433001660
041433001806	DELI EXP HOT2GO CROIS H/E	2.5400	2.5400	4.69	GRAB & GO FOODS	11	1	0.00		1	041433001806
041433009536	RANCH CHICKEN SALAD SAND	2.6500	2.6500	3.89	GRAB & GO FOODS	11	1	0.00		1	041433009536
041433009574	MARKET SANDWICH MEGA ITALIAN	5.6700	5.6700	7.69	GRAB & GO FOODS	11	1	0.00		1	041433009574
041433024102	MARKET ARTISAN SUB SMKD T	4.8313	4.8312	8.09	GRAB & GO FOODS	11	1	6.00		1	041433024102
041433024119	MARKET ARTISAN SUB ITALIA	5.2900	5.2900	8.49	GRAB & GO FOODS	11	1	3.00		1	041433024119
041433025765	MARKET WRAP TURKEY CLUB	4.9758	4.9812	7.09	GRAB & GO FOODS	11	1	5.00		1	041433025765
041433030141	MARKET ARTISAN SNDW HAM/S	4.2488	4.2488	7.09	GRAB & GO FOODS	11	1	0.00		1	041433030141
041433030158	MARKET ARTISAN SNDW TRK/C	4.2488	4.2488	7.09	GRAB & GO FOODS	11	1	0.00		1	041433030158
041433030837	MARKET SUB SMKD HAM/SWS/H	4.4583	4.4583	6.99	GRAB & GO FOODS	11	1	6.00		1	041433030837
041433030844	MARKET SUB SMKD TRKY/PRV	4.4583	4.4583	7.39	GRAB & GO FOODS	11	1	6.00		1	041433030844
041457043912	GOODY BRUSH WOODGRAIN	1.7400	1.7400	2.90	HEALTH & BEAUTY CARE	21	6	1.00		1	041457043912
041457060889	GOODY BOBBY PINS 45CT BLA	1.6800	1.6800	2.79	HEALTH & BEAUTY CARE	21	6	5.00		1	041457060889
041457272565	GOODY ELASTIC BLACK 29CT	2.4480	2.5400	3.85	HEALTH & BEAUTY CARE	21	6	5.00		1	041457272565
041507065765	THAYER WITCH HAZ ASTRING	7.7527	7.8480	10.95	HEALTH & BEAUTY CARE	21	0	2.00		1	041507065765
041508192774	SAN PEL SPK BEV POMPELMO	0.9104	0.9104	1.70	COLD BEVERAGES	7	2	-41.00		1	041508192774
041508232845	SAN PEL SP BEV ARANCIATA	6.4161	6.4160	9.20	COLD BEVERAGES	7	2	16.00		1	041508232845
041508235785	SAN PEL SP ARANCIATA	0.8792	0.8792	1.70	COLD BEVERAGES	7	2	-56.00		1	041508235785
041508265089	SAN PEL LIMONATA 11.15OZ	0.9400	0.9400	1.70	COLD BEVERAGES	7	2	-85.00		1	041508265089
041508300346	SAN PEL ARANCIATA ROSSA CAN	0.8804	0.8804	1.70	COLD BEVERAGES	7	2	0.00		1	041508300346
041508300360	SAN PEL ARANCIATA ROSSA CAN 6 PK	1.9903	5.2745	10.50	COLD BEVERAGES	7	2	0.00		1	041508300360
041508300391	SAN PEL POMELMO CAN	0.8530	0.8804	1.70	COLD BEVERAGES	7	2	0.00		1	041508300391
041508300414	SAN PEL POMPELMO CAN 6 PK	1.2992	0.8404	1.70	COLD BEVERAGES	7	2	0.00		1	041508300414
041508511742	SAN PEL CLEMENTINA CAN	0.8450	0.8804	1.70	COLD BEVERAGES	7	2	0.00		1	041508511742
041508659376	SAN PEL MELOGRNO CAN	0.8628	0.8804	1.70	COLD BEVERAGES	7	2	-127.00		1	041508659376
041508681025	SAN PEL SP BV ARNCA RSSA	6.4161	6.4160	10.69	COLD BEVERAGES	7	2	32.00		1	041508681025
041508760072	SAN PEL SP BV MLGRNO&ARN	6.4161	6.4160	9.20	COLD BEVERAGES	7	2	24.00		1	041508760072
041508788830	SAN PEL SP BV ARNCA & FD	5.3887	5.4622	9.10	COLD BEVERAGES	7	2	0.00		1	041508788830
041508800006	SAN PEL WTR MINERAL	2.3286	2.3332	3.55	COLD BEVERAGES	7	4	0.00		1	041508800006
041508800082	SAN PEL SPK WTR MINERAL	1.1370	1.1370	1.90	COLD BEVERAGES	7	2	3.00		1	041508800082
041508800129	SAN PEL SPK MINERAL WTR	1.7585	1.7585	3.18	COLD BEVERAGES	7	2	0.00		1	041508800129
041508800600	SAN PEL ARANCIATA  CAN	0.8804	0.8804	1.70	COLD BEVERAGES	7	2	0.00		1	041508800600
041508800648	SAN PEL LIMONATA CAN	0.8804	0.8804	1.70	COLD BEVERAGES	7	2	0.00		1	041508800648
041508800709	SAN PEL ARANCIATA CAN 6 PK	1.8672	4.6853	7.81	COLD BEVERAGES	7	2	0.00		1	041508800709
041508800747	SAN PEL LIMONATE CAN 6 PK	1.5952	0.8406	1.70	COLD BEVERAGES	7	2	0.00		1	041508800747
041508802185	SAN PEL SPK WATER REG	2.3559	2.3559	3.47	COLD BEVERAGES	7	2	0.00		1	041508802185
041508803052	SAN PEL SPRKLNG NAT MIN	0.8671	0.8671	1.70	COLD BEVERAGES	7	2	0.00		1	041508803052
041508803069	SAN PEL SPRKLNG NAT MIN	7.6892	7.6892	11.56	COLD BEVERAGES	7	2	0.00		1	041508803069
041508803106	SPELL CHERRY & POM	1.1500	1.1500	2.16	COLD BEVERAGES	7	2	0.00		1	041508803106
041508803113	SAN PEL SPK CHRY POMGRN	6.8658	6.8658	10.56	COLD BEVERAGES	7	2	0.00		1	041508803113
041508902076	SAN PEL SPK BEV POMPELMO	6.4161	6.4160	9.20	COLD BEVERAGES	7	2	12.00		1	041508902076
041508913553	SAN PEL SPK BEV LIMONATA	6.4161	6.4160	10.69	COLD BEVERAGES	7	2	20.00		1	041508913553
041508934688	SAN PEL PRCKLYPRORNG CAN	0.8792	0.8792	1.70	COLD BEVERAGES	7	1	0.00		1	041508934688
041508934701	SAN PEL PEAR&ORGS18448	5.2745	5.2745	8.87	COLD BEVERAGES	7	2	0.00		1	041508934701
041508935845	SAN PEL SP BV ARNCA & FD	0.9104	0.9104	1.70	COLD BEVERAGES	7	2	0.00		1	041508935845
041508992688	SAN PEL SP BV ARNCA RSSA	0.9104	0.9104	1.70	COLD BEVERAGES	7	2	-157.00		1	041508992688
041540843245	PMATE PEN FLAIR BLK    84	2.8600	2.8600	4.79	GENERAL MERCHANDISE	22	4	0.00		1	041540843245
041570044261	BLUE D  ALMOND THINS	2.9240	2.9757	4.96	SNACKS - SALTY	15	5	0.00		1	041570044261
041570051795	BLUE D ALMONDS SMOKE TUBE	0.9725	0.9725	1.68	SNACKS - OTHER	17	5	-3.00		1	041570051795
041570051801	BLUE D ALMONDS R&S TUBE	0.9725	0.9725	1.68	SNACKS - OTHER	17	5	0.00		1	041570051801
041570051818	BLUE D ALMONDS WHOLE NATURAL	0.9725	0.9725	1.59	SNACKS - OTHER	17	5	-6.00		1	041570051818
041570052303	BLUE D ALMONDS WASABI/SOY	0.9674	0.9725	1.68	SNACKS - OTHER	17	5	0.00		1	041570052303
041570052600	ALM BRZ ORIG ALM MLK UNS	4.0196	4.0196	5.74	DAIRY - OTHER	10	0	0.00		1	041570052600
041570052785	BLUE D NUT THIN HINT SALT	3.3559	3.4193	5.70	SNACKS - SALTY	15	5	0.00		1	041570052785
041570054017	CRACKERSCHED CHS NUT THN BD	3.4548	3.4548	5.76	SNACKS - SALTY	15	5	0.00		1	041570054017
041570054130	ALM BRZ ALM MLK UNS ORIG	2.5021	2.5407	3.68	DAIRY - FLUID	9	4	0.00		1	041570054130
041570054161	ALMOND BREEZE UNSWEETENED	2.1015	2.4661	3.68	DAIRY - FLUID	9	4	0.00		1	041570054161
041570055762	BLUE D ALMONDS SALT & VIN	0.9725	0.9725	1.62	SNACKS - SALTY	15	5	0.00		1	041570055762
041570059227	BLUE D ALMOND SMOKEHOUSE12oz	0.0000	0.0000	11.09	SNACKS - OTHER	17	5	-6.00		1	041570059227
041570065228	BLUE D ALMONDS SMOKE	1.2642	1.2642	2.19	SNACKS - OTHER	17	5	0.00		1	041570065228
041570068274	ALMOND BREEZE ORIGINAL ALMOND MILK	2.1015	2.1015	3.00	DAIRY - FLUID	9	4	0.00		1	041570068274
041570094969	BLUE D ALMONDS TOASTED CO	0.9233	0.9233	1.59	SNACKS - OTHER	17	5	0.00		1	041570094969
041570109083	BLUE D ART FLXSD NT THN	2.7151	2.7151	5.23	SNACKS - SALTY	15	5	0.00		1	041570109083
041570110232	BLUE D ALMONDS SALT LIGHT	0.9725	0.9725	1.68	SNACKS - OTHER	17	5	-2.00		1	041570110232
041570110539	BLUE D ALMONDS SRIRACHA	0.9725	0.9725	1.68	SNACKS - OTHER	17	5	0.00		1	041570110539
041570110935	ALM BRZ VAN SINGL	0.9100	0.9100	1.30	DAIRY - FLUID	9	4	0.00		1	041570110935
041570110942	ALM BRZ UNSW VAN SINGL	0.9100	0.9100	1.30	DAIRY - FLUID	9	4	0.00		1	041570110942
041570110959	ALM BRZ CHOC 4 PACK	3.8115	3.8115	6.22	DAIRY - FLUID	9	4	0.00		1	041570110959
041570110966	ALM BRZ VANILLA 4 PACK	3.8115	3.8115	5.22	DAIRY - FLUID	9	4	0.00		1	041570110966
041570110973	ALM BRZ UNSW VAN 4PACK	3.8115	3.8115	6.09	DAIRY - FLUID	9	4	0.00		1	041570110973
041570130346	BLUE D ALMONDS SWEET THAI	0.9725	0.9725	1.68	SNACKS - OTHER	17	5	0.00		1	041570130346
041570130513	BLUE D NUT THINS CHED CHE	1.2883	1.2883	2.22	SNACKS - OTHER	17	5	0.00		1	041570130513
041570143582	BLUE D ALMONDS SPICY DILL	0.9455	0.9725	1.59	SNACKS - OTHER	17	5	0.00		1	041570143582
041570150160	BLUE D ALMONDS CHILI N LI	0.9725	0.9725	1.69	SNACKS - OTHER	17	5	-1.00		1	041570150160
041757019358	BABYBEL CHSE MINI WHT CHE	0.6886	0.6907	1.09	GRAB & GO FOODS	11	5	36.00		1	041757019358
041757026103	BABYBEL CHSE SNGLS ORIG	0.6891	0.6907	1.09	GRAB & GO FOODS	11	5	51.00		1	041757026103
041757031435	BABYBEL CHSE SINGLES ORIG	0.6546	0.6547	1.08	GRAB & GO FOODS	11	5	0.00		1	041757031435
041789002120	MARUCHAN RAMEN BEEF	0.4725	0.4725	0.79	EDIBLE GROCERY	19	6	13.00		1	041789002120
041900075170	TRUMOO CHOCOLATE MILK	0.0000	0.0000	2.09	DAIRY - FLUID	9	3	-2.00		1	041900075170
041954000098	ZAND ELDERBRRY/ZINC LOZ	2.0844	2.0219	3.49	HEALTH & BEAUTY CARE	21	2	0.00		1	041954000098
041954000142	ZAND ECHN ZINC CHRY LOZ	0.0000	0.0000	0.00	HEALTH & BEAUTY CARE	21	2	0.00		1	041954000142
042100008715	GRIZZLY LC WNTRGRN	6.6680	6.6680	8.89	TOBACCO, OTHER	3	1	0.00		1	042100008715
042100008869	GRIZZLY LC STRAIGHT	6.6680	6.6680	8.89	TOBACCO, OTHER	3	1	0.00		1	042100008869
042238302211	HARIBO GOLDBEARS	1.5202	1.5200	2.34	CANDY	8	3	13.00		1	042238302211
042238302556	HARIBO GOLDBEARS	3.1700	3.1700	5.89	CANDY	8	0	0.00		1	042238302556
042238302815	HARIBO GOLDBEARS	2.1190	2.1190	3.24	CANDY	8	3	0.00		1	042238302815
042238312210	HARIBO GOLDBEARS SOUR	1.5100	1.5100	2.32	CANDY	8	3	0.00		1	042238312210
042238750036	HARIBO SOUR STREAMERS	0.0000	0.0000	2.79	CANDY	8	3	0.00		1	042238750036
042272000807	AMYS ENTREE ENCHILADA CHS	4.6867	4.7716	7.95	FROZEN FOODS	13	1	0.00		1	042272000807
042272001019	AMYS CHEESE PIZZA	9.2971	9.2971	13.28	FROZEN FOODS	13	1	3.00		1	042272001019
042272001026	AMY PZA SPIN	0.0000	0.0000	13.02	FROZEN FOODS	13	1	0.00		1	042272001026
042272001033	AMYS RSTD VEGETABLE	9.2971	9.2971	13.28	FROZEN FOODS	13	1	1.00		1	042272001033
042272001286	AMYS 4 CHEESE PIZZA	7.3800	7.3800	10.59	FROZEN FOODS	13	1	0.00		1	042272001286
042272001644	AMY'S BROWN RICE BLK EYE VEG	4.5400	4.5400	7.57	FROZEN FOODS	13	1	0.00		1	042272001644
042272003525	AMYS BURRITO GF ND BEANS RICE	0.0000	0.0000	5.65	FROZEN FOODS	13	1	0.00		1	042272003525
042272005307	AMYS BLACK BEAN CHIL	4.1899	4.1898	5.99	EDIBLE GROCERY	19	6	12.00		1	042272005307
042272005864	AMY'S CHUNKY TOMATO BISQ	3.8803	3.8803	6.47	EDIBLE GROCERY	19	9	0.00		1	042272005864
042272005932	AMYS GLDN LNTL SOUP	3.8430	3.8430	5.91	EDIBLE GROCERY	19	9	7.00		1	042272005932
042272006694	AMY'S QUINOA KALE SOUP	0.0000	0.0000	5.69	EDIBLE GROCERY	19	9	-1.00		1	042272006694
042456005055	DEBEUK CRM PRLN CHOC HZL	5.8025	5.8025	9.26	SNACKS - BAKERY	16	3	0.00		1	042456005055
042456051137	CREM DE PIROULINE CHOC/HZ	1.0500	1.0500	1.79	SNACKS - BAKERY	16	3	0.00		1	042456051137
042563001308	WOODSTOCK MIXED BERRIES	5.0983	5.0983	6.97	FROZEN FOODS	13	2	0.00		1	042563001308
042563001322	WOODSTOCK BLUEBERRIES	3.6921	3.6698	7.28	FROZEN FOODS	13	3	4.00		1	042563001322
042563001544	WOOSTOCK CORN	2.6981	2.9102	4.16	FROZEN FOODS	13	3	14.00		1	042563001544
042563001568	WOODSTOCK EDAMAME	2.5644	2.9102	4.16	FROZEN FOODS	13	3	24.00		1	042563001568
042563001582	WOODSTOCK GREEN BEANS	2.9102	2.9102	3.96	FROZEN FOODS	13	3	10.00		1	042563001582
042563001629	WOODSTOCK GREEN PEAS	2.7007	2.9102	4.16	FROZEN FOODS	13	3	14.00		1	042563001629
042563001643	WOODSTOCK SPINACH	2.0948	2.0948	3.49	FROZEN FOODS	13	3	1.00		1	042563001643
042563007386	WOOD PINENUTS	8.5457	7.9284	18.36	SNACKS - OTHER	17	5	3.00		1	042563007386
042563007393	WOOD PINENUTS	10.2620	10.2620	17.10	SNACKS - OTHER	17	5	0.00		1	042563007393
042563007478	WOOD SHIITAKE MUSH	3.8160	4.0043	5.72	FROZEN FOODS	13	3	11.00		1	042563007478
042563007485	WOOD MXD MUSHROOMS	3.3846	3.6396	5.20	FROZEN FOODS	13	3	0.00		1	042563007485
042563007522	WOODSTOCD SPINACH CUT	9.1836	9.1836	15.31	FROZEN FOODS	13	3	0.00		1	042563007522
042563007553	OG2 WOOD STRAW IQF	18.9565	18.9565	0.00	EDI/UNKNOWN	99	0	0.00		1	042563007553
042563007614	WOOD MANGOS IQF	0.0000	0.0000	0.00	SNACKS - OTHER	17	4	0.00		1	042563007614
042563007638	WOOD MANGOS	4.2748	4.3690	6.24	FROZEN FOODS	13	2	13.00		1	042563007638
042563007874	WOODSTOCK BROC FLORET	2.9012	2.9102	4.16	FROZEN FOODS	13	3	14.00		1	042563007874
042563008314	PISTACHIOS RSTD/STLD ORG	7.1248	7.1248	11.87	SNACKS - OTHER	17	5	0.00		1	042563008314
042563008321	WOOD PISTACH R/UNSLT	6.8806	6.4769	10.79	SNACKS - OTHER	17	5	0.00		1	042563008321
042563008376	WOOD WLNUT PCS/HALVS	4.8637	4.6620	10.79	SNACKS - OTHER	17	5	0.00		1	042563008376
042563008390	WOOD TAMARI ALMONDS	6.6536	6.4768	10.96	SNACKS - OTHER	17	5	0.00		1	042563008390
042563008406	WOOD THICK SLCD ALMONDS	6.4365	6.4768	9.25	SNACKS - OTHER	17	5	10.00		1	042563008406
042563009045	WOOD DK CHOC RAISINS	7.0240	7.3193	10.46	SNACKS - OTHER	17	2	8.00		1	042563009045
042563009069	WOOD DK CHOC ALMONDS	8.4219	8.4218	12.03	SNACKS - OTHER	17	2	4.00		1	042563009069
042563009472	WOOD YOGURT ALMONDS	6.1523	6.1523	9.47	SNACKS - OTHER	17	2	2.00		1	042563009472
042563009762	WOOD PWDR SGR	4.1225	4.1939	6.99	EDIBLE GROCERY	19	5	0.00		1	042563009762
042563011055	WOODSTOCK SUGAR SNAP PEAS	2.9102	2.9102	4.20	FROZEN FOODS	13	3	0.00		1	042563011055
042563011062	WOOD TRICOLOR PPRS	3.6396	3.6396	5.20	FROZEN FOODS	13	3	6.00		1	042563011062
042563011710	WOOD TOFU FIRM WTRPK	2.6906	2.6906	3.84	EDIBLE GROCERY	19	0	0.00		1	042563011710
042563011727	WOOD TOFU XFRM WTRPK	2.6906	2.6906	4.48	DAIRY - OTHER	10	0	0.00		1	042563011727
042563012137	WOODSTOCK PNAPPL	4.3690	4.3690	6.61	FROZEN FOODS	13	2	12.00		1	042563012137
042563012533	WOOD PECAN HALVES	6.1535	6.1535	8.33	SNACKS - OTHER	17	5	7.00		1	042563012533
042563013646	WOOD BRD/BTR PKL SWT	3.8278	3.8278	7.60	EDIBLE GROCERY	19	7	3.00		1	042563013646
042563013677	WOOD KSHR DILL SLCD	3.8582	3.8278	6.38	EDIBLE GROCERY	19	7	4.00		1	042563013677
042563015169	WOOD STM GREEN PEAS	3.4937	3.4937	5.37	FROZEN FOODS	13	3	0.00		1	042563015169
042563015176	WOODSTOCK STEAMABLE CORN	2.7165	2.7165	4.53	FROZEN FOODS	13	3	0.00		1	042563015176
042563015787	WOOD HARDWD LMP CHARCOAL	9.6153	9.6153	15.73	CAMPING & OUTDOORS	43	5	0.00		1	042563015787
042563015831	WOODSTOCK MAYONNAISE SQZ	4.3170	4.3690	6.16	EDIBLE GROCERY	19	7	-1.00		1	042563015831
042563016005	WOOD HLD SNFLWR SEED	5.5044	5.5043	9.17	SNACKS - OTHER	17	5	0.00		1	042563016005
042563016012	WOOD SUNFLOWER SEED RS	4.8564	4.8564	7.55	SNACKS - OTHER	17	5	0.00		1	042563016012
042563017002	WOODSTOCK BANANA SLICES	2.1808	2.1808	3.63	FROZEN FOODS	13	2	0.00		1	042563017002
042563017408	WOOD PALEO GO SNACK	6.1523	6.1523	9.47	SNACKS - OTHER	17	2	0.00		1	042563017408
042563017484	WOOD MONKEY MUNCH	6.1523	6.1523	9.47	SNACKS - OTHER	17	2	-2.00		1	042563017484
042563018207	WOOD WLD BLUEBERRIES	11.6413	11.6635	16.66	FROZEN FOODS	13	2	0.00		1	042563018207
042563018214	WOODSTOCK WHL STRWBERRIES	10.0998	10.0998	16.83	FROZEN FOODS	13	2	0.00		1	042563018214
042563018221	WOODSTOCK MIXED BERRIES	13.1223	13.1223	18.75	FROZEN FOODS	13	2	3.00		1	042563018221
042563018252	WOOD PINEAPPLE CHNKS	11.6635	11.6635	16.66	FROZEN FOODS	13	2	-2.00		1	042563018252
042563018412	WOOD DICED MANGOES	10.8217	10.8217	14.43	FROZEN FOODS	13	2	0.00		1	042563018412
042563018429	WOOD TRPCL FRT BLND	11.6635	11.6635	19.44	FROZEN FOODS	13	2	0.00		1	042563018429
042563018436	WOODSTOCK ANTIXDNT BLEND	11.6509	11.6509	19.42	FROZEN FOODS	13	2	0.00		1	042563018436
042563018450	WOODSTOCK CAULI FLORET	3.3961	3.3973	4.85	FROZEN FOODS	13	3	7.00		1	042563018450
042563018634	WOOD FOUR CHS TORTEL	8.0158	8.0158	11.45	FROZEN FOODS	13	0	3.00		1	042563018634
042563018658	WOOD SPIN CHEESE RAV	7.8162	8.0158	10.69	FROZEN FOODS	13	1	4.00		1	042563018658
042563018771	WOOD BAN STILL WATER	2.1808	2.1808	3.12	COLD BEVERAGES	7	2	24.00		1	042563018771
042563018849	OG2 WOOD BLUEBERRIES	29.1677	29.1677	0.00	EDI/UNKNOWN	99	0	0.00		1	042563018849
042563600006	FD BLACK BEANS	1.9385	1.9385	3.23	EDIBLE GROCERY	19	9	6.00		1	042563600006
042563600082	FD TRAD LINGUINE	2.2627	2.2627	3.77	EDIBLE GROCERY	19	3	5.00		1	042563600082
042563600211	FD WATER CRACKERS	2.6886	2.6886	4.48	SNACKS - SALTY	15	5	0.00		1	042563600211
042563600440	FD FACIAL TISSUE RECYC	1.8088	1.8088	3.01	HOUSEHOLD/CLEANING	20	3	2.00		1	042563600440
042563600457	FD BATH TISSUE RECYCLED	2.0238	2.0469	3.41	HOUSEHOLD/CLEANING	20	3	0.00		1	042563600457
042563600464	FD BATH TISS RECYC DBL	9.7177	9.7177	14.95	HOUSEHOLD/CLEANING	20	3	0.00		1	042563600464
042563600624	OG3 FD CRL BAR STRAW FRT	3.5594	3.5594	0.00	EDI/UNKNOWN	99	0	0.00		1	042563600624
042563600679	FIELD DAY PRETZEL ROD	2.2922	2.2843	3.81	SNACKS - SALTY	15	3	0.00		1	042563600679
042563600884	FD RSTD GARLIC SALSA	3.5594	3.5594	5.08	EDIBLE GROCERY	19	7	0.00		1	042563600884
042563601102	FD VEGET REFRIED BNS	1.9385	1.9385	3.21	EDIBLE GROCERY	19	9	6.00		1	042563601102
042563601744	FD GRNBEANS	2.2538	2.2627	3.77	EDIBLE GROCERY	19	6	4.00		1	042563601744
042563601782	FIELD DAY WIPES	2.9110	2.9110	4.85	HOUSEHOLD/CLEANING	20	3	9.00		1	042563601782
042563601973	FD BLACK OLIVES	2.4572	2.4572	4.10	EDIBLE GROCERY	19	9	8.00		1	042563601973
042563601980	FD NONFEROUS GREEN OLIVE	3.2352	3.2352	5.39	EDIBLE GROCERY	19	9	2.00		1	042563601980
042563603076	FD BATH TISS 2PLY U-SOFT	3.7539	3.7538	5.78	HOUSEHOLD/CLEANING	20	3	0.00		1	042563603076
042563603083	FD BTH TSS 1000 SHEET 1P	0.9661	0.9661	1.49	HOUSEHOLD/CLEANING	20	3	0.00		1	042563603083
042563603526	FD SPARKLING WATER LIME	1.0957	1.0957	2.19	COLD BEVERAGES	7	2	0.00		1	042563603526
042563603533	FD SPARKLING WATER LEMON	1.0957	1.2254	2.19	COLD BEVERAGES	7	2	0.00		1	042563603533
042563603595	OIL  CANOLA	6.4769	6.4768	10.79	EDIBLE GROCERY	19	4	6.00		1	042563603595
042563603786	FD LIQ DSH DTRGNT FR&CLR	3.5594	3.5594	5.72	HOUSEHOLD/CLEANING	20	2	1.00		1	042563603786
042563603809	FD LNDRY DTRGNT FR&CLR	9.9122	9.9122	16.52	HOUSEHOLD/CLEANING	20	1	0.00		1	042563603809
042563603861	FD COCONUT OIL	5.8285	5.8285	8.99	EDIBLE GROCERY	19	4	7.00		1	042563603861
042563603922	FD APPLE SAUCE ORIG	3.2352	3.2352	5.39	EDIBLE GROCERY	19	9	5.00		1	042563603922
042563603946	FD 13 GAL TRASH BAGS	3.8436	4.0780	6.99	HOUSEHOLD/CLEANING	20	2	0.00		1	042563603946
042563604080	FD YELLOW MUSTARD	2.4572	2.4572	3.51	EDIBLE GROCERY	19	7	12.00		1	042563604080
042563604103	FD TUNA CHNKLGHT SKPJK	2.0682	2.0682	3.45	SNACKS - OTHER	17	1	21.00		1	042563604103
042563604110	FD CHNKLGHT SKPJK TNA NS	1.8737	2.0682	3.12	SNACKS - OTHER	17	1	-12.00		1	042563604110
042563604127	FD CNKWHT ALBCRE TUNA SL	2.3275	2.3275	3.88	SNACKS - OTHER	17	1	0.00		1	042563604127
042563604134	FD CNKWHT ALBACRE TNA NS	2.0909	2.5869	3.48	SNACKS - OTHER	17	1	0.00		1	042563604134
042563604141	FD CNUT OIL UNREFIND	7.1252	7.1252	11.88	EDIBLE GROCERY	19	4	0.00		1	042563604141
042563604189	FD CRN FLAKES CEREAL	4.5312	4.5312	7.55	EDIBLE GROCERY	19	2	-4.00		1	042563604189
042563604325	FD HAND SOAP LIQ LAVNDR	3.7344	3.7344	6.22	HEALTH & BEAUTY CARE	21	6	0.00		1	042563604325
042563604394	FD CONDITIONER CCNT LMNG	4.4152	4.4152	0.00	EDI/UNKNOWN	99	0	0.00		1	042563604394
042563604486	FD SHAMPOO FRAGRCE FREE	4.4152	4.4152	7.28	HEALTH & BEAUTY CARE	21	6	4.00		1	042563604486
042563604493	FD CONDITIONER FRAG FREE	4.4152	4.4152	7.28	HEALTH & BEAUTY CARE	21	6	8.00		1	042563604493
042563604677	FD SWT PCKL RELISH	3.5594	3.5594	5.93	EDIBLE GROCERY	19	7	12.00		1	042563604677
042563605087	FD POWDERED SUGAR	3.2815	3.2352	5.93	EDIBLE GROCERY	19	5	3.00		1	042563605087
042563605124	FD PURE PUMPKIN	2.5869	2.5869	4.31	EDIBLE GROCERY	19	9	0.00		1	042563605124
042563605209	FD SWT CORN WHL KRNL	2.2627	2.2627	3.77	EDIBLE GROCERY	19	9	4.00		1	042563605209
042563605674	FD FIBER PLATES 8.86 IN	3.6600	3.6600	5.49	HOUSEHOLD/CLEANING	20	2	-1.00		1	042563605674
042563605698	FD CREAMY ALMOND BUTTER	7.4494	7.4494	12.42	EDIBLE GROCERY	19	8	0.00		1	042563605698
042563605711	OG2 FD PINTO BEANS	1.9385	1.9385	0.00	EDI/UNKNOWN	99	0	0.00		1	042563605711
042563605735	FD GARBANZO BEANS	1.9385	1.9385	3.23	EDIBLE GROCERY	19	9	10.00		1	042563605735
042563605742	FD GRT NORTHRN BEANS	1.9385	1.9385	3.23	EDIBLE GROCERY	19	9	10.00		1	042563605742
042563605780	FD BKD CLASSIC BEANS	1.9385	1.9385	3.23	EDIBLE GROCERY	19	9	15.00		1	042563605780
042563605865	FD BAKING POWDER	2.5869	2.5868	4.31	EDIBLE GROCERY	19	4	0.00		1	042563605865
042563606282	FD WLD PNK SALMON NO SLT	3.5594	3.5594	0.00	EDI/UNKNOWN	99	0	12.00		1	042563606282
042563606848	OG2 FLD RAW PECAN HALVES	8.0973	8.0973	0.00	EDI/UNKNOWN	99	0	0.00		1	042563606848
042572050007	CLAUSTHALER BT 6 PK	1.1042	6.7000	9.57	BEER-GS	4	8	0.00		1	042572050007
042572057150	CLAUSTHALER BTL 6 PK	8.2167	8.3000	11.29	BEER-GS	4	1	0.00		1	042572057150
042608432029	LAKEWOOD CRT JC	0.0000	0.0000	5.08	COLD BEVERAGES	7	4	0.00		1	042608432029
042608432364	LAKE PURE CNCRD GRP	6.5449	6.5449	9.35	COLD BEVERAGES	7	4	0.00		1	042608432364
042608459057	LAKEWOOD PINEAPPLE	7.0528	7.0539	10.00	COLD BEVERAGES	7	4	0.00		1	042608459057
042608459439	LAKE PURE APPLE JCE	5.1478	5.1478	8.58	COLD BEVERAGES	7	4	0.00		1	042608459439
042608459460	LAKE ORANGE JUICE	6.8561	6.8561	9.79	COLD BEVERAGES	7	4	6.00		1	042608459460
042608459613	LAKE BLD ORNG PURE	6.8561	6.8561	10.91	COLD BEVERAGES	7	4	0.00		1	042608459613
042608459750	LAKE PNK GRPFRT JCE	5.9955	5.9954	9.99	COLD BEVERAGES	7	4	0.00		1	042608459750
042608459972	LAKE CART GNGR TURMR	5.9955	5.9954	8.56	COLD BEVERAGES	7	4	0.00		1	042608459972
042608470014	LAKE PURE ALOE	7.0506	7.0506	0.00	COLD BEVERAGES	7	4	0.00		1	042608470014
042608470106	OG2 LAKE PURE WLEAF ALOE	7.0506	7.0506	0.00	EDI/UNKNOWN	99	0	0.00		1	042608470106
042608470632	LAKE ORANGE MANGO	6.2824	6.2824	9.67	COLD BEVERAGES	7	4	0.00		1	042608470632
043000005040	CRYSTAL LIGHT	0.0000	0.0000	0.75	COLD BEVERAGES	7	3	0.00		1	043000005040
043100055129	MEAD NTBK SPIRAL C/R	1.6600	1.6600	2.79	GENERAL MERCHANDISE	22	4	4.00		1	043100055129
043100066224	MEAD NTBK SPIRAL C/R	3.8899	3.9000	5.39	GENERAL MERCHANDISE	22	4	4.00		1	043100066224
043100430803	MEAD STENOPD SPIRAL GRN P	2.0200	2.0200	2.99	GENERAL MERCHANDISE	22	4	1.00		1	043100430803
043100453543	MEAD NTPD SPIRAL	1.2800	1.2800	1.66	GENERAL MERCHANDISE	22	4	4.00		1	043100453543
043100454649	MEAD NTPD SPIRAL	0.9500	0.9500	1.59	GENERAL MERCHANDISE	22	4	0.00		1	043100454649
043100596042	MEAD LEGAL PAD YLLW	3.7000	3.7000	5.29	GENERAL MERCHANDISE	22	4	5.00		1	043100596042
043100750505	MEAD ENV PLAIN LONG	1.6600	1.6600	2.69	GENERAL MERCHANDISE	22	4	0.00		1	043100750505
043100752141	MEAD ENVELOPE 40CT	2.8900	2.8900	4.13	GENERAL MERCHANDISE	22	4	11.00		1	043100752141
043168167529	BULBS	0.0000	0.0000	5.97	GENERAL MERCHANDISE	22	10	0.00		1	043168167529
043182001014	NF VEGAN COCONUT MLK PWD	3.2271	3.2271	5.38	EDIBLE GROCERY	19	0	0.00		1	043182001014
043182002042	NF SIMPLE CNUT CREAM	2.4118	2.8899	4.72	EDIBLE GROCERY	19	9	0.00		1	043182002042
043182002059	LETS SWT CNDS CNUTML	3.1186	3.1217	4.72	EDIBLE GROCERY	19	9	4.00		1	043182002059
043182002066	NF CNUT MLK P/S UNSW	2.5447	2.5447	3.71	DAIRY - FLUID	9	4	2.00		1	043182002066
043182002073	NF COCONUT CREAM	1.3315	1.3315	2.15	DAIRY - FLUID	9	2	7.00		1	043182002073
043182002080	NF COCONUT MILK	2.4475	2.4483	3.98	DAIRY - FLUID	9	4	0.00		1	043182002080
043182008303	NF CUT BABY CORN	2.5528	2.5528	3.80	EDIBLE GROCERY	19	9	0.00		1	043182008303
043182008341	NF BAMBOO SHOOT SLCD	2.7214	2.7214	4.46	EDIBLE GROCERY	19	9	1.00		1	043182008341
043182008365	NF SLCD WTR CHESTNUT	2.4683	2.4815	4.08	EDIBLE GROCERY	19	9	6.00		1	043182008365
043182008525	NF PINEAPPLE SLICES	3.7182	3.7182	6.20	EDIBLE GROCERY	19	9	0.00		1	043182008525
043182008686	NF MANDARIN ORANGES	2.8073	2.8073	4.32	EDIBLE GROCERY	19	9	-2.00		1	043182008686
043182008914	NF ARTCHKE HEARTS QURTRD	3.4329	3.4329	5.63	EDIBLE GROCERY	19	9	5.00		1	043182008914
043182008969	NF ARTCHKE HRTS QTRD	4.0051	4.0051	6.68	EDIBLE GROCERY	19	9	0.00		1	043182008969
043192105009	NANCYS PLAIN WHL YGT	5.9468	5.9468	8.26	DAIRY - OTHER	10	4	4.00		1	043192105009
043192310502	NANCYS LF COTTAGE CHS	3.9597	4.2028	0.00	EDI/UNKNOWN	99	0	0.00		1	043192310502
043192316900	NANCYS WM COTTGE CHS	4.6212	4.6212	7.35	DAIRY - OTHER	10	1	0.00		1	043192316900
043192405109	NANCYS SOUR CREAM	2.5301	2.5301	3.37	DAIRY - OTHER	10	0	0.00		1	043192405109
043192405154	NANCYS SOUR CREAM	4.7458	4.7458	6.59	DAIRY - OTHER	10	0	3.00		1	043192405154
043192505106	NANCYS CREAM CHEESE	2.6526	2.5282	4.06	DAIRY - OTHER	10	0	0.00		1	043192505106
043192702611	NANCYS WHL PLN GRKYO	7.9340	7.9340	11.33	DAIRY - OTHER	10	4	4.00		1	043192702611
043318130137	SMPL GRN CLN 24 OZ	4.8500	4.8500	7.99	HOUSEHOLD/CLEANING	20	4	10.00		1	043318130137
043388453334	CATCH MORE SPINCAST	21.8850	21.9000	35.99	CAMPING & OUTDOORS	43	2	0.00		1	043388453334
043388453341	CATCH MORE FISH SPIN KIT	25.0800	25.0800	34.99	CAMPING & OUTDOORS	43	2	5.00		1	043388453341
043454030506	OG2 LL SOY TEMPEH	3.3486	3.3486	0.00	EDI/UNKNOWN	99	0	0.00		1	043454030506
043646207587	MAILLE OLD STYL DIJON WG	4.9452	4.9452	7.61	EDIBLE GROCERY	19	7	0.00		1	043646207587
043646210389	MAILLE CORNICHONS CLSC	6.4871	6.5992	9.43	EDIBLE GROCERY	19	9	6.00		1	043646210389
043695618563	HOT POCKET CHICKEN RANCH 2 PACK	0.0000	0.0000	3.99	FROZEN FOODS	13	1	0.00		1	043695618563
044000003791	NAB BARNUM ANIMAL CRCKR	2.7616	2.7700	3.91	SNACKS - BAKERY	16	0	4.00		1	044000003791
044000003821	NAB PREM SALTINE CONV	1.9400	1.9400	3.23	SNACKS - SALTY	15	5	0.00		1	044000003821
044000003869	NAB PREM SALTINE CRCKR	5.2100	5.2100	8.69	SNACKS - SALTY	15	5	0.00		1	044000003869
044000004637	NAB HONEY MD GRAHAM          463	4.5900	4.5900	7.65	SNACKS - BAKERY	16	3	0.00		1	044000004637
044000007461	NAB BARNUM ANIMAL CRCKR S	3.3000	3.3000	5.59	SNACKS - BAKERY	16	0	0.00		1	044000007461
044000027346	NAB NILLA WAFERS	5.4600	5.4600	8.97	SNACKS - BAKERY	16	3	4.00		1	044000027346
044000028541	NAB OREO DBL STUFF	5.1000	5.1000	8.50	SNACKS - BAKERY	16	3	0.00		1	044000028541
044000031121	CRACKERS NAB RITZ CRCKR	3.9375	4.0900	6.82	SNACKS - SALTY	15	5	0.00		1	044000031121
044000032234	CHIPS AHOY	0.0000	0.0000	6.59	SNACKS - BAKERY	16	3	0.00		1	044000032234
044000042509	LORNABOONE SHRTBRD CKIES	0.0000	0.0000	4.29	SNACKS - BAKERY	16	3	0.00		1	044000042509
044000050986	TRSCUIT OG	4.0100	4.0100	6.68	SNACKS - SALTY	15	5	0.00		1	044000050986
044000069919	OREO CAKESTERS	0.0000	0.0000	2.49	SNACKS - BAKERY	16	3	0.00		1	044000069919
044082032214	ONCE PNUT BTR CR/NS	7.0020	7.0020	10.77	EDIBLE GROCERY	19	8	-1.00		1	044082032214
044082522111	ONCE PNUT BTR CRNCH	0.0000	0.0000	0.00	EDIBLE GROCERY	19	8	0.00		1	044082522111
044082534619	ONCE ALMND BTR SMTH	17.1111	17.1111	22.13	EDIBLE GROCERY	19	8	6.00		1	044082534619
044500062458	HILLSHIRE SM PLATE PEP WH	2.7467	2.7467	4.59	GRAB & GO FOODS	11	5	0.00		1	044500062458
044500064797	HILLSHIRE SM PLATE CAL SA	3.0000	3.0000	5.09	GRAB & GO FOODS	11	5	0.00		1	044500064797
044500064803	HILLSHIRE SM PLATE WINE S	3.0000	3.0000	4.35	GRAB & GO FOODS	11	5	0.00		1	044500064803
044500201819	HILLSHIRE SM PLATE GEN SA	2.7975	2.8700	4.42	GRAB & GO FOODS	11	5	0.00		1	044500201819
044500201826	HILLSHIRE SM PLATE ITL SA	2.7467	2.7467	4.59	GRAB & GO FOODS	11	5	0.00		1	044500201826
044600002217	LIQUID PLUMBER PROF STREN	5.1635	5.1900	7.42	HOUSEHOLD/CLEANING	20	3	1.00		1	044600002217
044600015941	CLOROX DISENFECT WIPES LM	3.0900	3.0900	5.15	HOUSEHOLD/CLEANING	20	4	0.00		1	044600015941
044600320700	KINGSFORD CHARCOAL BRIQUE	5.0983	5.0983	7.59	CAMPING & OUTDOORS	43	5	7.00		1	044600320700
044600320717	KINGSFORD CHARCOAL BRIQUE	8.6902	8.6500	14.39	CAMPING & OUTDOORS	43	5	0.00		1	044600320717
044600322513	CLOROX LIQ BLEACH CONC DI	2.7300	2.7300	4.55	HOUSEHOLD/CLEANING	20	4	0.00		1	044600322513
044600322605	CLOROX LIQ BLEACH CONC DI	5.2343	5.2600	7.97	HOUSEHOLD/CLEANING	20	4	4.00		1	044600322605
044600711751	KINGSFORD CHARCOAL LIGHTE	5.0475	5.2000	7.39	CAMPING & OUTDOORS	43	5	4.00		1	044600711751
044700360002	LUNCHABLE	0.0000	0.0000	4.89	GRAB & GO FOODS	11	5	-1.00		1	044700360002
044800003199	SUGAR IN THE RAW	10.0700	10.0700	15.89	STORE USE/SUPPLY	94	0	1.00		1	044800003199
044946190364	TORT UNCOOKED TORTILLA	3.0166	3.0166	4.59	BREADS	14	2	0.00		1	044946190364
046500018107	OFF INSECT REPELLENT ACTI	6.4100	6.4100	11.79	CAMPING & OUTDOORS	43	0	0.00		1	046500018107
046500018428	OFF D WOOD BUG REPEL UNSC	7.6100	7.6100	12.69	CAMPING & OUTDOORS	43	0	0.00		1	046500018428
046500216121	RAID ANT & ROACH AEROSOL	3.7146	3.7100	6.18	HOUSEHOLD/CLEANING	20	4	0.00		1	046500216121
046985016216	QUAN BUZZ AWAY EXTREME	3.3531	3.3531	4.79	HEALTH & BEAUTY CARE	21	6	0.00		1	046985016216
046985017718	QUAN ZINC ELDRBY CNTR DS	2.4438	2.6768	3.72	HEALTH & BEAUTY CARE	21	1	32.00		1	046985017718
046985018104	QUAN BUZZ AWAY EXTREME	6.7102	6.7102	9.59	HEALTH & BEAUTY CARE	21	6	0.00		1	046985018104
047400025073	GIL RAZOR LADY DAISY DISP	2.2500	2.2500	3.75	HEALTH & BEAUTY CARE	21	6	0.00		1	047400025073
047400025318	GIL RAZOR GOOD NEWS	2.2700	2.2700	3.78	HEALTH & BEAUTY CARE	21	6	0.00		1	047400025318
047400664975	GIL RAZOR SENSOR 3	2.0600	2.0600	3.49	HEALTH & BEAUTY CARE	21	6	0.00		1	047400664975
047400670082	GIL RAZOR SIMPLY VENUS 2B	1.4300	1.4300	2.39	HEALTH & BEAUTY CARE	21	0	0.00		1	047400670082
047469073312	NTRL MELATONIN GUMM 10MG	9.3749	9.3749	0.00	EDI/UNKNOWN	99	0	0.00		1	047469073312
047495013054	WHEAT FIG BARS RSPBRY	0.9665	0.9717	1.41	SNACKS - OTHER	17	3	-3.00		1	047495013054
047495112559	NAT BKRY FIG BAR AP CINN	0.9295	0.9295	1.55	SNACKS - OTHER	17	3	0.00		1	047495112559
047495112900	NAT BAK FIG BAR BLUBRY	0.9717	0.9717	1.62	SNACKS - OTHER	17	3	-8.00		1	047495112900
047495116700	NAT BKRY FIG BAR PCH APR	0.0000	0.0000	0.00	EDIBLE GROCERY	19	6	0.00		1	047495116700
047495117806	NAT BAK FIG BAR ORIG WW	0.9717	0.9717	1.44	SNACKS - OTHER	17	3	0.00		1	047495117806
047495210620	NAT BKRY BLUBRY HRTYBAR	0.0000	0.0000	0.00	SNACKS - OTHER	17	3	0.00		1	047495210620
047495400700	NAT BKRY BRNI DBL CHC SS	0.9834	0.9733	1.62	SNACKS - BAKERY	16	0	9.00		1	047495400700
047495418415	NAT BKRY WW FIG BAR PUMP	0.0000	0.0000	0.00	SNACKS - OTHER	17	3	0.00		1	047495418415
047495710014	NAT BAK GF BLUEBERRY	0.7243	0.7243	1.21	SNACKS - OTHER	17	3	0.00		1	047495710014
047495710052	NAT BKRY FIG BAR RASP GF	1.0892	1.0876	1.95	SNACKS - OTHER	17	3	16.00		1	047495710052
047495800135	NATURES BKRY OATMEAL CRMBLE BR	0.0000	0.0000	1.19	SNACKS - OTHER	17	3	0.00		1	047495800135
047677376861	DOVE I/C BAR VAN/MLK CHOC	1.7675	1.7675	2.99	ICE CREAM	12	2	3.00		1	047677376861
047677376885	DOVE I/C BAR VAN/DRK CHOC	1.7878	1.7675	2.99	ICE CREAM	12	2	7.00		1	047677376885
047677376908	DOVE I/C BAR ALMOND/MILK	1.8017	1.8017	3.05	ICE CREAM	12	2	3.00		1	047677376908
047677388079	TWIX I/C PT	3.0146	3.0700	5.12	ICE CREAM	12	1	0.00		1	047677388079
047677474208	TWIX I/C BAR KING SIZE	1.4188	1.4188	2.50	ICE CREAM	12	2	14.00		1	047677474208
047677482487	SNICKERS I/C BAR SINGLES	1.3663	1.3662	2.41	ICE CREAM	12	2	42.00		1	047677482487
047677482555	STARBURST SORBET BARS STR	1.0942	1.0942	1.68	CANDY	8	3	2.00		1	047677482555
047677483804	TWIX I/C BAR COOKIES & CR	1.1799	1.2252	2.04	ICE CREAM	12	2	0.00		1	047677483804
047677484108	SNICKERS I/C BAR PEANUT B	1.1763	1.2252	2.04	ICE CREAM	12	2	0.00		1	047677484108
047677485136	TWIX I/C	4.5550	4.5550	7.59	ICE CREAM	12	2	0.00		1	047677485136
047708000444	EAGLE HOOK SNELL 4#	1.3800	1.3800	2.39	CAMPING & OUTDOORS	43	2	17.00		1	047708000444
047708000468	EAGLE HOOK #6	1.4095	1.4500	2.39	CAMPING & OUTDOORS	43	2	28.00		1	047708000468
047708000482	EAGLE HOOK #8	1.4467	1.4500	2.29	CAMPING & OUTDOORS	43	2	8.00		1	047708000482
047708001816	EAGLE HOOK #1	1.5100	1.5100	2.29	CAMPING & OUTDOORS	43	2	7.00		1	047708001816
047708626606	EAGLE CLAW SNELLS	3.0000	3.0000	4.99	CAMPING & OUTDOORS	43	2	0.00		1	047708626606
047708671729	SINKERS WORM 24 PC	2.8500	2.8500	4.99	CAMPING & OUTDOORS	43	2	1.00		1	047708671729
047708705165	FISH FLOAT 1.25  3PK	0.8500	0.8500	1.99	CAMPING & OUTDOORS	43	2	-2.00		1	047708705165
047708707176	EAGLE CLAW HVY 30LB LEAD	1.1800	1.1800	1.99	CAMPING & OUTDOORS	43	2	16.00		1	047708707176
047708712705	STRINGER 7 SNAP CHN	2.0800	2.0800	3.99	CAMPING & OUTDOORS	43	2	-2.00		1	047708712705
047708713306	WORM WEIGHTSZ 1/16 OZ	1.4700	1.4700	2.79	CAMPING & OUTDOORS	43	2	12.00		1	047708713306
047708717175	LEADERS 3PK BLK	1.3900	1.3900	2.49	CAMPING & OUTDOORS	43	2	0.00		1	047708717175
047708799386	SPINCAST PACK IT TEL CMBO	67.4000	67.4000	87.40	CAMPING & OUTDOORS	43	2	2.00		1	047708799386
047853013412	KENDA BIKE TUBE 26X1.9	5.0000	5.0000	9.50	CAMPING & OUTDOORS	43	3	3.00		1	047853013412
047878601083	CAN-TASTIC CAN COOLER 12	0.0000	0.0000	47.88	CAMPING & OUTDOORS	43	5	0.00		1	047878601083
047995000806	AM SPIRIT BLUE ROLLING	25.8033	25.8033	31.75	TOBACCO, OTHER	3	4	2.00		1	047995000806
047995000820	AM SPIRITTURQ ROLLING	26.0600	26.0600	31.75	TOBACCO, OTHER	3	4	-1.00		1	047995000820
047995200527	AM SPIRIT 22 MEL MEN GRN*	9.4330	9.4330	0.00	CIGARETTES	2	0	0.00		1	047995200527
047995200558	AM SPIRIT 22 ORG TURQ HP*	8.9150	8.9150	0.00	CIGARETTES	2	0	0.00		1	047995200558
047995855055	AM SPIRIT MELLOW TASTE GR	10.6455	10.9550	13.02	CIGARETTES	2	0	27.00		1	047995855055
047995855079	AM SPIRIT BLACK	10.4856	10.6530	12.75	CIGARETTES	2	0	25.00		1	047995855079
047995855086	AM SPIRIT BLUE	10.8280	10.8280	12.61	CIGARETTES	2	0	7.00		1	047995855086
047995855093	AM SPIRIT YELLOW	10.8095	10.8280	12.61	CIGARETTES	2	0	17.00		1	047995855093
047995855215	AM SPIRIT CELADON	10.7974	10.8280	12.61	CIGARETTES	2	0	27.00		1	047995855215
047995855222	AM DK GREEN	11.3160	11.3160	13.19	CIGARETTES	2	0	13.00		1	047995855222
047995855246	AM SPIRIT ORGANIC TU	11.3018	11.3080	13.18	CIGARETTES	2	0	12.00		1	047995855246
047995855253	AM SPIRIT GOLD	8.0716	8.4660	11.29	CIGARETTES	2	0	0.00		1	047995855253
047995856014	AM SPIRIT GREY	10.5341	10.6530	12.53	CIGARETTES	2	0	24.00		1	047995856014
047995856038	AM SPIRIT DK BLUE	10.7573	10.8280	12.61	CIGARETTES	2	0	24.00		1	047995856038
048001353565	BEST FOODS MAYONNAISE SQU	4.9200	4.9200	8.20	EDIBLE GROCERY	19	7	0.00		1	048001353565
048143010234	BKPKRS PNTRY ROCKY SCRMBLE	6.7100	6.7100	11.18	EDIBLE GROCERY	19	6	9.00		1	048143010234
048143013181	BKPKRS PNTRY HATCH MAC	4.8800	4.8800	8.13	EDIBLE GROCERY	19	6	3.00		1	048143013181
048143014102	BKPKRS PNTRY STROG	4.8800	4.8800	8.13	EDIBLE GROCERY	19	6	0.00		1	048143014102
048143023241	BKPKRS PNRTY THREE SIS	6.1300	6.1300	10.22	EDIBLE GROCERY	19	6	0.00		1	048143023241
048143024118	BKPKRS PNTRY FETT ALF	7.9600	7.9600	13.27	EDIBLE GROCERY	19	6	0.00		1	048143024118
048341000167	SWSSP CTTN OVALS SUPREME	3.2578	3.2578	4.65	HEALTH & BEAUTY CARE	21	6	0.00		1	048341000167
048341005865	SWSSP CTTN SWAB TAKEALNG	1.0106	1.0106	1.68	HEALTH & BEAUTY CARE	21	6	0.00		1	048341005865
048341931607	SWSSP BEAUTY COTTON SQRS	3.6960	3.6960	5.69	HEALTH & BEAUTY CARE	21	6	0.00		1	048341931607
048515786729	KASTMASTER TROUT 1/8 OZ	0.0000	0.0000	12.99	CAMPING & OUTDOORS	43	2	0.00		1	048515786729
048515788037	KASTMASTER TROUT 1/4 OZ 3PK	8.5000	8.5000	13.99	CAMPING & OUTDOORS	43	2	6.00		1	048515788037
048789022349	DIAMOND KITCHEN MATCHES	4.1000	4.1000	6.89	GENERAL MERCHANDISE	22	1	5.00		1	048789022349
048789418609	DIAMOND TOOTHPICKS ROUND	1.3100	1.3100	2.18	HOUSEHOLD/CLEANING	20	2	0.00		1	048789418609
049000000443	COKE CLASSIC BOTTLE 20 OZ	1.5850	1.5850	2.64	COLD BEVERAGES	7	1	46.00		1	049000000443
049000000450	COKE DIET BOTTLE 20 OZ	1.5850	1.5850	2.64	COLD BEVERAGES	7	1	35.00		1	049000000450
049000001327	SPRITE CAN 12 OZ	0.6611	0.6250	1.04	COLD BEVERAGES	7	1	19.00		1	049000001327
049000002546	COKE CAF FREE 12OZ CAN	0.7200	0.7200	1.04	COLD BEVERAGES	7	1	0.00		1	049000002546
049000003710	POWERADE FRPN 20OZ	0.8033	0.8033	2.61	COLD BEVERAGES	7	3	0.00		1	049000003710
049000004632	COKE MEXICAN GLASS BTL	1.3696	1.3696	2.28	COLD BEVERAGES	7	1	-187.00		1	049000004632
049000006346	COKE CLASSIC CAN 12 OZ	0.7700	0.7700	1.04	COLD BEVERAGES	7	1	-189.00		1	049000006346
049000006582	COKE DIET CAN 12 OZ	0.6250	0.6250	1.04	COLD BEVERAGES	7	1	90.00		1	049000006582
049000007640	SPRITE BTL 20 OZ	1.5847	1.5850	2.64	COLD BEVERAGES	7	1	19.00		1	049000007640
049000007909	POWERADE MTN B BLST 20 OZ	0.8033	0.8033	2.68	COLD BEVERAGES	7	3	0.00		1	049000007909
049000009293	DIET COKE ZERO CAN SNGL	0.7200	0.7200	1.04	COLD BEVERAGES	7	1	-12.00		1	049000009293
049000019162	FANTA BTL 20 OZ	1.2502	1.2500	2.17	COLD BEVERAGES	7	1	64.00		1	049000019162
049000023190	SPRITE 33.8 FL OZ	0.0000	0.0000	3.50	COLD BEVERAGES	7	1	0.00		1	049000023190
049000023855	BARQS RT BR CAN 12 OZ	0.6291	0.6250	1.10	COLD BEVERAGES	7	1	60.00		1	049000023855
049000023923	BARQS RT BR BOTTLE 20 OZ	1.2500	1.2500	2.17	COLD BEVERAGES	7	1	28.00		1	049000023923
049000028904	COKE CLASSIC CAN 12 OZ 12 PK	7.6778	7.5000	13.45	COLD BEVERAGES	7	1	20.00		1	049000028904
049000028928	SPRITE CAN 12 PK	7.5000	7.5000	13.45	COLD BEVERAGES	7	1	3.00		1	049000028928
049000029338	COKE CAFFINE FREE CAN 12OZ	8.8500	8.8500	12.64	COLD BEVERAGES	7	1	0.00		1	049000029338
049000029345	DIET COKE CF 12oz 12PACK	8.4800	8.4800	13.45	COLD BEVERAGES	7	1	1.00		1	049000029345
049000040869	COKE ZERO BOTTLE 20 OZ	1.5844	1.5850	2.64	COLD BEVERAGES	7	1	56.00		1	049000040869
049000042566	COKE ZRO CAN 12 OZ	0.0000	0.7100	1.04	COLD BEVERAGES	7	1	0.00		1	049000042566
049000044225	MEXI COKE BOTTLE	2.7648	38.4000	76.80	COLD BEVERAGES	7	1	125.00		1	049000044225
049000060898	COKE ZRO CAF FREE 12	0.0000	0.7400	1.04	COLD BEVERAGES	7	1	0.00		1	049000060898
049000070439	PEACE TEA GEORGIA PEACH	0.8000	0.8000	1.46	COLD BEVERAGES	7	6	0.00		1	049000070439
049000071191	HAN GINGER ALE CAN	3.4554	0.5700	0.97	COLD BEVERAGES	7	1	0.00		1	049000071191
049000072372	DD ICE COFFEE ORG	2.2299	2.2300	3.72	COLD BEVERAGES	7	5	18.00		1	049000072372
049000072389	DD MOCHA COFFEE	2.2212	2.2300	3.72	COLD BEVERAGES	7	5	10.00		1	049000072389
049000072396	DD VANIL COFFEE	2.2299	2.2300	3.54	COLD BEVERAGES	7	5	44.00		1	049000072396
049000079319	POWERADE GRAPE ZRO 28 OZ	1.1200	1.1200	1.76	COLD BEVERAGES	7	3	27.00		1	049000079319
049000079326	POWERADE MIX BERRY 28OZ	1.1000	1.1000	2.19	COLD BEVERAGES	7	3	0.00		1	049000079326
049000079333	POWERADE ZERO ORANGE	1.1000	1.1000	2.19	COLD BEVERAGES	7	3	0.00		1	049000079333
049000079357	POWERADE BLUE 28OZ	1.1201	1.1200	2.10	COLD BEVERAGES	7	3	54.00		1	049000079357
049000079364	POWERADE ORANGE 28OZ	1.1395	1.1200	2.10	COLD BEVERAGES	7	3	40.00		1	049000079364
049000079371	POWERADE LMN LIME 28OZ	1.1205	1.1200	2.10	COLD BEVERAGES	7	3	45.00		1	049000079371
049000079388	POWERADE RED 28OZ	1.1210	1.1200	1.76	COLD BEVERAGES	7	3	46.00		1	049000079388
049000079395	POWERADE STRWBRY	1.1200	1.1200	2.10	COLD BEVERAGES	7	3	17.00		1	049000079395
049000079401	POWERADE GRAPE 28OZ	1.1251	1.1200	1.76	COLD BEVERAGES	7	3	25.00		1	049000079401
049000079562	POWERADE WHITECHERY 28OZ	1.0943	1.0967	2.19	COLD BEVERAGES	7	3	0.00		1	049000079562
049000531015	POWERADE MIXEDBRY 20oz	1.7500	1.7500	2.61	COLD BEVERAGES	7	3	0.00		1	049000531015
049000531039	POWERADE WHTCHRY 20oz	1.7500	1.7500	2.36	COLD BEVERAGES	7	3	0.00		1	049000531039
049000543889	POWERADE RSBRYLMNADE 20 OZ	1.7500	1.7500	2.61	COLD BEVERAGES	7	3	0.00		1	049000543889
049202012770	PLASTIC CUPS 20OZ	0.0000	0.0000	8.99	HOUSEHOLD/CLEANING	20	2	0.00		1	049202012770
049206164048	SNOW SHOVEL	0.0000	0.0000	14.99	HOUSEHOLD/CLEANING	20	6	2.00		1	049206164048
049508006206	PCRSP EVERYTHING	3.0366	3.0366	5.06	SNACKS - SALTY	15	5	0.00		1	049508006206
049508100010	SNK FCT PRETZEL HONEY MUST	0.0000	0.0000	5.06	SNACKS - SALTY	15	0	0.00		1	049508100010
049733090179	CHOLULA VERDE SALSA	0.0000	0.0000	0.00	EDIBLE GROCERY	19	7	0.00		1	049733090179
049733091015	CHOLULA HOT SAUCE	3.7100	3.7100	6.19	EDIBLE GROCERY	19	7	0.00		1	049733091015
049733091077	CHOLULA HOT SAUCE	0.0712	0.0762	0.00	STORE USE/SUPPLY	94	0	400.00		1	049733091077
049733123457	CHOLULA HOT SAUCE	6.4900	6.4900	10.65	EDIBLE GROCERY	19	7	4.00		1	049733123457
049791159504	SOLAR CAMP SHOWER 5 GAL	10.9500	10.9500	18.99	CAMPING & OUTDOORS	43	1	0.00		1	049791159504
049794159501	CMPSHWR	8.6250	11.5000	19.99	CAMPING & OUTDOORS	43	1	0.00		1	049794159501
049807100087	LUCAS POWER STEERING STOP	10.3064	10.3200	17.20	AUTOMOTIVE PRODUCTS	24	2	1.00		1	049807100087
049807100162	LUCAS COMPLETE ENGINE TRE	7.6988	7.7700	12.95	AUTOMOTIVE PRODUCTS	24	2	5.00		1	049807100162
049807100582	LUCAS 2 CYCLE OIL	1.9000	1.9000	3.17	AUTOMOTIVE PRODUCTS	24	1	8.00		1	049807100582
049807106690	LUCAS FUEL SYSTEM CLEANER	6.6375	6.6500	11.00	AUTOMOTIVE PRODUCTS	24	2	3.00		1	049807106690
049807108236	LUCAS POWER STEERING FLUI	2.6100	2.6100	4.30	AUTOMOTIVE PRODUCTS	24	2	2.00		1	049807108236
049807108250	LUCAS BRAKE FLUID DOT 3	3.5180	3.5900	5.98	AUTOMOTIVE PRODUCTS	24	2	0.00		1	049807108250
049807109776	LUCAS HIGH MILEAGE FUEL T	6.5900	6.5900	10.98	AUTOMOTIVE PRODUCTS	24	2	3.00		1	049807109776
049807111809	LUCAS TIRE INFLATOR	9.1400	9.1400	15.23	AUTOMOTIVE PRODUCTS	24	3	0.00		1	049807111809
049807112387	LUCAS SURE START STARTING	4.4229	4.3600	8.00	AUTOMOTIVE PRODUCTS	24	2	-2.00		1	049807112387
050000225224	FRISKIES PRIME FILET TURK	0.9000	0.9000	1.64	HOUSEHOLD/CLEANING	20	5	0.00		1	050000225224
050000300624	CARN COFFEEMATE	2.0900	2.0900	3.49	DAIRY - OTHER	10	0	0.00		1	050000300624
050000301522	CARN COFFEEMATE	3.7000	3.7000	6.19	DAIRY - OTHER	10	0	0.00		1	050000301522
050000420445	FRISKIES BUF LIVER & CHIC	0.9600	0.9600	1.64	HOUSEHOLD/CLEANING	20	5	0.00		1	050000420445
050000421848	FRISKIES BUF TURKEY & GIB	0.9600	0.9600	1.64	HOUSEHOLD/CLEANING	20	5	0.00		1	050000421848
050000421947	FRISKIES BUF CHIC W/GRAVY	0.9600	0.9600	1.64	HOUSEHOLD/CLEANING	20	5	-18.00		1	050000421947
050000423347	FRISKIES BUF SALMON	1.0600	1.0600	1.69	HOUSEHOLD/CLEANING	20	5	0.00		1	050000423347
050000424948	FRISKIES BUF WHITE FISH &	0.9600	0.9600	1.64	HOUSEHOLD/CLEANING	20	5	-5.00		1	050000424948
050000428748	FANCY FEAST	0.0000	0.0000	2.49	HOUSEHOLD/CLEANING	20	5	0.00		1	050000428748
050000429042	FANCY FEAST LIVER & CHICK	0.9600	0.9600	1.75	HOUSEHOLD/CLEANING	20	5	0.00		1	050000429042
050000572182	FANCY FEAST CHUNKY CHOPPE	0.8500	0.8500	1.55	HOUSEHOLD/CLEANING	20	5	0.00		1	050000572182
050037014501	DISARONNO 750ML	0.0000	29.9900	34.99	LIQUOR STORE	5	3	12.00		1	050037014501
050209008628	DOUGH BAIT TREBLE HOOKS	0.9900	0.9900	1.79	CAMPING & OUTDOORS	43	2	4.00		1	050209008628
050209022372	FISHERMAN 6  PLIERS	3.9000	3.9000	6.79	CAMPING & OUTDOORS	43	2	0.00		1	050209022372
050209022808	3 ASSRTD SPINNERS	2.5500	2.5500	4.99	CAMPING & OUTDOORS	43	2	0.00		1	050209022808
050209022853	SPINNER/MRBL 3PC	2.5500	2.5500	4.99	CAMPING & OUTDOORS	43	2	12.00		1	050209022853
050209023065	SPINNERS COCKTAIL 3 PC	2.6700	2.6700	4.99	CAMPING & OUTDOORS	43	2	0.00		1	050209023065
050209024482	FISH LN 8LB	1.8433	1.8500	3.49	CAMPING & OUTDOORS	43	2	9.00		1	050209024482
050255019005	RITTER MLK CHOC HAZELNUT	3.2929	3.2929	4.70	CANDY	8	4	-8.00		1	050255019005
051000025494	PREGO SPAG SAUCE	3.5700	3.5700	6.59	EDIBLE GROCERY	19	9	0.00		1	051000025494
051009007354	BARBASOL SHAVE CRM ORIG	2.3600	2.5600	4.27	HEALTH & BEAUTY CARE	21	6	0.00		1	051009007354
051131642041	SCOTCH TAPE MAILING CLEAR	3.2563	3.2300	5.13	GENERAL MERCHANDISE	22	4	11.00		1	051131642041
051131936812	SCOTCH BRITE SPONGE HD	5.1975	5.3600	8.93	HOUSEHOLD/CLEANING	20	2	0.00		1	051131936812
051141914435	SCOTCH PACKAGING TAPE	2.0573	1.9317	3.61	GENERAL MERCHANDISE	22	4	0.00		1	051141914435
051141979298	SCOTCH BRITE STEEL WOOL	0.7000	0.7000	1.50	HOUSEHOLD/CLEANING	20	4	5.00		1	051141979298
051299111243	CHIMES GNGR CHW MYR LEM	1.4450	1.4450	2.35	CANDY	8	0	0.00		1	051299111243
051299111267	CHIMES GINGER CHEWS ORIG	1.3750	1.4125	2.35	CANDY	8	0	0.00		1	051299111267
051299111274	CHIMES PBTR GNGR CHEWS	1.4450	1.4450	2.22	CANDY	8	3	1.00		1	051299111274
051299111298	CHIMES GINGER CHEW MANGO	1.4271	1.4271	2.38	CANDY	8	0	0.00		1	051299111298
051299111304	CHIMES GINGER CHW ORANGE	1.4450	1.4450	2.35	CANDY	8	0	0.00		1	051299111304
051299111663	CHIMES TSTD CNUT TOFFEE	1.9693	1.9693	3.28	CANDY	8	3	0.00		1	051299111663
051497130787	HOLYSTONE ABSINETHE 750ML	0.0000	55.9900	55.99	LIQUOR STORE	5	3	1.00		1	051497130787
051500490334	OG2 S.C. DKRST CRMY PBTR	9.4170	9.4170	0.00	EDI/UNKNOWN	99	0	0.00		1	051500490334
051500507872	S.C. DRK CRNCHY PBTR	6.1203	6.1203	8.70	EDIBLE GROCERY	19	8	4.00		1	051500507872
051500601525	S.C. DK NSTR CRUN PB	4.3843	6.1203	9.37	EDIBLE GROCERY	19	8	1.00		1	051500601525
051500668733	S.C. DR NSTR CRMY PB	6.0780	6.1203	9.37	EDIBLE GROCERY	19	8	-3.00		1	051500668733
05150090284		0.0000	0.0000	0.00	CIGARETTES	2	0	0.00		1	05150090284
051500902882	S.C. DARK CRMY PBTR	6.1203	6.1203	9.37	EDIBLE GROCERY	19	8	17.00		1	051500902882
051651092333	OG2 MAR PBTR CRNCHY SSLT	5.8399	5.8399	0.00	EDI/UNKNOWN	99	0	0.00		1	051651092333
052000039283	GATORADE LEM LIM PWDR 1QT	0.8500	0.8500	1.73	COLD BEVERAGES	7	3	-8.00		1	052000039283
052000042528	GATORADE ZERO	1.9056	1.9058	3.18	COLD BEVERAGES	7	3	0.00		1	052000042528
052000043259	GATORADE ZERO 32 OZ	1.9019	1.9058	3.18	COLD BEVERAGES	7	3	0.00		1	052000043259
052000102413	GATORADE GLACIER CHERRY 28 OZ	1.8960	1.9040	3.17	COLD BEVERAGES	7	3	0.00		1	052000102413
052000104103	GATORADE FIERCE BLUE CHERRY	1.9040	1.9040	3.17	COLD BEVERAGES	7	3	0.00		1	052000104103
052000135084	GATORADE LIME CUCUMBER 28 OZ	1.9018	1.9040	3.17	COLD BEVERAGES	7	3	0.00		1	052000135084
052000135145	GATORADE ORANGE 28 OZ	1.9035	1.9040	3.17	COLD BEVERAGES	7	3	0.00		1	052000135145
052000135190	GATORADE GLACIER FRST 28 OZ	1.9040	1.9040	3.17	COLD BEVERAGES	7	3	0.00		1	052000135190
052000320169	GATORADE GLACIER FZ 32 OZ	1.9058	1.9058	3.18	COLD BEVERAGES	7	3	0.00		1	052000320169
052000322804	GATORADE END CAN ORNG	21.6500	21.6500	37.95	COLD BEVERAGES	7	3	-2.00		1	052000322804
052000325553	GATORADE COOL BLUE 32 OZ	1.9058	1.9058	3.18	COLD BEVERAGES	7	3	0.00		1	052000325553
052000338751	GATORADE FRUIT PUNCH 32 OZ	1.9057	1.9058	3.18	COLD BEVERAGES	7	3	0.00		1	052000338751
052000338768	GATORADE ORANGE	1.8704	1.9058	3.18	COLD BEVERAGES	7	3	0.00		1	052000338768
052000338775	GATORADE LEMON LIME 32 OZ	1.9058	1.9058	3.18	COLD BEVERAGES	7	3	0.00		1	052000338775
052159000837	STONY KIDS YOG TUBES	0.0000	0.0000	6.75	DAIRY - OTHER	10	4	0.00		1	052159000837
052427010384	GORILLA TAPE 12YD	5.5000	5.5000	9.44	GENERAL MERCHANDISE	22	4	1.00		1	052427010384
052427500021	GORILLA GLUE 2Z	5.3100	5.3100	8.85	GENERAL MERCHANDISE	22	4	4.00		1	052427500021
052427600127	GORILLA TP 10 YD	5.7000	5.7000	9.17	GENERAL MERCHANDISE	22	4	20.00		1	052427600127
052427750013	GORILLA GLUE BRUSH NOZZLE	4.8800	4.8800	8.19	GENERAL MERCHANDISE	22	4	1.00		1	052427750013
052427790019	GORILLA GLUE TUBE DSP	2.2790	2.2790	3.79	GENERAL MERCHANDISE	22	4	-2.00		1	052427790019
052500050092	DUKES MAYO SQUEEZE	5.3600	5.3600	8.39	EDIBLE GROCERY	19	7	2.00		1	052500050092
052548727130	247 LIFE SUNSCREEN	0.0000	0.0000	7.99	HEALTH & BEAUTY CARE	21	6	0.00		1	052548727130
052603041201	PNF CRMY TOMATO	4.3268	4.3268	6.18	EDIBLE GROCERY	19	6	9.00		1	052603041201
052603041805	PNF CRMY BTRNTSQ SP	4.3268	4.3268	7.46	EDIBLE GROCERY	19	6	1.00		1	052603041805
052603043205	PACFIC OAT MILK BARISTA	0.0000	0.0000	6.49	DAIRY - FLUID	9	4	-6.00		1	052603043205
052603054003	PNF NAT CHICKEN BROTH	3.2563	3.2562	5.43	EDIBLE GROCERY	19	9	6.00		1	052603054003
052603054102	PNF VEG BROTH	3.8714	3.8714	6.45	EDIBLE GROCERY	19	6	11.00		1	052603054102
052603054508	PNF LS VEG BROTH	3.8714	3.8714	6.45	EDIBLE GROCERY	19	0	0.00		1	052603054508
052603055604	PNF CHKN NDL W CHKN	4.9209	4.9208	7.57	EDIBLE GROCERY	19	6	1.00		1	052603055604
052603056052	PNF BEEF BONE BROTH	6.5603	6.5603	9.37	EDIBLE GROCERY	19	9	13.00		1	052603056052
052603277655	PNF CRM MUSHROOM	2.7895	2.7894	4.66	EDIBLE GROCERY	19	6	1.00		1	052603277655
053398000053	PAUTZKE SALMON EGGS	4.4900	4.4900	7.49	CAMPING & OUTDOORS	43	2	14.00		1	053398000053
053852005006	GMG SALSA ROASTED GARLIC	4.6423	5.2231	0.00	EDI/UNKNOWN	99	0	0.00		1	053852005006
054100925022	ARMOUR VIENNA SAUS OG	0.0000	0.0000	2.29	EDIBLE GROCERY	19	9	0.00		1	054100925022
054100937025	ARMOUR VIENNA SAUS HOT & SPICY	0.0000	0.0000	2.29	EDIBLE GROCERY	19	9	0.00		1	054100937025
054269200206	UCO CANDLELIER	26.3400	26.3400	43.90	CAMPING & OUTDOORS	43	1	1.00		1	054269200206
054358016268	ANNAS SWED ALMOND THINS	2.3129	2.3129	3.77	SNACKS - SALTY	15	5	-20.00		1	054358016268
054454003490	SHADES KVEIK GOLD SOUR 355ML 6PK	21.3000	21.3000	21.30	LIQUOR STORE	5	1	0.00		1	054454003490
054500193229	BALL PARK FRANKS BEEF	5.5100	5.5100	9.19	FROZEN FOODS	13	5	0.00		1	054500193229
055000008808	RAGG MITTEN SM	9.6600	9.6600	19.99	GENERAL MERCHANDISE	22	7	5.00		1	055000008808
055200008806	RAGG MITTEN LG	9.6600	9.6600	19.99	GENERAL MERCHANDISE	22	7	0.00		1	055200008806
055967892120	C - FLUTE KEY OF HIGH C	13.7500	13.7500	40.00	GENERAL MERCHANDISE	22	6	0.00		1	055967892120
055967892137	FLUTE A	8.5000	17.0000	45.00	GENERAL MERCHANDISE	22	6	0.00		1	055967892137
055967892144	FLUTE G	21.7500	21.7500	50.00	GENERAL MERCHANDISE	22	6	0.00		1	055967892144
055967892151	FLUTE F#	15.6667	28.2000	55.00	GENERAL MERCHANDISE	22	6	0.00		1	055967892151
055991040955	SH SPRTD PWR BREAD	0.0000	0.0000	7.27	BREADS	14	1	0.00		1	055991040955
055991079023	SH SPR PWR BGL PLAIN	4.6753	4.6753	6.99	BREADS	14	1	0.00		1	055991079023
056389007031	TENT REPAIR	3.5533	3.8500	6.99	CAMPING & OUTDOORS	43	1	8.00		1	056389007031
056389008120	SIX EGG CARRIER	2.2600	2.2600	3.99	CAMPING & OUTDOORS	43	1	3.00		1	056389008120
056389008441	SAFETY WHISTLE	2.7000	2.7000	4.99	CAMPING & OUTDOORS	43	0	3.00		1	056389008441
056389010123	COGHLANS 2 EGG CARRIER	1.9100	2.0000	2.89	CAMPING & OUTDOORS	43	1	0.00		1	056389010123
056389076006	SCISSORS FOLDING	2.0000	2.0000	3.99	GENERAL MERCHANDISE	22	4	0.00		1	056389076006
056389082359	EMERGENCY BLANKET COMPACT	1.7900	1.7900	2.98	CAMPING & OUTDOORS	43	1	1.00		1	056389082359
056389084070	COGHLANS TENT BROOM PAN	3.3500	3.3500	5.99	CAMPING & OUTDOORS	43	0	0.00		1	056389084070
056389090750	COGHLANS CIT CANDLE	4.0700	4.0700	6.99	CAMPING & OUTDOORS	43	1	8.00		1	056389090750
056389096486	MOSQUITO NETTING 48'X72'	3.5500	3.5500	5.99	CAMPING & OUTDOORS	43	1	2.00		1	056389096486
056389096851	MAP COMPASS	5.0900	5.0900	7.80	CAMPING & OUTDOORS	43	1	1.00		1	056389096851
056389098107	COGHLAN TENT STAKE	0.6100	0.6100	0.97	CAMPING & OUTDOORS	43	1	7.00		1	056389098107
057126700536	SEEDLINGS DESERT HAZE COASTER	9.0000	9.0000	19.99	GENERAL MERCHANDISE	22	6	0.00		1	057126700536
057126700567	SEEDLINGS HAPPY DAY  NTBK	9.0000	9.0000	19.99	GENERAL MERCHANDISE	22	4	0.00		1	057126700567
057126700581	SEEDLINGS DESERT HAZE NTBK	9.0000	9.0000	19.99	GENERAL MERCHANDISE	22	4	0.00		1	057126700581
057126718531	SEEDLINGS VINTAGE FLORAL NTBK	8.5000	8.5000	19.99	GENERAL MERCHANDISE	22	4	0.00		1	057126718531
057126719460	SEEDLINGS IN THE SHADE NTBK	9.0000	9.0000	19.99	GENERAL MERCHANDISE	22	4	0.00		1	057126719460
057126719996	SEEDLINGS DESERT HAZE COASTER SNGL	1.5000	1.5000	4.99	GENERAL MERCHANDISE	22	0	0.00		1	057126719996
057126742277	SEEDLINGS WILDFLOWER NTBK	8.5000	8.5000	19.99	GENERAL MERCHANDISE	22	0	0.00		1	057126742277
057126742284	SEEDLINGS SUNNY ORANGES  NTBK	8.5000	8.5000	19.99	GENERAL MERCHANDISE	22	0	0.00		1	057126742284
057126742307	SEEDLINGS CACTUS NTBK	8.5000	8.5000	19.99	GENERAL MERCHANDISE	22	4	0.00		1	057126742307
057126811799	SEEDLINGS MOON PHASES NTBK	9.0000	9.0000	18.99	GENERAL MERCHANDISE	22	4	1.00		1	057126811799
058336176005	EGB CHOC PUDDING MIX	2.0622	2.0622	3.44	EDIBLE GROCERY	19	4	0.00		1	058336176005
058449410003	NP STRAW FRST TSTR	3.8989	3.8989	6.44	EDIBLE GROCERY	19	2	0.00		1	058449410003
058449410027	NP APPLE CINN FRSTD	3.8989	3.8989	6.50	SNACKS - BAKERY	16	0	-3.00		1	058449410027
058449410157	NP CHRY POMGRN FRSTD	3.9200	3.9200	6.28	SNACKS - BAKERY	16	1	5.00		1	058449410157
058449410164	NP BRN SGR MPL FRSTD	3.7692	3.7692	6.28	EDIBLE GROCERY	19	6	0.00		1	058449410164
058449410225	NP WLDBRY ACAI FRSTD	3.8657	3.8657	6.44	EDIBLE GROCERY	19	0	0.00		1	058449410225
058449410249	NP RASPBERRY FROSTED	3.8985	3.8989	6.44	SNACKS - BAKERY	16	1	0.00		1	058449410249
058449450009	NATURE'S PATH INST OAT VARIETY	3.9435	3.9435	6.49	EDIBLE GROCERY	19	2	2.00		1	058449450009
058449772057	NP SUNRISE CRNCH HNY	4.6615	4.6615	7.64	EDIBLE GROCERY	19	2	0.00		1	058449772057
058496723064	WHISKAS TENDER CHIX	2.8300	2.8300	4.04	HOUSEHOLD/CLEANING	20	5	0.00		1	058496723064
059080200022	PLANET ULTRA LAUNDRY PWD	6.2227	6.1409	10.23	HOUSEHOLD/CLEANING	20	1	0.00		1	059080200022
059080215026	PLNT DSHWSH PCK	5.3208	5.3208	8.87	HOUSEHOLD/CLEANING	20	2	0.00		1	059080215026
060556159119	ASPARAGUS QUEEN VIC OG	4.3000	4.3000	6.14	PRODUCE	18	2	0.00		1	060556159119
060823501023	FOLD A CARRIER 5 GAL	8.6500	8.6500	11.99	CAMPING & OUTDOORS	43	0	0.00		1	060823501023
060823891001	RELIANCE 5 GALLON h2O	12.7600	12.7600	21.27	CAMPING & OUTDOORS	43	0	8.00		1	060823891001
060823941003	RELIANCE 7 GALLON H20	13.7100	13.7100	22.85	CAMPING & OUTDOORS	43	0	3.00		1	060823941003
062403130043	MUSHROOMS MAITAKE	6.0500	6.0500	8.07	PRODUCE	18	2	0.00		1	062403130043
063668353864	GRN BATH TISSUE 286 CT	10.2500	10.2500	0.00	EDI/UNKNOWN	99	0	0.00		1	063668353864
067275000319	OG2 CRO STRAW JUST FRUIT	3.9629	3.9629	0.00	EDI/UNKNOWN	99	0	0.00		1	067275000319
068274360077	NESTLE PURE LIFE DISTILLE	2.1703	2.1703	3.62	WATERS - BEVERAGES	31	4	0.00		1	068274360077
068274360169	RPLF DIST WTR SIDE HNDL	2.2077	2.1703	4.34	WATERS - BEVERAGES	31	4	2.00		1	068274360169
068274360244	PRLF DIST WTR 2.5 GALLON	5.0521	5.0521	9.19	WATERS - BEVERAGES	31	4	0.00		1	068274360244
068826186049	QUE PASA TORTCHP BLU	3.6290	3.6290	5.18	SNACKS - SALTY	15	2	0.00		1	068826186049
068826186056	QUE PASA OG YELLOW CRN CHPS	0.0000	0.0000	5.65	SNACKS - SALTY	15	2	0.00		1	068826186056
070074676081	PEDIALYTE GRAPE	1.6083	1.6083	2.69	HEALTH & BEAUTY CARE	21	1	0.00		1	070074676081
0701017000792		0.0000	0.0000	0.00	CIGARETTES	2	0	0.00		1	0701017000792
070132006034	JUANITAS MEX STYL HOMINY	2.1233	2.1233	3.54	EDIBLE GROCERY	19	9	8.00		1	070132006034
070137105237	BLK+MLD WINE	1.5112	1.5112	2.01	TOBACCO, OTHER	3	0	0.00		1	070137105237
070158000054	KRAZY GLUE ALL PURPOSE	2.0563	2.1100	3.52	GENERAL MERCHANDISE	22	4	-1.00		1	070158000054
070221011116	TOBLERONE	2.7040	2.7040	3.86	CANDY	8	2	15.00		1	070221011116
070230107107	TIDY CAT-3 LITTER	4.4500	4.4500	7.55	HOUSEHOLD/CLEANING	20	5	2.00		1	070230107107
070303022061	SBRND SKNLBNLS SARD NSA	2.5260	2.5260	0.00	EDI/UNKNOWN	99	0	0.00		1	070303022061
070303022290	SBRND SARD CLB NSA WATER	2.0260	1.8437	0.00	EDI/UNKNOWN	99	0	0.00		1	070303022290
070330000025	BIC LTR MINI CHLD GRD DS	1.2158	1.2172	1.59	GENERAL MERCHANDISE	22	1	54.00		1	070330000025
070330143678	BIC PEN ATLANTIS RTRCTBL	1.6629	1.7600	2.69	GENERAL MERCHANDISE	22	4	0.00		1	070330143678
070330506046	BIC WITE OUT PLUS QUICK D	1.5000	1.5000	2.59	GENERAL MERCHANDISE	22	4	5.00		1	070330506046
070330608450	BIC SURE START UTLTY LTR	4.6964	4.7000	6.66	GENERAL MERCHANDISE	22	1	9.00		1	070330608450
070330608825	BIC LTR LMTD OUTDOORS  LC	1.6812	1.6812	2.39	GENERAL MERCHANDISE	22	1	0.00		1	070330608825
070330622401	BIC LTR FAVORITES	1.7642	1.7642	2.39	GENERAL MERCHANDISE	22	1	2.00		1	070330622401
070330639393	BIC LTR FASHION COLORS	1.2734	1.2734	2.19	GENERAL MERCHANDISE	22	1	0.00		1	070330639393
070330643321	BIC LTR MINI FASHION    L	1.0536	1.0536	1.79	GENERAL MERCHANDISE	22	1	0.00		1	070330643321
070330653887	BIC LTR BLOWN GLASS	1.3744	1.3744	2.29	GENERAL MERCHANDISE	22	1	0.00		1	070330653887
070330653917	BIC LTR ANIMAL LOVER	1.7378	1.7378	2.67	GENERAL MERCHANDISE	22	1	33.00		1	070330653917
070330658301	BIC LIGHTER	0.0000	0.0000	2.40	GENERAL MERCHANDISE	22	1	0.00		1	070330658301
070330658325	BIC LTR PARTY ANIMAL	1.4536	1.4536	2.49	GENERAL MERCHANDISE	22	1	0.00		1	070330658325
070330661318	BIC LTR NOSTALGIA	1.3744	1.3744	2.40	GENERAL MERCHANDISE	22	1	0.00		1	070330661318
070330664388	BIC LTR INDULGENT	1.5611	1.5612	2.49	GENERAL MERCHANDISE	22	1	0.00		1	070330664388
070330666153	BIC LTR ICONS       LCWT1	1.4884	1.4884	2.49	GENERAL MERCHANDISE	22	1	0.00		1	070330666153
070330902831	BIC PEN CLASSIC STIC BLCK	0.8000	0.8000	1.19	GENERAL MERCHANDISE	22	4	5.00		1	070330902831
070330911888	BIC PENCIL MECH .7MM	1.9992	2.0000	2.99	GENERAL MERCHANDISE	22	4	4.00		1	070330911888
070462098358	SOUR PATCH KD BOX	0.9900	0.9900	1.65	CANDY	8	3	0.00		1	070462098358
070462098501	SOUR PATCH KD ASST	1.1875	1.1875	1.83	CANDY	8	3	-2.00		1	070462098501
070462098525	SOUR PATCH KD WTRMLN	1.2528	1.2567	1.93	CANDY	8	3	31.00		1	070462098525
070462542509	SWEDISH FISH MINI	1.1367	1.1367	1.89	CANDY	8	3	-2.00		1	070462542509
070491401358	AGALMA DRNKMX SWT/SR	0.0000	0.0000	0.00	COLD BEVERAGES	7	0	0.00		1	070491401358
070547014983	KLONDIKE CHACO TACO	1.4200	1.4200	2.37	ICE CREAM	12	2	0.00		1	070547014983
070551700537	CHVR MILD GOAT CHS PLN	3.2533	3.2533	4.52	DAIRY - OTHER	10	1	0.00		1	070551700537
070551761040	CHVR FRSH GOAT CHS PLAIN	2.7317	2.7317	3.90	DAIRY - OTHER	10	1	0.00		1	070551761040
070569219502	BAHL MILK/CHOC WAFER RL	4.0472	4.0472	6.75	SNACKS - BAKERY	16	3	0.00		1	070569219502
070602739004	BIG HUNK	0.8434	0.8433	1.41	CANDY	8	2	0.00		1	070602739004
070602769001	BIG HUNK	0.9638	0.9638	1.61	CANDY	8	2	49.00		1	070602769001
070612100108	ARMOR ALL PROTECTANT BONU	4.7000	4.7000	7.89	AUTOMOTIVE PRODUCTS	24	2	0.00		1	070612100108
070612174963	ARMOR ALL PROTECT WIPES	5.2950	5.4800	9.13	AUTOMOTIVE PRODUCTS	24	3	0.00		1	070612174963
070612175014	ARMOR ALL GLASS WIPES	5.4800	5.4800	9.13	AUTOMOTIVE PRODUCTS	24	3	2.00		1	070612175014
070612182401	ARMOR ALL ULTRA SHINE WAS	5.8700	5.8700	9.78	AUTOMOTIVE PRODUCTS	24	3	3.00		1	070612182401
070617000625	BARBARA ORIGINAL CHEESE PUFFS	2.5717	2.5546	4.90	SNACKS - SALTY	15	0	15.00		1	070617000625
070617000755	BARBARA  JALAPENO CHEESE PUFFS	2.7663	2.5546	4.90	SNACKS - SALTY	15	0	12.00		1	070617000755
070617000762	BARBARA PUFFS	2.9840	2.9840	4.26	SNACKS - SALTY	15	0	-10.00		1	070617000762
070617000793	CHEESE PUFFS BKD ORIG	2.9840	2.9840	3.98	SNACKS - SALTY	15	0	-20.00		1	070617000793
070622431025	GOETZE COW TALES BROWNIE	0.2608	0.2625	0.44	CANDY	8	2	0.00		1	070622431025
070640002481	B B I/C BAR CKIE N CREAM	1.5388	1.5388	2.56	ICE CREAM	12	2	21.00		1	070640002481
070640002498	B B I/C CRUNCH BAR STRWB	1.5388	1.5388	2.56	ICE CREAM	12	2	5.00		1	070640002498
070640002504	B B I/C CRUNCH BAR VAN	1.3604	1.3604	2.27	ICE CREAM	12	2	13.00		1	070640002504
070640006632	THE OG BOMB POP	0.0000	0.0000	8.41	ICE CREAM	12	2	0.00		1	070640006632
070640012510	B B I/C COOKIES & CREAM	6.4725	6.4725	8.63	ICE CREAM	12	1	0.00		1	070640012510
070640013791	B B BOMB POP ORIGINAL	1.1221	1.1221	1.87	ICE CREAM	12	2	0.00		1	070640013791
070640015566	B B I/C LOAD SUNDAE BUNNY	2.8963	2.8963	4.89	ICE CREAM	12	2	0.00		1	070640015566
070640015573	B B I/C LOAD SUNDAE SLTD	2.8474	2.8412	4.74	ICE CREAM	12	2	0.00		1	070640015573
070640015603	B B I/C LOAD SUNDAE STRW	2.8963	2.8963	4.83	ICE CREAM	12	2	0.00		1	070640015603
070640015641	B B I/C LOAD SUNDAE CKIE	2.8963	2.8963	4.83	ICE CREAM	12	2	0.00		1	070640015641
070640015658	B B I/C LOAD SUNDAE CKIE	2.8963	2.8963	4.83	ICE CREAM	12	2	0.00		1	070640015658
070640015665	B B I/C LOAD SUNDAE CHC B	2.8963	2.8963	4.83	ICE CREAM	12	2	0.00		1	070640015665
070640017652	B B I/C BAR ORANGE DREAM	0.5785	0.5785	0.96	ICE CREAM	12	2	21.00		1	070640017652
070640020522	B B I/C BIG SNDWCH BOPPER	2.1325	2.1325	3.55	ICE CREAM	12	2	11.00		1	070640020522
070640020881	B B I/C CHOC CHIP CKIE DO	2.5163	2.5162	3.59	ICE CREAM	12	2	0.00		1	070640020881
070640020904	B B I/C PB PARTY	2.5725	2.5725	4.29	ICE CREAM	12	1	0.00		1	070640020904
070640020935	B B I/C PREM COOKIES N CR	2.5725	2.5725	4.29	ICE CREAM	12	1	0.00		1	070640020935
070640020942	B B I/C CHOCOLATE	2.5725	2.5725	3.68	ICE CREAM	12	2	0.00		1	070640020942
070640021987	B B I/C COOL TUBE JOLLY R	1.0258	0.9288	1.55	ICE CREAM	12	2	0.00		1	070640021987
070640022007	B B PUSH POPS ORANGE SHER	0.8163	0.8162	1.36	ICE CREAM	12	2	0.00		1	070640022007
070640022427	B B I/C BAR BUNNY TRACK L	2.1192	2.1192	3.53	ICE CREAM	12	2	0.00		1	070640022427
070640023417	B B I/C CONE CHOC VAN TWI	1.6263	1.6262	2.55	ICE CREAM	12	2	10.00		1	070640023417
070640024117	B B I/C BAR LOADD STRWB S	2.1192	2.1192	3.03	ICE CREAM	12	2	0.00		1	070640024117
070640024247	B B I/C COOL TUBE CANDY C	1.0054	1.0054	1.44	ICE CREAM	12	1	-3.00		1	070640024247
070640025619	BUTTERFINGER I/C BAR	2.5175	2.5175	4.19	ICE CREAM	12	2	35.00		1	070640025619
070640310500	B B I/C SNDW MISSISSIPPI	1.0839	1.0862	1.41	ICE CREAM	12	2	15.00		1	070640310500
070640310609	B B I/C BIG SNDWCH VAN	1.0748	1.0750	1.79	ICE CREAM	12	2	23.00		1	070640310609
070640310708	B B I/C BIG SNDWCH NEOPLI	1.0863	1.0862	1.81	ICE CREAM	12	2	-6.00		1	070640310708
070640400720	B B I/C CONE THE CHAMP VA	1.5296	1.5296	2.05	ICE CREAM	12	2	16.00		1	070640400720
070640400751	B B I/C CHAMP CONE CARAME	1.5296	1.5296	2.55	ICE CREAM	12	2	35.00		1	070640400751
070640401239	B B I/C CONE BUNNY TRACKS	2.2542	2.2542	3.76	ICE CREAM	12	2	10.00		1	070640401239
070640401314	B B I/C CONE VAN BROWNIE	2.2542	2.2542	3.76	ICE CREAM	12	2	11.00		1	070640401314
070641064129	MARUKAN RICE VINEGAR	3.2443	3.2530	5.02	EDIBLE GROCERY	19	7	14.00		1	070641064129
070662010020	TOP RAMEN BEEF/NOODLE	0.4900	0.4900	1.09	EDIBLE GROCERY	19	6	2.00		1	070662010020
070662010037	TOP RAMEN CHICKEN	0.4900	0.4900	0.98	EDIBLE GROCERY	19	6	19.00		1	070662010037
070662030011	CUP O NOODLES BEEF	1.0200	1.0200	1.88	EDIBLE GROCERY	19	6	0.00		1	070662030011
070662030035	CUP O NOODLES CHICKEN	1.0200	1.0200	1.88	EDIBLE GROCERY	19	6	1.00		1	070662030035
070718001170	BHARBOR SMKD MCKRL FLLTS	0.0000	0.0000	0.00	SNACKS - OTHER	17	1	0.00		1	070718001170
070718001187	KIPPERS SMOKED BHARBOR	3.4085	3.4800	5.80	SNACKS - OTHER	17	1	0.00		1	070718001187
070718001217	BHARBOR SMKD HERRING PPR	3.7644	4.0270	5.80	SNACKS - OTHER	17	1	0.00		1	070718001217
070718001576	BHARBOR SMKD SARD BNLSKN	4.0270	4.0270	0.00	SNACKS - OTHER	17	1	0.00		1	070718001576
070734053160	CEL SEAS RASP ZING	3.5091	3.5269	5.75	EDIBLE GROCERY	19	1	4.00		1	070734053160
070844008364	KA ME BAMBOO SKEWERS	2.1055	2.1055	3.51	HOUSEHOLD/CLEANING	20	2	0.00		1	070844008364
070847003229	MONSTER REHAB LEMONADE	1.7389	1.7700	2.85	COLD BEVERAGES	7	3	30.00		1	070847003229
070847010463	MONSTER REHAB	34.4400	1.4400	2.39	COLD BEVERAGES	7	3	0.00		1	070847010463
070847012474	MONSTER ZRO ULTRA	1.7698	1.7700	2.95	COLD BEVERAGES	7	3	39.00		1	070847012474
070847811169	MONSTER ENERGY	1.7651	1.7700	2.95	COLD BEVERAGES	7	3	12.00		1	070847811169
070847811213	MONSTER LO CARB 24OZ	2.6900	2.6900	4.48	COLD BEVERAGES	7	3	0.00		1	070847811213
070847811268	MONSTER LO CARB	1.6973	1.7700	2.85	COLD BEVERAGES	7	3	29.00		1	070847811268
070847812609	MONSTER JAVA MEAN	2.0500	2.0500	3.15	COLD BEVERAGES	7	3	0.00		1	070847812609
070847812715	MONSTER JAVA LOCA MOCA	2.1299	2.1300	3.55	COLD BEVERAGES	7	3	50.00		1	070847812715
070852000121	CLOVER WHOLE MILK	4.7750	4.7750	6.55	DAIRY - FLUID	9	1	-2.00		1	070852000121
070852000220	CLVRSN 1% LF MILK	7.1150	7.1150	10.07	DAIRY - FLUID	9	1	0.00		1	070852000220
070852000244	CLVRSN VITAMN D MILK	2.4300	2.4300	3.74	DAIRY - FLUID	9	1	0.00		1	070852000244
070852000282	CLOVER SON HVY WHP CREAM	5.1564	5.1640	7.17	DAIRY - FLUID	9	2	11.00		1	070852000282
070852000299	COF HALF & HALF	3.5200	3.5200	4.69	DAIRY - FLUID	9	2	0.00		1	070852000299
070852310008	CLVRSN HVY WHIPPING CRM	4.2668	4.2668	5.93	DAIRY - FLUID	9	2	0.00		1	070852310008
070852683003	CLVRSN EGGNOG	4.3195	4.3195	5.76	DAIRY - FLUID	9	0	0.00		1	070852683003
070852990781	CLOVER SON EGGNOG	5.2466	5.2466	7.29	DAIRY - FLUID	9	0	0.00		1	070852990781
070852991122	CLVRSN SWEET BUTTER	9.1421	9.1421	13.06	DAIRY - OTHER	10	3	12.00		1	070852991122
070852991979	CLVRSN CHS SHRP CHED	4.4532	4.4532	6.36	DAIRY - OTHER	10	1	0.00		1	070852991979
070852992280	CLVRSN CREAM CHEESE BAR	3.0788	3.0788	4.40	DAIRY - OTHER	10	1	1.00		1	070852992280
070852992952	CLVRSN CREAM CHS BAR	4.6250	4.6250	6.42	DAIRY - OTHER	10	0	0.00		1	070852992952
070920476346	SWISS MISS HOT COCOA W/MA	3.1800	3.1800	5.39	EDI/UNKNOWN	99	0	0.00		1	070920476346
070970471230	HOT TAMALES	0.9500	0.9500	1.58	CANDY	8	3	0.00		1	070970471230
070970473562	MIKE AND IKE MEGAMIX	0.0000	0.0000	0.00	CANDY	8	3	0.00		1	070970473562
070978509201	TA CHEESE MANCHEGO	0.0000	0.0000	0.00	DAIRY - OTHER	10	1	0.00		1	070978509201
070978509225	TA CHEESE IBERICO	0.0000	0.0000	0.00	DAIRY - OTHER	10	1	0.00		1	070978509225
070978509232	TA CHEESE IBERICO TRUFLE	0.0000	0.0000	0.00	DAIRY - OTHER	10	1	0.00		1	070978509232
071007024603	EL MONTERRY BURRITO	0.0000	0.0000	2.59	FROZEN FOODS	13	1	0.00		1	071007024603
071007031694	EL MONTERERY XXLR BURR	0.0000	0.0000	2.59	FROZEN FOODS	13	1	0.00		1	071007031694
071012000036	KING ARTHUR FLOUR 2LB	2.8200	2.8373	4.52	EDIBLE GROCERY	19	4	0.00		1	071012000036
071012010509	KING ARTHUR AP FLOUR 5LBS	6.5595	6.5595	10.09	EDIBLE GROCERY	19	4	6.00		1	071012010509
071051000646	FMRAM WATER MTN SPRING	2.3325	2.3324	4.66	WATERS - BEVERAGES	31	2	0.00		1	071051000646
071051000653	FMRAM WATER MTN SPRING	6.4680	6.4680	12.94	WATERS - BEVERAGES	31	0	0.00		1	071051000653
071051000752	FMRAM WATER DISTILLED	3.1477	3.1476	6.30	WATERS - BEVERAGES	31	4	0.00		1	071051000752
071100005509	HIDDEN VAL RANCH DRESS OR	2.8900	2.8900	4.89	EDIBLE GROCERY	19	7	1.00		1	071100005509
071142000012	ARROWHEAD WATER SPRING 1L	0.9436	0.9568	1.84	WATERS - BEVERAGES	31	3	109.00		1	071142000012
071142000050	WATER SPRING ARROWHEAD 1 GAL	2.1316	2.1298	3.44	WATERS - BEVERAGES	31	2	0.00		1	071142000050
071142000067	ARROWHEAD WATER DISTILLED	2.1033	2.1038	3.44	WATERS - BEVERAGES	31	4	0.00		1	071142000067
071142000098	ARROWHEAD WATER SPRING	5.2382	5.0521	10.10	WATERS - BEVERAGES	31	0	12.00		1	071142000098
071142000104	WATER DISTILLED 2.5 GAL	5.0521	5.0521	9.19	COLD BEVERAGES	7	5	0.00		1	071142000104
071142000159	ARROWHEAD WATER SPRING	1.3350	1.3350	2.45	WATERS - BEVERAGES	31	0	2.00		1	071142000159
071142000500	WATER ARROW SPRING TUXEDO	0.3967	0.4867	0.81	WATERS - BEVERAGES	31	3	0.00		1	071142000500
071142000524	ARROW MTN SPRING WATER	2.1313	2.1298	4.30	WATERS - BEVERAGES	31	2	47.00		1	071142000524
071142002207	ARROW SPRK SMPLY BUBBLES	0.7581	0.7581	1.71	COLD BEVERAGES	7	2	0.00		1	071142002207
071142004003	ARROWHEAD WATER	6.6300	6.6300	11.05	WATERS - BEVERAGES	31	0	0.00		1	071142004003
071142008582	ARROWHEAD WATER MTN SPRIN	0.5179	0.5179	0.89	WATERS - BEVERAGES	31	3	0.00		1	071142008582
071142643370	ARROWHEAD SPRING WTR SPORT	0.6425	0.6371	1.34	WATERS - BEVERAGES	31	3	0.00		1	071142643370
071142710034	ARROW SPRING WATER	0.5880	0.5880	1.18	WATERS - BEVERAGES	31	3	0.00		1	071142710034
071153002036	STP HD BRAKE FLUID DOT 3	3.3200	3.3200	5.53	AUTOMOTIVE PRODUCTS	24	2	4.00		1	071153002036
071153002043	STP POWER STEER FLUID	2.3300	2.3300	3.88	AUTOMOTIVE PRODUCTS	24	3	0.00		1	071153002043
071153651487	STP OIL TREATMENT	4.5600	4.5600	7.60	AUTOMOTIVE PRODUCTS	24	2	2.00		1	071153651487
071153660465	STP POWER STEER & STOP LE	2.8600	2.8600	4.77	AUTOMOTIVE PRODUCTS	24	2	0.00		1	071153660465
071153783805	STP DIESEL FUEL TREATMENT	6.5400	6.5400	10.99	AUTOMOTIVE PRODUCTS	24	2	2.00		1	071153783805
071153785717	STP INJECT/CARB CLEANER	2.8400	2.8400	4.73	AUTOMOTIVE PRODUCTS	24	2	2.00		1	071153785717
071153785748	STP OCTANE BOOSTER	5.5756	5.8600	7.92	AUTOMOTIVE PRODUCTS	24	2	4.00		1	071153785748
071153785755	STP SUPER FUEL INJ CLEANE	4.4200	4.4200	7.39	AUTOMOTIVE PRODUCTS	24	2	2.00		1	071153785755
071153785953	STP OIL TREATMENT HIGH MI	4.3870	4.5400	7.57	AUTOMOTIVE PRODUCTS	24	2	0.00		1	071153785953
071159001231	CORNNUTS JALAPENO CHEDDAR	0.9300	0.9300	1.55	SNACKS - SALTY	15	0	0.00		1	071159001231
071159001330	CORNNUTS	0.7769	0.7778	1.30	SNACKS - SALTY	15	0	9.00		1	071159001330
071159001347	CORNNUTS BBQ	0.6044	0.6044	1.01	SNACKS - SALTY	15	0	0.00		1	071159001347
071159001750	CORNNUTS CHILE PIC	0.6044	0.6044	1.01	SNACKS - SALTY	15	0	0.00		1	071159001750
071270357552	HALLOUMI CHEESE 8.8 OZ	7.2236	7.2500	9.18	DAIRY - OTHER	10	1	20.00		1	071270357552
071287404508	NAT BRW FLTR 2	0.0000	0.0000	3.99	HOUSEHOLD/CLEANING	20	2	0.00		1	071287404508
071421100907	PIERRE BIG AZ BB	0.0000	0.0000	4.99	FROZEN FOODS	13	1	0.00		1	071421100907
071567992015	JELLY BELLY H POTTER BERT	1.6838	1.6838	2.59	CANDY	8	3	18.00		1	071567992015
071610505643	D MASTER DUTCH DTCH	1.2403	1.2430	1.66	TOBACCO, OTHER	3	2	0.00		1	071610505643
071611005470	PENNZOIL PLATINUM SYN 0W2	7.0907	7.1050	11.84	AUTOMOTIVE PRODUCTS	24	1	4.00		1	071611005470
071611009560	PENNZOIL ATF SYNTHETIC	6.1817	6.1817	10.29	AUTOMOTIVE PRODUCTS	24	2	3.00		1	071611009560
071611019514	PENNZOIL ATF	4.1883	4.1883	6.98	AUTOMOTIVE PRODUCTS	24	1	6.00		1	071611019514
071611901383	PENNZOIL 5W20	5.7167	5.7167	9.65	AUTOMOTIVE PRODUCTS	24	1	17.00		1	071611901383
071611915083	PENNZOIL PLATINUM 5W20	7.1050	7.1050	11.89	AUTOMOTIVE PRODUCTS	24	1	6.00		1	071611915083
071611915090	PENNZOIL PLATINUM SYN 5W30	7.1050	7.1050	11.84	AUTOMOTIVE PRODUCTS	24	1	6.00		1	071611915090
071611915106	PENNZOIL PLATINUM FULL SY	7.1050	7.1050	10.08	AUTOMOTIVE PRODUCTS	24	1	4.00		1	071611915106
071611935395	PENNZOIL 30W	5.3950	5.3950	8.99	AUTOMOTIVE PRODUCTS	24	1	6.00		1	071611935395
071611936095	PENNZOIL 5W30	5.6700	5.6700	9.45	AUTOMOTIVE PRODUCTS	24	1	4.00		1	071611936095
071611936194	PENNZOIL 10W30	5.6700	5.6700	9.58	AUTOMOTIVE PRODUCTS	24	1	3.00		1	071611936194
071611936538	PENNZOIL 10W40	5.6725	5.6700	9.58	AUTOMOTIVE PRODUCTS	24	1	8.00		1	071611936538
071641060920	SHARPIE MARKER LARGE	0.9800	0.9800	1.69	GENERAL MERCHANDISE	22	4	0.00		1	071641060920
071641085428	MR SKETCH MARKER SCNTD	3.9800	3.9800	6.69	GENERAL MERCHANDISE	22	4	0.00		1	071641085428
071641151017	SHARPIE MARKER BLACK KING	1.6200	1.6200	2.69	GENERAL MERCHANDISE	22	4	5.00		1	071641151017
071641331013	SHARPIE MARKER SUPR BOLD	1.6300	1.6300	2.79	GENERAL MERCHANDISE	22	4	0.00		1	071641331013
071641702486	PMATE PEN CLEARPOINT 0.7M	3.3100	3.3100	6.09	GENERAL MERCHANDISE	22	4	0.00		1	071641702486
071662000165	CRAYOLA CRAYONS	1.9100	1.9100	3.19	GENERAL MERCHANDISE	22	4	8.00		1	071662000165
071662000240	CRAYOLA CRAYONS	1.7600	1.7600	2.99	GENERAL MERCHANDISE	22	4	0.00		1	071662000240
071662040123	CRAYOLA COLORED PNCLS 12 CT	2.7600	2.7600	3.99	GENERAL MERCHANDISE	22	4	0.00		1	071662040123
071662086107	MARKERS WASHABLE 10 CT	2.7500	2.7500	4.99	GENERAL MERCHANDISE	22	4	0.00		1	071662086107
071662100247	CRAYOLA CRAYONS 24 PK	1.7500	1.7500	2.99	GENERAL MERCHANDISE	22	4	-1.00		1	071662100247
071662244125	CRAYOLA ERASABLE CLR PNCLS 12CT	4.2500	4.2500	6.99	GENERAL MERCHANDISE	22	4	4.00		1	071662244125
071720531105	CHARLESTON CHEW CHOC	0.7696	0.7696	1.28	CANDY	8	2	0.00		1	071720531105
071818020702	GUIT SANTE DK CCHIPS 72%	8.2828	8.9324	12.41	EDIBLE GROCERY	19	4	15.00		1	071818020702
071818021006	GUIT SEMISWEET CCHIP	8.1203	8.9324	11.91	EDIBLE GROCERY	19	4	14.00		1	071818021006
071818029507	GUIT MLK CHOC MAXI CHIPS	8.9324	8.9324	11.91	EDIBLE GROCERY	19	4	7.00		1	071818029507
071948000100	GUMOUT OCTANE BOOSTER  74	2.5400	2.5400	3.42	AUTOMOTIVE PRODUCTS	24	2	1.00		1	071948000100
071948100152	GUMOUT FUEL SYS TREATMENT	3.6400	3.6400	6.07	AUTOMOTIVE PRODUCTS	24	2	0.00		1	071948100152
071948900707	GUMOUT STARTING FLUID	3.9400	3.9400	6.23	AUTOMOTIVE PRODUCTS	24	2	0.00		1	071948900707
071948900721	GUMOUT POWER STEERING FLU	1.6500	1.6500	2.75	AUTOMOTIVE PRODUCTS	24	2	0.00		1	071948900721
071948900882	GUMOUT GAS TREATMENT	2.5200	2.5200	4.20	AUTOMOTIVE PRODUCTS	24	2	4.00		1	071948900882
071948900905	GUMOUT XTR FL INJ CLNR	2.8407	2.9400	4.90	AUTOMOTIVE PRODUCTS	24	2	0.00		1	071948900905
071948900943	GUMOUT CARB & FUEL INJ CL	2.2275	2.2400	3.73	AUTOMOTIVE PRODUCTS	24	2	0.00		1	071948900943
071948900967	GUMOUT HIGH MILEAGE FUEL	3.8700	3.8700	6.45	AUTOMOTIVE PRODUCTS	24	2	2.00		1	071948900967
071948901025	GUMOUT REGANE COMPLETE FU	6.9500	6.9500	11.58	AUTOMOTIVE PRODUCTS	24	2	0.00		1	071948901025
071948901049	GUMOUT HIGH MILE CLEANER	0.0000	0.0000	7.99	AUTOMOTIVE PRODUCTS	24	0	0.00		1	071948901049
071990000479	COORS 12 PK CAN	11.8700	11.8700	16.96	BEER-GS	4	0	10.00		1	071990000479
071990000486	COORS LT 12PK	11.8700	11.8700	16.96	BEER-GS	4	0	17.00		1	071990000486
071990095284	COORS LT 12PK	19.3400	19.3400	27.63	BEER-GS	4	0	0.00		1	071990095284
071990100339	COORS 30PK	24.2700	24.2200	33.31	BEER-GS	4	0	2.00		1	071990100339
071990170370	COORS BANQUENT	9.6700	9.6700	13.81	BEER-GS	4	0	0.00		1	0719901703704
071990300302	COORS LT 30PK	24.1825	24.2200	33.31	BEER-GS	4	4	3.00		1	071990300302
071990300654	COORS TALL CAN	1.6542	1.6542	2.36	BEER-GS	4	0	0.00		1	071990300654
072058633325	LOL COCOA STRWBRY CREAM	0.5713	0.5713	0.95	HOT BEVERAGES	30	3	1.00		1	072058633325
072058634230	COCOA CLASSIC CHOCO SUPREME	0.6811	0.6386	1.72	HOT BEVERAGES	30	3	87.00		1	072058634230
072058634247	LOL HOT COCOA MINT CHOC	0.8600	0.8600	1.72	HOT BEVERAGES	30	3	3.00		1	072058634247
072058634261	LOL HOT COCOA FRENCH VANILLA	0.8580	0.8580	1.72	HOT BEVERAGES	30	3	0.00		1	072058634261
072058634278	LOL COOOA SALTED CARAMEL	0.8600	0.8600	1.72	HOT BEVERAGES	30	3	1.00		1	072058634278
072140452315	AQUAPHOR HEALING OINTMENT	6.7300	6.7300	9.68	HEALTH & BEAUTY CARE	21	0	7.00		1	072140452315
072169028676	PJS SKINNY BURRITO	2.2160	2.4271	4.09	FROZEN FOODS	13	1	0.00		1	072169028676
072169121650	PJS TRAD CHKN BRTO	2.3667	2.4271	4.05	FROZEN FOODS	13	1	0.00		1	072169121650
072169122657	PJS STEAK/CHS BRTO	2.4271	2.4271	4.05	FROZEN FOODS	13	1	0.00		1	072169122657
072220100167	FRNZ PLAIN BAGELS 6 CT	3.1062	3.1128	5.13	BREADS	14	0	8.00		1	072220100167
072248710164	AMORE RTE VEG SUNDRD TOM	4.7370	4.7370	7.33	EDIBLE GROCERY	19	7	7.00		1	072248710164
072250916417	MRS FRESH CAKE HERSHEY CK	1.4925	1.4925	2.49	CANDY	8	0	0.00		1	072250916417
072368111506	DELALLO GAR CHPD IN OIL	4.1429	4.1428	5.92	EDIBLE GROCERY	19	9	7.00		1	072368111506
072368136004	DELALLO BRSHTA ARTICHOKE	4.9322	4.9322	7.59	EDIBLE GROCERY	19	7	0.00		1	072368136004
072368302225	DELALLO PIZZA DOUGH KIT	5.6493	5.6492	9.42	EDIBLE GROCERY	19	3	0.00		1	072368302225
072368510156	DELALLO ELBOW PASTA #52	2.5917	2.5917	3.99	EDIBLE GROCERY	19	3	11.00		1	072368510156
072368510187	DELALLO ORZO#65 PASTA	2.5900	2.5917	3.92	EDIBLE GROCERY	19	3	4.00		1	072368510187
072368510347	DELALLO SPAGHETTI BAG	2.5923	2.5923	3.99	EDIBLE GROCERY	19	3	6.00		1	072368510347
072368510552	DELALLO FUSILLI PASTA	2.5917	2.5917	3.70	EDIBLE GROCERY	19	3	4.00		1	072368510552
072368510644	DELALLO MINI GNOCCHI	2.8194	2.8194	4.03	EDIBLE GROCERY	19	3	15.00		1	072368510644
072368510972	DELALLO POTATO GNOCCHI	2.8194	2.8194	4.34	EDIBLE GROCERY	19	3	0.00		1	072368510972
072368551944	DELALLO GF SPAG	3.4029	3.4029	5.24	EDIBLE GROCERY	19	3	0.00		1	072368551944
072368551975	DELALLO WG RCE SPAG GF	3.4605	3.4605	5.32	EDIBLE GROCERY	19	3	7.00		1	072368551975
072368569901	DELALLO INST ESPRSO PWD	5.6211	5.6210	7.28	EDIBLE GROCERY	19	1	5.00		1	072368569901
072457331082	WALD BALSAMIC DRESSING	4.7701	4.7701	7.18	EDIBLE GROCERY	19	7	0.00		1	072457331082
072477980154	ANT CNTRL 3 PK	2.9000	2.9000	4.99	HOUSEHOLD/CLEANING	20	4	0.00		1	072477980154
072477980185	MOUSE TRAP TWIN WOOD	0.9500	0.9500	1.99	HOUSEHOLD/CLEANING	20	0	16.00		1	072477980185
072477980734	ANT CNTRL 4PK	3.9600	3.9600	6.60	HOUSEHOLD/CLEANING	20	4	6.00		1	072477980734
072477981144	FLY SWATTER	0.7300	0.7300	1.33	HOUSEHOLD/CLEANING	20	0	-2.00		1	072477981144
072477981205	WINDOW FLY TRAPS	2.2000	2.2000	4.00	HOUSEHOLD/CLEANING	20	0	0.00		1	072477981205
072477981298	MOUSE TRAP PLSTC	3.4000	3.4000	5.99	HOUSEHOLD/CLEANING	20	0	17.00		1	072477981298
072477986019	RAID FLY RIB 10PK	2.5564	2.6000	4.33	HOUSEHOLD/CLEANING	20	2	21.00		1	072477986019
072477986026	RAID FLY RIB 4 PK	1.9815	2.7600	4.60	HOUSEHOLD/CLEANING	20	2	14.00		1	072477986026
072554159725	OREO I/C CONE SINGLES	3.0292	3.0292	4.33	ICE CREAM	12	2	0.00		1	072554159725
072554218606	DRUMSTICK I/C KING VAN/CH	3.2767	3.2767	5.46	ICE CREAM	12	2	15.00		1	072554218606
072554218903	DRUMSTICK I/C KING TRPL C	3.0292	3.0292	4.33	ICE CREAM	12	2	0.00		1	072554218903
072554415166	OREO I/C BAR SINGLES	2.3067	2.3067	2.89	ICE CREAM	12	2	1.00		1	072554415166
072609037893	ALDENS FRNC VAN ICRM	9.5564	9.5564	12.74	ICE CREAM	12	1	0.00		1	072609037893
072609038326	ALDENS SLT CRML	9.5564	9.5564	12.74	ICE CREAM	12	1	0.00		1	072609038326
072609043504	ALDENS CHOC	9.5564	9.5564	12.74	ICE CREAM	12	1	0.00		1	072609043504
072609043528	ALDENS COFFEE	9.5564	9.5564	12.74	ICE CREAM	12	1	0.00		1	072609043528
072609044372	ALDENS ICRM VAN CHOC	9.5564	9.5564	12.74	ICE CREAM	12	1	0.00		1	072609044372
072609047915	ALDENS PBTR FDG	8.1074	8.1074	10.81	ICE CREAM	12	1	0.00		1	072609047915
072609049643	ALDENS CRML MAC	4.4400	4.4400	5.92	ICE CREAM	12	1	0.00		1	072609049643
072609050717	ALDENS ICRM PUMPKIN	0.0000	0.0000	0.00	ICE CREAM	12	1	0.00		1	072609050717
072609051158	ALDENS OOEY BRWNIE	4.2703	4.2703	5.69	ICE CREAM	12	1	0.00		1	072609051158
072609051264	ALDENS OLD FSHND VAN	9.5564	9.5564	12.74	ICE CREAM	12	1	0.00		1	072609051264
072609051288	ALDENS ICRM VANBN DF	4.7782	4.7782	6.37	ICE CREAM	12	3	0.00		1	072609051288
072609051530	ALDENS MOOSE TRCK	4.7291	4.7291	6.31	ICE CREAM	12	1	0.00		1	072609051530
072609052674	ALDENS PUMP CHS	6.8787	6.8787	9.17	ICE CREAM	12	1	0.00		1	072609052674
072609052681	ALDENS PPRMNT	6.8787	6.8787	9.17	ICE CREAM	12	1	0.00		1	072609052681
072609053022	ALDENS FDG BAR	2.0149	2.0479	2.73	ICE CREAM	12	2	0.00		1	072609053022
072609053428	ALDENS HNY LEMON CKY	4.6635	4.7291	6.31	ICE CREAM	12	1	0.00		1	072609053428
072609056979	ALD DRK CHOC ALMD BR	5.4614	5.4614	9.10	CANDY	8	2	0.00		1	072609056979
072609058164	ALDENS CLDBRWCOF ICM	10.1140	10.1140	12.80	ICE CREAM	12	1	1.00		1	072609058164
072609058171	ALDENS PBTR SWRL ICM	10.1140	10.1140	12.80	ICE CREAM	12	1	1.00		1	072609058171
072609058577	ALDENS ICRM ORNG CRM	9.7250	9.7250	12.97	ICE CREAM	12	1	0.00		1	072609058577
072609059543	ALDENS CRM EGNOG ICM	9.7250	9.7250	12.97	ICE CREAM	12	1	0.00		1	072609059543
072609741042	ALDENS BLKBRY SORBET	5.5570	5.5570	7.41	ICE CREAM	12	3	0.00		1	072609741042
072609741813	ALDENS CHOC CHIP	9.5564	9.5564	12.74	ICE CREAM	12	1	0.00		1	072609741813
072609741820	ALDENS COOKIES & CREAM	9.7250	9.7250	12.97	ICE CREAM	12	1	0.00		1	072609741820
072609741837	ALDENS MINT CHIP	9.7250	9.7250	12.97	ICE CREAM	12	1	0.00		1	072609741837
072609741851	ALDENS VANILLA BEAN	9.7250	9.7250	13.51	ICE CREAM	12	1	2.00		1	072609741851
072620020300	RAINIER 12PK	8.2600	8.2600	11.80	BEER-GS	4	0	0.00		1	072620020300
072700000024	MANIS MATZO THIN SALTED	3.2408	3.2408	5.40	SNACKS - SALTY	15	5	0.00		1	072700000024
072700000161	MANIS MATZO UNSALTED	3.7652	3.7652	5.21	SNACKS - SALTY	15	5	3.00		1	072700000161
072759004066	DUNF BAR MAPLE	0.8983	0.8983	1.50	SNACKS - BAKERY	16	1	0.00		1	072759004066
072759006176	DUNF BUNS HOT DOG	1.6600	1.6600	2.67	BREADS	14	3	11.00		1	072759006176
072759006183	DUNFORD BAKERS HAMBURGER BUNS	1.6600	1.6600	2.67	BREADS	14	3	6.00		1	072759006183
072759007234	DUNFORD WHITE BREAD	1.7300	1.7300	2.81	BREADS	14	1	5.00		1	072759007234
072759007241	DUNFORD BREAD WHEAT	1.7300	1.7300	2.81	BREADS	14	1	19.00		1	072759007241
072759007326	HOT DOG BUNS	0.0000	0.0000	2.25	BREADS	14	3	0.00		1	072759007326
072759009207	DUNF FRITTERS FRZN APPLE	0.9920	0.9503	1.58	SNACKS - BAKERY	16	1	0.00		1	072759009207
072799037208	WERTHERS CHEWY CARML	1.1925	1.2200	1.88	CANDY	8	3	-1.00		1	072799037208
072830005524	TIL CHDR SHARP CHEESE	4.4792	4.4792	6.22	DAIRY - OTHER	10	1	0.00		1	072830005524
072830081047	TIL ICECRM MINT CHOC CHP	6.7897	6.7897	9.05	ICE CREAM	12	1	0.00		1	072830081047
072830081054	TILLA CKIES CRM ICE CRM	7.2143	7.2143	9.62	ICE CREAM	12	1	0.00		1	072830081054
072830081061	TILLA CRML TOF CRNC ICRM	6.7897	6.7897	9.05	ICE CREAM	12	1	0.00		1	072830081061
072830081085	TIL ICRM FRENCH VANILLA	6.7346	6.7897	9.05	ICE CREAM	12	1	0.00		1	072830081085
072830081092	TIL ICECRM OLD FASHN VAN	6.7897	6.7897	9.05	ICE CREAM	12	1	0.00		1	072830081092
072830081115	TIL ICRM CCHIP CKIE DOGH	7.2143	7.2143	10.31	ICE CREAM	12	1	0.00		1	072830081115
072830081153	TILLA RCKY ROAD ICE CRM	6.7739	6.7897	9.05	ICE CREAM	12	1	0.00		1	072830081153
072830081160	TILLA CHOC PBTR ICE CRM	7.2143	7.2143	9.62	ICE CREAM	12	1	0.00		1	072830081160
072830081191	TIL ICECRM MUDSLIDE	6.1908	6.0910	8.12	ICE CREAM	12	1	0.00		1	072830081191
072830081214	TIL ICRM UDDERLY CHOC	6.0910	6.0910	8.12	ICE CREAM	12	1	0.00		1	072830081214
072830906128	TIL SALTED BUTTER	0.0000	0.0000	0.00	DAIRY - OTHER	10	3	0.00		1	072830906128
072830906326	TIL UNSALTED BUTTER	6.4509	6.4509	8.51	DAIRY - OTHER	10	3	0.00		1	072830906326
072890000118	HEIN 6	7.7500	7.7500	11.07	BEER-GS	4	5	0.00		1	072890000118
072890000163	HEINEKEN	7.7500	7.7500	11.07	BEER-GS	4	0	0.00		1	072890000163
072890000200	HEINEKEN SLIM CAN 12 PK	13.9500	13.9500	19.93	BEER-GS	4	5	0.00		1	072890000200
072890006684	HEIN SILVER 6PK BTL	7.7500	7.7500	11.07	BEER-GS	4	1	0.00		1	072890006684
072924012131	COCK N BULL GINGER BOTTLE SNGL	1.1249	1.1250	1.88	COLD BEVERAGES	7	1	38.00		1	072924012131
072979000220	SEAGRAMS CLUB SODA	1.6833	1.6833	3.67	COLD BEVERAGES	7	1	-18.00		1	072979000220
072979000237	SEAGRAMS TONIC	3.0000	3.0000	2.50	COLD BEVERAGES	7	1	0.00		1	072979000237
073010004542	TAMPAX PEARL UNSCENT	4.0500	4.0500	8.69	HEALTH & BEAUTY CARE	21	3	0.00		1	073010004542
073010710528	TAMPAX PEARL UNSCNTD SUPE	2.8600	2.8600	4.79	HEALTH & BEAUTY CARE	21	3	0.00		1	073010710528
073096902039	ENELOOP AAA 4PK RECHARGABLE	9.9200	9.9200	14.17	GENERAL MERCHANDISE	22	4	1.00		1	073096902039
073100000089	COPENHAGEN SMOOTH	8.0360	8.0360	9.56	TOBACCO, OTHER	3	0	-5.00		1	073100000089
073102006621	QUAKER STATE SAE10W-30	0.0000	0.0000	5.99	AUTOMOTIVE PRODUCTS	24	1	5.00		1	073102006621
073150125169	CELERY HEARTS ORG	3.9778	3.9778	5.38	PRODUCE	18	2	0.00		1	073150125169
073214007264	JEFFS TAME JALAP PPR DCD	2.6906	2.6906	4.14	EDIBLE GROCERY	19	7	2.00		1	073214007264
073214007455	JEFFS CSTLVTRNO OLV WHL	5.3747	5.3747	8.99	EDIBLE GROCERY	19	9	7.00		1	073214007455
073214007509	JEFFS CAPRSPRLS38034	3.4313	3.4313	5.72	EDIBLE GROCERY	19	9	5.00		1	073214007509
073214008131	JEFFS BAN PPR MLD SUNMX	2.6906	2.6906	4.48	EDIBLE GROCERY	19	9	5.00		1	073214008131
073214008285	JEFGAR ARTCHK HRTS MRNTD	4.0926	4.0926	5.85	EDIBLE GROCERY	19	9	7.00		1	073214008285
073230008092	CROWN BRISLING SRDN/OIL	3.5188	3.5188	5.86	SNACKS - OTHER	17	1	0.00		1	073230008092
073230008146	CROWN SARDINE IN MUSTARD	3.2704	3.2199	5.47	SNACKS - OTHER	17	1	6.00		1	073230008146
073230008511	CROWN SMKD OYSTERS W/OO	3.5426	3.5437	4.95	SNACKS - OTHER	17	1	8.00		1	073230008511
073299120018	BHRMNY RAW WLDFLWR HONEY	7.0247	7.0247	10.04	EDIBLE GROCERY	19	5	3.00		1	073299120018
073360233418	LACROIX LIME SPK WATER	6.0101	6.0100	8.87	COLD BEVERAGES	7	2	0.00		1	073360233418
073360323416	LACROIX CRAN RASP SPKLNG	6.0101	6.0100	10.02	COLD BEVERAGES	7	2	0.00		1	073360323416
073360373411	LACROIX LEMON SPK WATER	5.4168	5.4168	8.77	COLD BEVERAGES	7	2	0.00		1	073360373411
073360512049	MISSISSIPPI MUD	2.5417	2.5417	3.63	BEER-GS	4	0	0.00		1	073360512049
073360613418	LACROIX ORANGE SPARKLING	5.7280	5.8058	8.77	COLD BEVERAGES	7	2	0.00		1	073360613418
073360703416	LACROIX PURE SPK WATER	6.0101	6.0100	8.77	COLD BEVERAGES	7	2	2.00		1	073360703416
073360743412	LACROIX BERRY SPK WATER	5.5481	5.5481	8.54	COLD BEVERAGES	7	2	0.00		1	073360743412
073360772016	LACROIX APL CRAN SPK WTR	3.8789	3.8789	6.46	COLD BEVERAGES	7	2	0.00		1	073360772016
073390000110	MENTOS MINT	1.0207	1.0207	1.70	CANDY	8	1	17.00		1	073390000110
073390013332	AIRHEAD GUM BLUE RAS	1.0308	1.0308	1.79	CANDY	8	1	0.00		1	073390013332
073416000148	LUND BRWN RICE CAKE	3.6307	3.6307	6.01	SNACKS - OTHER	17	0	-1.00		1	073416000148
073416000155	LUND BRWN RC CKE NS	3.5930	3.5950	5.99	SNACKS - SALTY	15	0	0.00		1	073416000155
073416000230	RICECAKE SLT	2.9262	2.9308	4.88	SNACKS - SALTY	15	5	0.00		1	073416000230
073416000391	LUND RICE CAKE CIN TOAST	0.0000	0.0000	4.05	SNACKS - SALTY	15	5	0.00		1	073416000391
073416000452	LUND BRNRC THNSTK NS	2.6645	2.6645	4.44	SNACKS - SALTY	15	0	0.00		1	073416000452
073416004375	OG2 LUND WILD BLEND RICE	124.5480	124.5480	0.00	EDI/UNKNOWN	99	0	0.00		1	073416004375
073416040229	LUND JASMINE RICE	5.7637	5.7637	8.88	EDIBLE GROCERY	19	3	0.00		1	073416040229
073416050914	LUND ARBORIO RICE	7.5077	7.5077	11.35	EDIBLE GROCERY	19	3	4.00		1	073416050914
073416401341	OG2 LUND LONG WHITE RICE	63.8349	63.8349	0.00	EDI/UNKNOWN	99	0	0.00		1	073416401341
073416401525	LUND BROWN BASMATI RICE	5.7637	5.7637	8.88	EDIBLE GROCERY	19	3	5.00		1	073416401525
073416401532	LUND WHITE BASMATI RICE	5.7637	5.7637	8.88	EDIBLE GROCERY	19	3	2.00		1	073416401532
073416541504	OG2 LUND WILD BLND RCE	9.6553	9.6553	0.00	EDI/UNKNOWN	99	0	0.00		1	073416541504
073420000066	DSY SOUR CREAM	1.3944	1.3944	2.32	DAIRY - OTHER	10	0	0.00		1	073420000066
073420000110	DAISY SOUR CREAM	2.2627	2.2627	3.23	DAIRY - OTHER	10	0	0.00		1	073420000110
073420041823	DSY SR CRM CRMY RNCH DIP	3.3438	3.3438	5.15	GRAB & GO FOODS	11	3	0.00		1	073420041823
073472001165	FFL 7 GRN ENG MUFFIN	4.6853	4.8965	7.00	BREADS	14	0	0.00		1	073472001165
073472001172	FFL EZ CINN RSN MUFN	4.3681	4.3681	7.05	BREADS	14	0	0.00		1	073472001172
073472001189	FFL SPRTD ENG MUFFN	4.4131	4.4130	6.79	BREADS	14	0	0.00		1	073472001189
073472001196	FFL EZEK 4:9 ENGMFNS	4.9108	5.0424	7.10	BREADS	14	0	8.00		1	073472001196
073472001868	FFL GLUTEN FREE EMUF	5.3000	5.3000	8.55	BREADS	14	0	0.00		1	073472001868
073472002001	FFL EZK 12  SPRT TOR	3.6838	3.6971	5.50	BREADS	14	2	0.00		1	073472002001
073490133237	OWL SALMON SMOKED NOVA	13.6576	13.6576	18.97	FROZEN FOODS	13	5	0.00		1	073490133237
073574810108	BROCCOLI OG FOXY	4.3071	4.3071	5.84	PRODUCE	18	2	0.00		1	073574810108
073575221026	MIZKAN SSND RICE VINEGAR	2.9288	2.9288	0.00	EDI/UNKNOWN	99	0	0.00		1	073575221026
073621090033	PEZ FAVORITES	1.3833	1.3833	2.13	CANDY	8	3	0.00		1	073621090033
073852096507	PURELL INST HAND SNTZR	1.6700	1.6700	2.78	HEALTH & BEAUTY CARE	21	6	3.00		1	073852096507
073854001066	BICYCLE DICE	2.4086	2.6600	3.69	GENERAL MERCHANDISE	22	12	6.00		1	073854001066
073854008089	BYCLE CARDS	3.3400	3.3400	4.49	GENERAL MERCHANDISE	22	12	0.00		1	073854008089
073854009147	AVIATOR PLAYING CARDS	2.2816	2.3000	5.99	GENERAL MERCHANDISE	22	12	19.00		1	073854009147
073905282017	HEET GASLINE ANTIFREEZE	1.6600	1.6600	2.77	AUTOMOTIVE PRODUCTS	24	2	2.00		1	073905282017
073905282024	GOLD EAGLE ISO-HEET	2.7000	2.7000	4.50	AUTOMOTIVE PRODUCTS	24	2	4.00		1	073905282024
074300004013	VISINE AC DROPS ITCHY EYE	4.9100	4.9100	8.47	HEALTH & BEAUTY CARE	21	7	0.00		1	074300004013
074305000102	BRAGG LIQUID AMINO	3.5182	3.5182	6.44	EDIBLE GROCERY	19	7	5.00		1	074305000102
074305001161	BRAGG VINEGAR UNFLT	3.6615	3.6615	4.92	EDIBLE GROCERY	19	7	2.00		1	074305001161
074305011283	BRAGG APL CDR VNGR	19.2628	19.2628	27.52	EDIBLE GROCERY	19	7	1.00		1	074305011283
074305054167	BRAGG APPLE CIDER VINEGAR DRINK	2.4400	2.7183	3.89	COLD BEVERAGES	7	4	0.00		1	074305054167
074329123252	OH SNAP PICKLES BITES SAS	1.3249	1.3275	1.90	GRAB & GO FOODS	11	4	14.00		1	074329123252
074329123368	OH SNAP PICKLES GONE DILL	1.1992	1.1992	1.99	GRAB & GO FOODS	11	0	3.00		1	074329123368
074329123382	OH SNAP PICKLES BITES DIL	1.3275	1.3275	1.99	GRAB & GO FOODS	11	4	6.00		1	074329123382
074329123399	OH SNAP PICKLES BITES HOT	1.2033	1.2033	1.89	GRAB & GO FOODS	11	0	0.00		1	074329123399
074329123405	OH SNAP PICKLES CARROT CU	1.5917	1.5917	2.27	GRAB & GO FOODS	11	4	11.00		1	074329123405
074329123412	OH SNAP PICKLES COOL BEAN	1.5558	1.5558	2.34	GRAB & GO FOODS	11	4	11.00		1	074329123412
074329123436	OH SNAP PICKLES PRETTY PE	1.3433	1.3433	1.90	GRAB & GO FOODS	11	4	0.00		1	074329123436
074333476269	AM RED LENTILS	5.0227	5.0586	7.78	EDIBLE GROCERY	19	3	0.00		1	074333476269
074333476658	POPCORN  AM YELLOW	3.6898	3.5058	7.49	EDIBLE GROCERY	19	3	3.00		1	074333476658
074345113725	TIGERS MILK PB	0.5654	0.5654	0.94	SNACKS - BAKERY	16	0	0.00		1	074345113725
074483901192	WFF LG BRWN EGGS SOY FR	0.0000	0.0000	0.00	DAIRY - OTHER	10	2	0.00		1	074483901192
074483990011	WFF HARD CKD EGG	1.3122	1.3122	1.93	DAIRY - OTHER	10	2	0.00		1	074483990011
074570004003	HAAGEN DAZS I/C VANILLA	6.9175	6.9175	9.55	ICE CREAM	12	1	0.00		1	074570004003
074570016006	HAAGEN VAN CHOC BAR	2.9385	2.9017	4.54	ICE CREAM	12	2	3.00		1	074570016006
074570034000	HAAGEN DAZS I/C COFFEE	6.9175	6.9175	11.59	ICE CREAM	12	1	0.00		1	074570034000
074570036004	HAAGEN VAN ALMOND CHOC	2.9074	2.9117	4.54	ICE CREAM	12	2	12.00		1	074570036004
074570114009	HAAGEN DAZS I/C PECAN	6.9175	6.9175	9.55	ICE CREAM	12	1	0.00		1	074570114009
074570597987	HAAGEN CRML CN	2.9142	2.9017	4.54	ICE CREAM	12	2	8.00		1	074570597987
074676263373	MUELLER PLANTAR FASC TAPE	14.3767	14.4900	23.99	HEALTH & BEAUTY CARE	21	10	3.00		1	074676263373
074676450513	MUELLER WRIST SUP WRAP	7.5050	7.7500	11.95	HEALTH & BEAUTY CARE	21	10	1.00		1	074676450513
074677842119	WHOLLY TRAD PIE SHLS	5.1340	5.1340	7.33	FROZEN FOODS	13	0	0.00		1	074677842119
074677842201	WHOLLY 9  GF PIE SHELL	5.8026	5.8026	8.93	FROZEN FOODS	13	1	0.00		1	074677842201
074677842584	WHOLLY PIZZA DGH BALL GF	6.0765	6.0765	8.68	FROZEN FOODS	13	1	1.00		1	074677842584
074682000085	KNUD JUICE TART RED CHRY	7.6860	7.6860	10.96	COLD BEVERAGES	7	4	7.00		1	074682000085
074682000160	KNUD JCE MEGA GREEN	6.1203	6.1203	8.38	COLD BEVERAGES	7	4	0.00		1	074682000160
074682000344	KNUD ELDBRY ECHINACA	0.0000	0.0000	0.00	COLD BEVERAGES	7	4	0.00		1	074682000344
074682103014	KNUDSEN APPLE JUICE	4.1202	4.1202	5.76	COLD BEVERAGES	7	4	4.00		1	074682103014
074682103038	KNUD JCE CNCRD GRPE	4.3957	4.3957	6.15	COLD BEVERAGES	7	4	0.00		1	074682103038
074682103083	KNUD JCE JUST POMGRNT	7.6860	7.6860	10.96	COLD BEVERAGES	7	4	1.00		1	074682103083
074682103304	KNUDSEN CIDER N SPICE JUICE	3.0200	2.8428	4.74	COLD BEVERAGES	7	4	0.00		1	074682103304
074682103502	KNUD JCE JUST CRANBERRY	7.6560	7.6860	12.32	COLD BEVERAGES	7	4	8.00		1	074682103502
074682105322	KNUD RECHARGE ORANGE	2.6565	2.6565	4.43	COLD BEVERAGES	7	3	0.00		1	074682105322
074682105346	KNUD RECHARGE GRAPE	2.6614	2.6614	4.44	COLD BEVERAGES	7	3	7.00		1	074682105346
074682105353	KNUD RECHARGE LEMON	2.6614	2.6614	3.94	COLD BEVERAGES	7	3	0.00		1	074682105353
074682105377	KNUD RECHARGE MIX BERRY	2.6614	2.6614	4.43	COLD BEVERAGES	7	3	0.00		1	074682105377
074682107043	KNUD PEAR JUICE	4.7644	4.7644	6.81	COLD BEVERAGES	7	4	0.00		1	074682107043
074682107227	KNUDSEN MORNING BLEND 32 OZ	3.9305	3.9305	5.61	COLD BEVERAGES	7	4	1.00		1	074682107227
074682107319	KNUD VERY VEGGIE	3.0990	3.0990	5.17	COLD BEVERAGES	7	4	0.00		1	074682107319
074682107340	KNUD JCE JUST PNAPLE	6.7378	6.9436	10.03	COLD BEVERAGES	7	4	5.00		1	074682107340
074682107463	KNUDSEN LEMGINECH 32 OZ	3.9305	3.9305	5.61	COLD BEVERAGES	7	4	8.00		1	074682107463
074682107524	KNUDSEN MEGA GREEN 32oz	3.1328	3.1329	5.22	COLD BEVERAGES	7	4	0.00		1	074682107524
074682107616	KNUD JCE JUST GRPFRT	6.1203	6.1203	9.40	COLD BEVERAGES	7	4	14.00		1	074682107616
074682107753	KNUD JCE ORANGE CART	4.4038	4.4038	7.34	COLD BEVERAGES	7	4	0.00		1	074682107753
074682107838	KNUDSEN JUST CONCORD	6.0117	6.0117	9.23	COLD BEVERAGES	7	4	2.00		1	074682107838
074682107876	KNUDSEN JCE JUSTCRNBRY	9.7182	10.1853	13.81	COLD BEVERAGES	7	4	-2.00		1	074682107876
074682118346	KNUD SPRK CRSP APPL CIDR	4.4224	4.4224	6.32	COLD BEVERAGES	7	4	0.00		1	074682118346
074682200300	KNUDSEN CART GNGR TURM	6.1203	6.1203	9.40	COLD BEVERAGES	7	4	9.00		1	074682200300
074682200331	KNUD JCE JUST MANGO	7.6860	7.6860	11.82	COLD BEVERAGES	7	4	1.00		1	074682200331
074682200652	KNUD BEET APL GINGER	6.9307	6.9307	9.90	COLD BEVERAGES	7	4	0.00		1	074682200652
074804007480	PEAK WINDSHIELD WASH	3.1883	3.1883	5.31	AUTOMOTIVE PRODUCTS	24	2	0.00		1	074804007480
074804007527	PEAK WINDSHIELD WASH -20	4.0700	4.0700	6.78	AUTOMOTIVE PRODUCTS	24	0	2.00		1	074804007527
074804032116	PEAK BLUE DEF DIESEL EXHA	20.8700	20.8700	36.07	AUTOMOTIVE PRODUCTS	24	2	1.00		1	074804032116
074804071115	BLUE DEF DIESEL PLATIUM F	23.5300	23.5300	39.22	AUTOMOTIVE PRODUCTS	24	2	0.00		1	074804071115
074804071887	PEAK ANTIFREEZE PREMIUM 5	13.0800	13.0800	21.80	AUTOMOTIVE PRODUCTS	24	2	6.00		1	074804071887
074908360269	LAFAM MARINARA PASTA SCE	7.0130	7.0101	10.86	EDIBLE GROCERY	19	7	0.00		1	074908360269
074908370015	DELGROS TOM BSL SCE	3.7944	3.7944	5.84	EDIBLE GROCERY	19	7	1.00		1	074908370015
074908370022	DELGROS RST GAR SCE	3.7944	3.7944	6.87	EDIBLE GROCERY	19	9	0.00		1	074908370022
074958001648	CACHE VALLEY CHSE STRING	0.6013	0.6012	1.09	GRAB & GO FOODS	11	5	0.00		1	074958001648
074958003963	CACHE VALLEY CHSE STRING	0.3958	0.3958	0.61	GRAB & GO FOODS	11	5	0.00		1	074958003963
075140005000	CRYSTAL GEYSER 1.5L	0.6483	0.6483	0.99	WATERS - BEVERAGES	31	3	0.00		1	075140005000
075140005154	CG ALPINE SPRING WATER	1.1117	1.1929	2.22	WATERS - BEVERAGES	31	2	0.00		1	075140005154
075140125159	CG 4 ONE GAL FILM PACK	5.3390	5.3390	10.40	WATERS - BEVERAGES	31	2	0.00		1	075140125159
075209824658	MIC MINT CHIP ICE CREAM	6.5713	6.5713	9.39	ICE CREAM	12	2	0.00		1	075209824658
075218001965	MATCHBOOKS  50 BIG	0.0000	0.0000	4.99	GENERAL MERCHANDISE	22	1	59.00		1	075218001965
075239004198	WDSTK CSHEWS RAW TUB	6.1276	6.1276	8.75	SNACKS - OTHER	17	5	0.00		1	075239004198
075239004778	WDSTK PNUTS DRY RSTD	4.8892	4.8892	6.72	SNACKS - OTHER	17	5	6.00		1	075239004778
075289145025	GLV NITRILE 5MIL P/S BLK	5.7419	8.5700	11.43	HOUSEHOLD/CLEANING	20	4	-2.00		1	075289145025
075289145032	GLV NITRILE 5MIL P/F BLK	9.2000	9.2000	12.27	HOUSEHOLD/CLEANING	20	4	2.00		1	075289145032
075386048588	EMBASA CHIPOTLE PEPPER	1.8752	1.8752	3.13	EDIBLE GROCERY	19	9	2.00		1	075386048588
075496000407	ANGO AROMATIC BITTERS	8.9900	8.9900	12.84	EDIBLE GROCERY	19	11	1.00		1	075496000407
075501960351	JRLSB SEMI SOFT CHEESE	4.9573	4.9573	6.61	DAIRY - OTHER	10	1	0.00		1	075501960351
075502386679	GEROL MINERAL WATER	2.0719	2.0734	3.12	COLD BEVERAGES	7	2	0.00		1	075502386679
075656001008	TOY BALLOONS TWISTY W/PUM	2.5300	2.5300	3.49	GENERAL MERCHANDISE	22	12	0.00		1	075656001008
075656001251	BALLOON ROUND LARGE	1.5900	1.5900	2.27	GENERAL MERCHANDISE	22	12	0.00		1	075656001251
075656001268	TOY BALLOONS 100 MIXED	1.5100	1.5100	2.49	GENERAL MERCHANDISE	22	12	0.00		1	075656001268
075656001374	TOY BALLOONS ROCKET	1.4600	1.4600	1.99	GENERAL MERCHANDISE	22	12	0.00		1	075656001374
075656002487	SPLASH BLASTER WATER GUN	5.5357	5.5000	12.99	CAMPING & OUTDOORS	43	4	4.00		1	075656002487
075656007253	JUMP ROPE LAZER RAINBOW	1.6457	1.6500	3.99	CAMPING & OUTDOORS	43	4	7.00		1	075656007253
075656007680	TOY PUTTY HOT COLOR	1.4600	1.4600	1.99	GENERAL MERCHANDISE	22	12	0.00		1	075656007680
075656009295	TOY BIG BLAST HOT SHOT	2.0500	2.0500	2.29	GENERAL MERCHANDISE	22	12	0.00		1	075656009295
075656010383	RAD FRISBEE	3.3500	3.3500	7.99	GENERAL MERCHANDISE	22	12	0.00		1	075656010383
075656013599	TOY MUSTACHE FAKE 6PK	1.1700	1.1700	1.99	GENERAL MERCHANDISE	22	12	0.00		1	075656013599
075656015753	FUN BUBBLES 4OZ	0.9000	0.9000	2.99	GENERAL MERCHANDISE	22	12	-9.00		1	075656015753
075810000151	SAN J BLACK SESAME CRCKR	2.6220	2.6220	4.39	SNACKS - SALTY	15	5	0.00		1	075810000151
075810001257	SAN J GF TAMARI SOY	4.8640	4.8803	6.36	EDIBLE GROCERY	19	7	0.00		1	075810001257
075810001356	SANJ GF TAMARI SOY	7.7541	7.7573	11.06	EDIBLE GROCERY	19	7	1.00		1	075810001356
075810041253	SAN J SHOYU SOY SCE	3.7050	3.7052	6.16	EDIBLE GROCERY	19	7	8.00		1	075810041253
075810371015	SAN J WHITE MISO SOUP	1.4517	1.4517	2.15	EDIBLE GROCERY	19	6	-21.00		1	075810371015
075856011470	KLONDIKE BAR ORG	1.6575	1.6575	2.76	ICE CREAM	12	2	0.00		1	075856011470
075856055399	KLONDIKE I/C SNDWCH OREO	1.4688	1.4688	2.45	ICE CREAM	12	2	0.00		1	075856055399
075877150936	EXT CRD 50FT	0.0000	0.0000	20.99	GENERAL MERCHANDISE	22	10	0.00		1	075877150936
075877155177	TOW ROPE 14'	9.9000	9.9000	16.50	AUTOMOTIVE PRODUCTS	24	0	6.00		1	075877155177
075877245021	CLOTHESPINS WOOD	1.8000	1.8000	3.29	HOUSEHOLD/CLEANING	20	1	0.00		1	075877245021
075877826503	EXT CORD 50'	20.1000	19.9000	32.99	GENERAL MERCHANDISE	22	10	5.00		1	075877826503
0758778305017	EXT CORD 50' ORANGE	29.6000	29.6000	49.33	HOUSEHOLD/CLEANING	20	0	0.00		1	0758778305017
075877853332	HAMMER	0.0000	0.0000	9.99	GENERAL MERCHANDISE	22	8	0.00		1	075877853332
075877985002	WOOD SCREW ASRTD	2.0000	2.0000	3.49	GENERAL MERCHANDISE	22	8	6.00		1	075877985002
075877986009	METAL SCREW ASRTD	2.0000	2.0000	3.49	GENERAL MERCHANDISE	22	8	6.00		1	075877986009
075886001007	FLY SHOOTER	4.9500	4.9500	9.99	HOUSEHOLD/CLEANING	20	0	0.00		1	075886001007
076064001048	NE-MO SQUARES CHOC	1.6667	1.6667	2.68	SNACKS - BAKERY	16	1	5.00		1	076064001048
076064002045	NE-MO SQUARES CARROT	1.6667	1.6667	2.68	SNACKS - BAKERY	16	1	4.00		1	076064002045
076064003042	NE-MO SQUARES BANANA	1.6050	1.6050	2.68	SNACKS - BAKERY	16	0	0.00		1	076064003042
076064050664	NE-MO SQUARES BIRTHDAY	1.0750	1.0750	1.79	SNACKS - BAKERY	16	1	0.00		1	076064050664
076150232486	ACT II MICRO POP BTR LVR	0.6906	0.6906	1.19	SNACKS - SALTY	15	0	11.00		1	076150232486
076150232493	ACT II MICRO POP BTR LT T	0.6906	0.6906	1.19	SNACKS - SALTY	15	4	0.00		1	076150232493
076171101891	NEW ITEM	0.0000	0.0000	0.00	GENERAL MERCHANDISE	22	8	0.00		1	076171101891
076171220899	TREE FRSHNR NEW CAR SCENT	1.9000	1.9000	3.17	AUTOMOTIVE PRODUCTS	24	0	2.00		1	076171220899
076314300556	EMERGEN-C TANGERINE PCKT	0.3300	0.3300	0.90	COLD BEVERAGES	7	3	0.00		1	076314300556
076314302017	EMERG RASPBERRY	9.8801	9.8801	15.20	COLD BEVERAGES	7	3	0.00		1	076314302017
076314302024	EMERG TANGERINE	9.8801	12.3215	15.20	COLD BEVERAGES	7	3	0.00		1	076314302024
076314302970	EMERGEN-C SUPER ORANGE	5.4200	5.4200	8.19	COLD BEVERAGES	7	3	0.00		1	076314302970
076314306404	EMERGEN-C RASPBERRY PCKT	0.0000	0.3300	0.90	COLD BEVERAGES	7	3	0.00		1	076314306404
076314306466	EMERGENC SUPER ORANGE PKT	0.3700	0.3700	0.60	COLD BEVERAGES	7	3	0.00		1	076314306466
076344088615	WLNS KITTEN	1.1692	1.1692	1.95	HOUSEHOLD/CLEANING	20	5	0.00		1	076344088615
076344089339	WLNS TURKEY CAT FOOD	1.8508	1.8508	3.08	HOUSEHOLD/CLEANING	20	5	0.00		1	076344089339
076501171396	WATER CARRIER 5 GAL	18.9000	18.9000	31.50	CAMPING & OUTDOORS	43	0	0.00		1	076501171396
076501203547	COLEMAN LANTERN MANTLES	2.2900	2.2900	3.89	CAMPING & OUTDOORS	43	1	0.00		1	076501203547
076501215779	COLEMAN PROPANE 220G	6.1800	6.1800	10.30	CAMPING & OUTDOORS	43	5	0.00		1	076501215779
076501302424	WATER CARRIER 5 GAL.	16.9000	16.9000	29.99	CAMPING & OUTDOORS	43	1	0.00		1	076501302424
076580004912	LOACKER QUAD HAZELNUT	4.4897	4.4897	7.48	SNACKS - BAKERY	16	3	0.00		1	076580004912
076753118033	GC CAN OPENER MINI	2.1300	2.1300	3.59	GENERAL MERCHANDISE	22	8	0.00		1	076753118033
076828048432	WET ONES ANTIBAC FRESH SC	1.3823	1.3823	2.30	HOUSEHOLD/CLEANING	20	3	0.00		1	076828048432
076840001545	B&J MINTER WNDRLND ICRM	0.0000	0.0000	0.00	ICE CREAM	12	1	0.00		1	076840001545
076840001743	B&J ICRM ND CCHP CKY DGH	5.6660	5.6660	7.55	ICE CREAM	12	3	0.00		1	076840001743
076840002276	B&J ND MINT CHOCOLATE COOKIE	0.0000	0.0000	0.00	ICE CREAM	12	3	0.00		1	076840002276
076840002283	B&J ND MILK & CKIES ICRM	5.6660	5.6660	7.55	ICE CREAM	12	1	0.00		1	076840002283
076840002306	B&J CKIEDGH CHNK CCHIP	4.8919	4.8919	6.52	ICE CREAM	12	1	0.00		1	076840002306
076840002542	B&J NETFLIX CHLLD ICRM	4.9563	4.9562	6.61	ICE CREAM	12	1	0.00		1	076840002542
076840002719	B&J CKIE DGH CINN BUN	4.9427	4.9427	6.59	ICE CREAM	12	1	0.00		1	076840002719
076840002917	B&J ICRM ND PHISH FOOD	5.8326	5.8326	8.33	ICE CREAM	12	3	0.00		1	076840002917
076840003037	B&J CHOC CRML CKY DOUGH	5.1411	5.1891	6.92	ICE CREAM	12	1	0.00		1	076840003037
076840003051	B&J SLTD CARAMEL BRWNI	4.7572	4.7572	6.34	ICE CREAM	12	1	0.00		1	076840003051
076840003549	B&J ICRM TOPD DIRT CAKE	6.2213	6.2213	8.30	ICE CREAM	12	1	0.00		1	076840003549
076840003938	B&J ICRM CARAML LTES ACT	5.8326	5.8326	7.67	ICE CREAM	12	1	8.00		1	076840003938
076840004058	B&J ICRM PBTR SMORE	5.8326	5.8326	7.78	ICE CREAM	12	1	5.00		1	076840004058
076840074037	B&J LMTD EDTN PMPKNCHSCK	5.7341	5.7511	7.67	ICE CREAM	12	1	0.00		1	076840074037
076840100040	B&J MINT CHOC COOKIES	5.6660	5.6660	7.55	ICE CREAM	12	1	0.00		1	076840100040
076840100156	B&J CHERRY GARCIA	5.8326	5.8326	7.67	ICE CREAM	12	1	4.00		1	076840100156
076840100354	B&J CHUNKY MONKEY ICRM	0.0000	0.0000	0.00	ICE CREAM	12	1	0.00		1	076840100354
076840100477	B&J CHOC FUDGE BROWNIE	5.8326	5.8326	8.33	ICE CREAM	12	1	5.00		1	076840100477
076840100583	B&J CHOC CHIP CKY DGH	4.6447	3.4958	4.66	ICE CREAM	12	1	0.00		1	076840100583
076840100989	B&J PHISH FOOD	5.8326	5.8326	8.10	ICE CREAM	12	1	8.00		1	076840100989
076840101184	B&J PISTACHIO PISTACHIO	4.7572	4.7572	6.34	ICE CREAM	12	1	0.00		1	076840101184
076840101320	B&J HALF BAKED ICRM	5.8326	5.8326	7.77	ICE CREAM	12	1	3.00		1	076840101320
076840102075	B&J AMERICONE DREAM	5.8326	5.8326	7.67	ICE CREAM	12	1	1.00		1	076840102075
076840400218	B&J STRAW CHZCAKE	3.7201	3.4958	4.66	ICE CREAM	12	1	0.00		1	076840400218
076840485116	B&J TONIGHT DOUGH	5.7511	5.7511	7.67	ICE CREAM	12	1	0.00		1	076840485116
076840580767	B&J ND PB & COOKIES	3.4958	3.4958	4.66	ICE CREAM	12	3	0.00		1	076840580767
076840674428	B&J OATS OF THS WLD ICRM	4.7572	4.7572	6.34	ICE CREAM	12	1	0.00		1	076840674428
076840674442	B&J NONDAIRY CHRY GARCIA	5.8326	5.8326	8.33	ICE CREAM	12	3	0.00		1	076840674442
076955691020	PAPER PLATES 100-9IN GREE	3.1392	3.1200	5.07	GENERAL MERCHANDISE	22	0	18.00		1	076955691020
076970221745	HERIT WOOL FLANNEL 12X27	9.2276	9.2276	18.00	GENERAL MERCHANDISE	22	7	0.00		1	076970221745
076970446094	HERIT ROSEWATER ATOMIZER	5.6405	5.6405	8.06	HEALTH & BEAUTY CARE	21	6	0.00		1	076970446094
076970446124	HERIT ROSEWATER ATOMIZER	8.6747	8.6747	11.57	HEALTH & BEAUTY CARE	21	0	0.00		1	076970446124
076970945610	HERIT MIST RSEWTR ATMIZR	3.4037	3.4037	5.67	HEALTH & BEAUTY CARE	21	6	0.00		1	076970945610
077071035491	LIFOAM STRYO COOLR W/MD H	3.8492	3.8492	6.42	HOUSEHOLD/CLEANING	20	2	0.00		1	077071035491
077170122429	OCB BAMBOO CONE UNBLCH 1	1.5181	1.5347	1.92	TOBACCO, OTHER	3	3	0.00		1	077170122429
077170126380	OCB ORGANIC HEMP CONE 70	1.5347	1.5347	2.59	TOBACCO, OTHER	3	4	-3.00		1	077170126380
077170260206	TOP CIG FILTER TUBES	0.0000	2.8700	4.79	TOBACCO, OTHER	3	0	0.00		1	077170260206
077170460019	DRUM	11.6942	11.6942	14.62	TOBACCO, OTHER	3	4	-7.00		1	077170460019
077208004161	MOUNTAIN VALLEY SPARKLING PT	0.0000	0.0000	0.00	COLD BEVERAGES	7	2	0.00		1	077208004161
077208007506	MVS SPARKLING SPRING WTR	1.9676	1.9676	3.58	COLD BEVERAGES	7	2	0.00		1	077208007506
077320000119	UNP UN PETROLEUM JELLY	5.5918	5.5918	9.22	HEALTH & BEAUTY CARE	21	0	0.00		1	077320000119
077567008220	GD HUMOR I/C CONE GIANT K	2.3411	2.3483	3.79	ICE CREAM	12	2	9.00		1	077567008220
077593000427	HFLR PURPLE BARLEY BERRY	0.0000	0.0000	0.00	EDI/UNKNOWN	99	0	0.00		1	077593000427
077652082357	STASH MOROCCAN MINT	2.1782	2.1782	3.35	EDIBLE GROCERY	19	1	0.00		1	077652082357
077900513626	J DEAN BRKFST BSCT BCN/EG	2.0883	2.0883	3.39	GRAB & GO FOODS	11	1	3.00		1	077900513626
077900513688	J DEAN BRKFST MFFN HAM/EG	2.1700	2.1700	3.89	GRAB & GO FOODS	11	1	0.00		1	077900513688
077900513749	J DEAN BRKFST BSCT SAUS/E	2.1090	2.1058	3.49	GRAB & GO FOODS	11	0	19.00		1	077900513749
077900513787	J DEAN BRKFST BSCT SAUSAG	1.6067	1.6067	2.69	GRAB & GO FOODS	11	0	-1.00		1	077900513787
077975093900	SNYDERS PRTZL HNY MUSTARD	1.4300	1.4300	2.38	SNACKS - SALTY	15	3	0.00		1	077975093900
078000003154	DR. PEPPER CAN 12 OZ SNGL	0.6579	0.6667	1.11	COLD BEVERAGES	7	1	0.00		1	078000003154
078000011609	CD CACTUS CLR SNGL	0.6500	0.6500	1.02	COLD BEVERAGES	7	1	0.00		1	078000011609
078000011623	CD CACTUS CLR	7.5000	7.5000	13.45	COLD BEVERAGES	7	1	2.00		1	078000011623
078000011821	7-UP CHERRY	4.9750	4.9750	8.29	COLD BEVERAGES	7	1	0.00		1	078000011821
078000013283	CRUSH ORANGEBOTTLE 20 OZ	1.2545	1.2558	2.09	COLD BEVERAGES	7	1	0.00		1	078000013283
078000016406	SQUIRT BOTTLE 20 OZ	1.5850	1.5850	2.64	COLD BEVERAGES	7	1	79.00		1	078000016406
078000019520	SQUIRT MEX GLAS 12 OZ	1.5941	1.6000	2.67	COLD BEVERAGES	7	1	23.00		1	078000019520
078000082166	DR PEPPER 12PK CANS	5.3000	5.3000	8.89	COLD BEVERAGES	7	1	0.00		1	078000082166
078000082401	DR PEPPER BOTTLE 20 OZ	1.2500	1.2500	2.08	COLD BEVERAGES	7	1	0.00		1	078000082401
078000203455	SCHWEPPES CLUB SODA 1L	2.1079	2.1483	3.58	COLD BEVERAGES	7	2	0.00		1	078000203455
078000218459	SCHWEPPES TONIC WATER 1L	2.0531	2.0540	3.42	COLD BEVERAGES	7	2	0.00		1	078000218459
078206010017	GAME UNO	5.9000	5.9000	11.99	GENERAL MERCHANDISE	22	12	0.00		1	078206010017
078206020016	UNO	6.1900	6.1900	12.99	GENERAL MERCHANDISE	22	12	0.00		1	078206020016
078296580414	GONNELLA ROLL HOT DOG	3.1000	3.1000	5.19	BREADS	14	3	0.00		1	078296580414
078300132936	PLAYTEX TAMPONS CLN CMFRT	5.2600	5.2600	8.79	HEALTH & BEAUTY CARE	21	3	1.00		1	078300132936
078487452759	LUCKY SPRNGROLLS THAI VG	3.4378	3.4378	4.91	FROZEN FOODS	13	1	0.00		1	078487452759
078487452780	LUCKY SPRNGROLL CURRY	3.7838	3.7838	6.31	FROZEN FOODS	13	1	0.00		1	078487452780
078487462710	LUCKY SPRINGROLLS VEG GF	4.3020	4.2912	7.35	FROZEN FOODS	13	1	0.00		1	078487462710
078487462727	LUCKY SPRNGROLL THAIGFVG	4.7318	4.6776	7.52	FROZEN FOODS	13	1	1.00		1	078487462727
078522015680	JASON PPRMNT TTHPST TRVLSZ	2.7352	2.7360	4.51	HEALTH & BEAUTY CARE	21	8	0.00		1	078522015680
078522040163	JSN 98% ALOEVERA GL TUBE	4.5318	4.5318	7.48	HEALTH & BEAUTY CARE	21	6	0.00		1	078522040163
078522046271	JSN RFRSH MSTRZR SHV BLM	6.5157	6.5157	9.31	HEALTH & BEAUTY CARE	21	6	3.00		1	078522046271
078522046448	JSN CINN TC TOOTHPASTE	5.2320	5.2320	7.47	HEALTH & BEAUTY CARE	21	8	0.00		1	078522046448
078522046479	JSN PPTMT FRESH TTHPST	5.2320	5.2320	7.47	HEALTH & BEAUTY CARE	21	8	0.00		1	078522046479
078783000340	ONION  GREEN	1.6500	1.6500	2.36	PRODUCE	18	2	0.00		1	078783000340
078783701124	POTATOES  RED BAG OG 3LB	4.2875	4.2875	6.12	PRODUCE	18	2	0.00		1	078783701124
078783902064	BUNNY LUV CARROTS	3.1067	3.1067	4.14	PRODUCE	18	2	0.00		1	078783902064
078783905003	GOLDEN BEETS BUNCHED	1.9708	1.9708	2.47	PRODUCE	18	2	0.00		1	078783905003
078783905072	KALE ORGANIC	1.6375	1.6375	2.18	PRODUCE	18	2	23.00		1	078783905072
078783905171	CAL-ORGANIC EASTER EGG RAD	2.0250	2.0250	2.72	PRODUCE	18	2	0.00		1	078783905171
078783906000	KALE LAC OG	1.7333	1.7333	2.48	PRODUCE	18	2	2.00		1	078783906000
078783907267	CARROTS RAINBOW BABY CAL OG	2.1083	2.1083	3.51	PRODUCE	18	2	0.00		1	078783907267
078783907403	CAL-ORG CAULI	3.0750	3.0750	4.39	PRODUCE	18	2	0.00		1	078783907403
078783908097	RAINBOW CARROTS ORGANIC	2.3708	2.3708	3.39	PRODUCE	18	2	0.00		1	078783908097
078858510170	LT HMS YLW CORN TORT	2.2028	2.2028	3.34	BREADS	14	2	0.00		1	078858510170
078858510620	LT TORT YELLOW CORN	1.9452	1.9577	2.88	BREADS	14	0	0.00		1	078858510620
078858510637	LT TORT CORN STR 24C	2.3107	2.3107	3.55	BREADS	14	2	0.00		1	078858510637
078858520957	LT TORT FLOUR TRAD	3.3123	3.3123	4.64	BREADS	14	2	14.00		1	078858520957
079062005186	SNOWBRUSH 16IN SNOWWEEVEL	2.5225	3.2100	5.35	AUTOMOTIVE PRODUCTS	24	3	1.00		1	079062005186
079100004027	9 LIVES SEAFOOD PLATTER	0.8600	0.8600	1.59	HOUSEHOLD/CLEANING	20	5	0.00		1	079100004027
079100514106	MILK BONE BISCUIT MED	4.5342	4.8400	8.07	HOUSEHOLD/CLEANING	20	5	0.00		1	079100514106
079100525232	PUPPERONI DOG TREATS	2.4500	2.4500	4.59	HOUSEHOLD/CLEANING	20	5	0.00		1	079100525232
079117102020	ANDERSON MILK WHL HALF GAL	4.3773	4.3567	7.00	DAIRY - FLUID	9	1	7.00		1	079117102020
079117112128	ANDERSON MILK 2% HALF GAL	3.9271	3.9217	6.27	DAIRY - FLUID	9	1	1.00		1	079117112128
079118300180	RAIN X GLASS CLEANER	3.6400	3.6400	6.07	AUTOMOTIVE PRODUCTS	24	3	2.00		1	079118300180
079200003364	NERDS GRAPE/STRAWBERRY	1.1612	1.1621	1.79	CANDY	8	3	21.00		1	079200003364
079200049058	NERDS CLUSTERS	2.0025	2.0025	3.39	CANDY	8	3	0.00		1	079200049058
079200143367	LAFFY TAFFY CHERRY	1.1533	1.1533	1.77	CANDY	8	3	-14.00		1	079200143367
079200144364	LAFFY TAFFY GRAPE	1.1533	1.1533	1.99	EDI/UNKNOWN	99	0	4.00		1	079200144364
079200149369	LAFFY TAFFY STRAWBERRY	0.9067	0.9067	1.51	CANDY	8	3	0.00		1	079200149369
079200339401	BANANA LAFFY TAFFY	0.3483	0.3483	0.54	CANDY	8	3	33.00		1	079200339401
079200695002	LAFFY TAFFY ROPE CHERRY	0.3425	0.3425	0.57	CANDY	8	3	0.00		1	079200695002
079223012107	GAS CAN AUTO SHUT OFF	10.6000	10.6000	17.67	AUTOMOTIVE PRODUCTS	24	0	0.00		1	079223012107
079223023103	GAS CAN AUTO SHUT OFF	13.8600	13.8600	21.32	AUTOMOTIVE PRODUCTS	24	0	5.00		1	079223023103
079223056101	GAS CAN MW AUTO SHUT OFF	18.4275	18.4400	30.72	AUTOMOTIVE PRODUCTS	24	0	2.00		1	079223056101
079400066619	SUAVE PRO ALMOND SHEA SHA	3.7800	3.7800	6.30	HEALTH & BEAUTY CARE	21	6	0.00		1	079400066619
079400066626	SUAVE PRO ALMOND SHEA CON	3.7793	3.7800	6.30	HEALTH & BEAUTY CARE	21	6	0.00		1	079400066626
079400500908	DOVE INVISIBLE SOLID FRES	3.5000	3.5000	5.89	HEALTH & BEAUTY CARE	21	6	0.00		1	079400500908
079565006215	NASAL SALT	1.2934	1.2934	2.16	HEALTH & BEAUTY CARE	21	6	0.00		1	079565006215
079565006239	ANCIENT TRVL NASAL POT	7.1979	7.2351	11.93	HEALTH & BEAUTY CARE	21	6	0.00		1	079565006239
079565006406	ANCIENT BRTH AGAIN SPRAY	6.3306	7.1187	9.04	HEALTH & BEAUTY CARE	21	0	-1.00		1	079565006406
079567490029	WD-40 SMART STRW LOW VOC	7.4400	7.4400	10.63	GENERAL MERCHANDISE	22	8	2.00		1	079567490029
079656031782	B BOAT SPORT ULTRMST CLR	8.2600	8.2600	17.99	HEALTH & BEAUTY CARE	21	6	0.00		1	079656031782
079656031799	B BOAT SPORT ULTRMST CLR	11.2100	11.2100	18.69	HEALTH & BEAUTY CARE	21	6	0.00		1	079656031799
079656046625	B BOAT LIP BALM ALOE SPF4	2.4574	2.4396	4.39	HEALTH & BEAUTY CARE	21	6	0.00		1	079656046625
079656049718	B BOAT SPORT LOT SPF 30	10.3600	10.3600	16.69	HEALTH & BEAUTY CARE	21	6	2.00		1	079656049718
079656049725	B BOAT UPGRADE SPORT LTN	11.7500	11.7500	19.59	HEALTH & BEAUTY CARE	21	6	0.00		1	079656049725
079656051414	B BOAT SPORT SPRAY SPF50+	11.2900	11.2900	18.89	HEALTH & BEAUTY CARE	21	6	0.00		1	079656051414
079694221053	OLD TRAPPER JERKY BF OLD	7.9847	7.9700	13.89	SNACKS - OTHER	17	1	8.00		1	079694221053
079694221121	OLD TRAPPER JERKY TRAD OL	17.3500	17.3500	24.25	SNACKS - OTHER	17	1	0.00		1	079694221121
079694222050	OLD TRAPPER JERKY BF PEPP	8.0081	7.9700	12.55	SNACKS - OTHER	17	1	0.00		1	079694222050
079694222128	OLD TRAPPER JERKY TRAD PE	14.5500	14.5500	24.27	SNACKS - OTHER	17	1	0.00		1	079694222128
079694223057	OLD TRAPPER JERKY BF TERI	7.5300	7.5300	12.55	SNACKS - OTHER	17	1	0.00		1	079694223057
079694223088	OLD TRAPPER JRKY BF TRAD	4.2567	4.2567	7.09	SNACKS - OTHER	17	1	-1.00		1	079694223088
079694223125	OLD TRAPPER JERKY TRAD TE	17.3500	17.3500	26.68	SNACKS - OTHER	17	1	0.00		1	079694223125
079694225051	OLD TRAPPER JRKY BF HOT &	7.5300	7.5300	13.89	SNACKS - OTHER	17	1	0.00		1	079694225051
079694225129	OLD TRAPPER JERKY TRAD SP	15.8800	15.8800	26.47	SNACKS - OTHER	17	1	0.00		1	079694225129
079694281200	OLD TRAPPER JERKY OLD FAS	26.2000	26.2000	43.67	SNACKS - OTHER	17	1	0.00		1	079694281200
079694333152	OLD TRAPPER DELI STK TERI	11.2900	11.2900	18.82	SNACKS - OTHER	17	1	0.00		1	079694333152
079813000118	BOURSIN GAR HERB CHS	4.2833	4.2833	6.40	DAIRY - OTHER	10	1	0.00		1	079813000118
079900001868	WY STRAWBERRIES	10.2194	10.2194	0.00	EDI/UNKNOWN	99	0	0.00		1	079900001868
079927110116	UNIQUE ORIG SPLITS PRTZL	2.7177	2.4838	4.14	SNACKS - SALTY	15	3	13.00		1	079927110116
079927110215	UNIQUE EXTRA DARK SPLITS	3.4488	3.4508	4.93	SNACKS - SALTY	15	3	11.00		1	079927110215
079927110512	UP ORIG SPLITS FOH	0.0000	0.0000	0.00	SNACKS - SALTY	15	3	0.00		1	079927110512
079944409422	EMERALD PAPER TOWELS	1.2500	1.2500	2.08	HOUSEHOLD/CLEANING	20	2	0.00		1	079944409422
079944674288	DUNF DONUT CAKE RAINBOW S	1.1050	1.1050	1.84	SNACKS - BAKERY	16	2	9.00		1	079944674288
079944674295	DUNFORD OTHER	0.0000	0.0000	1.84	SNACKS - BAKERY	16	2	-3.00		1	079944674295
079946738568	X-ACTO MINI STAPLER W/STA	2.2000	2.2000	3.69	GENERAL MERCHANDISE	22	4	0.00		1	079946738568
079976167130	HOPPY WNDSHLD SCRAPER	1.4100	1.4100	2.35	AUTOMOTIVE PRODUCTS	24	3	2.00		1	079976167130
079976195133	SNOWBRUSH/SCRAPER SUPR DL	3.4900	2.8700	4.37	AUTOMOTIVE PRODUCTS	24	0	0.00		1	079976195133
080068549567	TRUE WIRLESS HEADPHONE	10.9444	10.7500	19.99	GENERAL MERCHANDISE	22	10	1.00		1	080068549567
080432106624	BECHEROVKA HERBAL 750ML	0.0000	25.0500	25.05	LIQUOR STORE	5	3	4.00		1	080432106624
080432109922	JAMESON STOUT ED IRISH 750ML	0.0000	31.9900	31.99	LIQUOR STORE	5	3	3.00		1	080432109922
080432400395	CHIVAS REGAL 12YR 750ML	0.0000	42.9900	42.99	LIQUOR STORE	5	3	6.00		1	080432400395
080432500149	JAMESON IRISH WHISKY 375ML	0.0000	18.9900	18.99	LIQUOR STORE	5	3	9.00		1	080432500149
080432500170	JAMESON IRISH WHISKY 750ML	26.9900	26.9900	29.99	LIQUOR STORE	5	3	5.00		1	080432500170
080442823771	UTAH MAG	4.0000	4.0000	6.95	MAPS & PUBLICATIONS	23	4	0.00		1	080442823771
080480004699	ELDERFLOWER LIQUOR 750ML	0.0000	36.9900	36.99	LIQUOR STORE	5	3	0.00		1	080480004699
080480015404	BACARDI SUPERIOR RUM 750ML	0.0000	16.9900	19.99	LIQUOR STORE	5	3	9.00		1	080480015404
080480280024	GREY GOOSE VODKA 750ML	0.0000	29.9900	29.99	LIQUOR STORE	5	3	4.00		1	080480280024
080480555603	DOM BENEDICTINE 375ML	0.0000	35.9900	35.99	LIQUOR STORE	5	3	5.00		1	080480555603
080486002361	SPOONS AND SPORK	5.4500	5.4500	11.99	GENERAL MERCHANDISE	22	12	0.00		1	080486002361
080486091723	BINGO TRAVEL GAME	1.4003	1.4000	3.99	GENERAL MERCHANDISE	22	12	26.00		1	080486091723
080660411316	BARTON GIN 1750mL	0.0000	13.9900	13.99	LIQUOR STORE	5	3	3.00		1	080660411316
080660472072	BARTON VODKA 375ML	0.0000	3.1900	3.19	LIQUOR STORE	5	3	22.00		1	080660472072
080660472614	BARTON VODKA 1750ML	0.0000	10.9900	10.99	LIQUOR STORE	5	3	1.00		1	080660472614
080660472638	BARTON VODKA 1000ML	0.0000	7.4900	7.49	LIQUOR STORE	5	3	8.00		1	080660472638
080660953014	PACIFICO 6PK BOTTLE	15.9500	7.9750	11.40	BEER-GS	4	1	6.00		1	080660953014
080660953151	PACIFICO BOTTLES 12pk	15.6500	15.6500	22.36	BEER-GS	4	1	0.00		1	080660953151
080660956053	CORONA EXTRA  6 BTL	7.9750	7.9750	11.39	BEER-GS	4	5	2.00		1	080660956053
080660956152	CORONA EXTRA BTL	15.6500	15.6500	21.74	BEER-GS	4	0	11.00		1	080660956152
080660956435	CORONA EXTRA PREMIER 24OZ	2.3708	2.3708	3.39	BEER-GS	4	2	0.00		1	080660956435
080660956756	CORONA LIGHT 12PK	0.0000	-14.3500	20.50	BEER-GS	4	0	0.00		1	080660956756
080660956954	CORONA EXTRA 12PK	15.6500	15.6500	21.74	BEER-GS	4	3	3.00		1	080660956954
080660957159	MODELO 12 Pk CAN	14.7700	14.7700	20.48	BEER-GS	4	5	4.00		1	080660957159
080660957210	MODELO TALL	2.3708	2.3708	3.39	BEER-GS	4	4	1.00		1	080660957210
080660957852	MODELO NEGRA 355ML 6PK BTL	12.3000	12.3000	12.30	LIQUOR STORE	5	1	3.00		1	080660957852
080660957968	MEDLOCHLADA-SINGLE	2.3708	2.3708	3.39	BEER-GS	4	0	0.00		1	080660957968
080660959559	ST. PAULI NA 6PK BTL	7.0375	7.0375	9.86	BEER-GS	4	5	0.00		1	080660959559
080686001409	JIM BEAM WHISKY 750ML	17.9914	20.9900	17.99	LIQUOR STORE	5	3	11.00		1	080686001409
080686001607	JIM BEAM 375ML	11.9900	11.9900	11.99	LIQUOR STORE	5	3	20.00		1	080686001607
080686001706	JIM BEAM WHISKEY 200ML	0.0000	6.9900	6.99	LIQUOR STORE	5	3	0.00		1	080686001706
080686016762	KNOB CREEK 750ML	38.9900	38.9900	34.99	LIQUOR STORE	5	3	3.00		1	080686016762
080686028017	SQRRL PB WHISKEY 750ML	0.0000	19.9900	19.99	LIQUOR STORE	5	3	5.00		1	080686028017
080686122074	GIBLEYS GIN  1750mL	17.9900	17.9900	17.99	LIQUOR STORE	5	3	14.00		1	080686122074
080686122609	GIBLEY'S GIN 375ML	0.0000	4.9900	4.99	LIQUOR STORE	5	3	20.00		1	080686122609
080686320036	DEKUYPER CREME DE CACAO 750ML	0.0000	11.9900	11.99	LIQUOR STORE	5	3	14.00		1	080686320036
080686365402	DEKUYPER PEACHTREE 750ML	0.0000	11.9900	11.99	LIQUOR STORE	5	3	12.00		1	080686365402
080686381402	DEKUYPER TRIPLE SEC 750ml	0.0000	10.9900	10.99	LIQUOR STORE	5	3	8.00		1	080686381402
080686813019	LAPHROAIG 10 YR SCOTCH 750ML	0.0000	60.1500	60.15	LIQUOR STORE	5	3	9.00		1	080686813019
080686831013	SAUZA TEQUILA GOLD 750ML	0.0000	15.9900	15.99	LIQUOR STORE	5	3	1.00		1	080686831013
080686835028	HORNITOS TEQUILA RESPADO 750ML	20.7920	25.9900	25.99	LIQUOR STORE	5	3	15.00		1	080686835028
080686835325	HORNITOS PLATA TEQUILA 750ML	27.8724	26.9900	26.99	LIQUOR STORE	5	3	16.00		1	080686835325
080686957010	TOKI SUNTORY WHISKY 750ML	0.0000	39.9900	39.99	LIQUOR STORE	5	3	4.00		1	080686957010
080686961048	COURVOISIER VS 750ML	32.9900	32.9900	32.99	LIQUOR STORE	5	3	5.00		1	080686961048
080692950319	PIGSKIN LEATHER GLOVE	8.5000	8.5000	13.99	HOUSEHOLD/CLEANING	20	0	3.00		1	080692950319
080893010041	LIL A FUNNEL PLSTC SMALL	1.1000	1.1000	1.83	AUTOMOTIVE PRODUCTS	24	0	0.00		1	080893010041
080893010102	LIL A TIE DOWN 24IN	2.3600	2.3600	3.99	GENERAL MERCHANDISE	22	8	0.00		1	080893010102
080893010355	LIL A TIRE REPAIR KIT	2.8800	2.8800	4.80	AUTOMOTIVE PRODUCTS	24	3	-2.00		1	080893010355
080893010379	LIL N SUPR GLUE 2GR	1.0800	1.0800	1.49	GENERAL MERCHANDISE	22	4	0.00		1	080893010379
080893010386	LIL A TAPE ELECTRICAL VIN	1.5000	1.5000	2.14	GENERAL MERCHANDISE	22	4	2.00		1	080893010386
080893010416	PLIERS	3.9700	3.9700	5.29	GENERAL MERCHANDISE	22	8	1.00		1	080893010416
080893010508	LIL A DUCT TAPE	2.0900	2.0900	3.29	GENERAL MERCHANDISE	22	4	0.00		1	080893010508
080893741136	LIL A SCREWDRIVER 6IN1	4.4300	4.4300	7.39	GENERAL MERCHANDISE	22	8	-1.00		1	080893741136
081091014688	LADIES MERINO SOCK	4.7250	4.8000	10.99	GENERAL MERCHANDISE	22	7	2.00		1	081091014688
081091014695	BOOT SOCK MERINO WOOL ASST	4.8000	4.8000	9.99	GENERAL MERCHANDISE	22	7	6.00		1	081091014695
081091015685	CLEAR CREEK MER WOOL SOCKS	0.0000	0.0000	10.99	GENERAL MERCHANDISE	22	7	3.00		1	081091015685
081091574878	WOOL BOOT SOCKS MEN	0.0000	0.0000	9.99	GENERAL MERCHANDISE	22	7	0.00		1	081091574878
081308002286	PIEDRA AZUL TEQUILA BLANCO 750ML	0.0000	17.9900	17.99	LIQUOR STORE	5	3	9.00		1	081308002286
081363528035	NY BAGEL CRIPS GARLIC	2.3729	2.3729	3.95	SNACKS - SALTY	15	0	0.00		1	081363528035
081434000033	BLACK BOX CAB 3000ML	23.9900	23.9900	22.99	LIQUOR STORE	5	2	1.00		1	081434000033
081434000040	BLACK BOX CHARDONNAY 3000ML	22.7779	22.9900	22.99	LIQUOR STORE	5	2	9.00		1	081434000040
081434000309	BLACK BOX CHARD 500ML	5.9900	5.9900	5.99	LIQUOR STORE	5	2	0.00		1	081434000309
081434710017	BLACK BOX PINOT NOIR 3000ML	20.9900	20.9900	22.99	LIQUOR STORE	5	2	4.00		1	081434710017
081475691535	AL DENTE EGG PAPPARDELLE	3.8321	3.8365	5.64	EDIBLE GROCERY	19	3	9.00		1	081475691535
081910146958	BOOT SOCK MERINO	0.0000	0.0000	9.99	GENERAL MERCHANDISE	22	7	0.00		1	081910146958
082000000068	SMIRNOFF VODKA 750ML	0.0000	13.9900	13.99	LIQUOR STORE	5	3	7.00		1	082000000068
082000000082	SMIRNOFF VODKA 200ML	0.0000	5.4900	5.49	LIQUOR STORE	5	3	55.00		1	082000000082
082000752967	BULLEIT RYE 750ML	0.0000	32.9900	32.99	LIQUOR STORE	5	3	1.00		1	082000752967
082000766087	BULLEIT RYE 375ML	17.9900	17.9900	17.99	LIQUOR STORE	5	3	1.00		1	082000766087
082000771562	CROWN APPLE 750ML	29.9900	29.9900	29.99	LIQUOR STORE	5	3	0.00		1	082000771562
082000782919	CROWN PEACH 750ML	26.9900	26.9900	29.99	LIQUOR STORE	5	3	9.00		1	082000782919
082184006511	JACK DANIELS RYE 750ML	0.0000	66.9900	66.99	LIQUOR STORE	5	3	5.00		1	082184006511
082184090466	JACK DANIELS WHISKY 750ML	26.9900	26.9900	26.99	LIQUOR STORE	5	3	2.00		1	082184090466
082184090527	JACK DANIELS  200ML	0.0000	8.4900	8.49	LIQUOR STORE	5	3	48.00		1	082184090527
082242012362	BOTA BOX PINOT NOIR 3000ML	23.9900	23.9900	23.99	LIQUOR STORE	5	2	5.00		1	082242012362
082242013253	BOTA BOX PINOT GRIGO 3000ML	23.9900	23.9900	23.99	LIQUOR STORE	5	2	0.00		1	082242013253
082242013741	BOTA BOX NIGHTHAWK 3000ML	21.9900	21.9900	23.99	LIQUOR STORE	5	2	4.00		1	082242013741
082242294935	GNARLEY HEAD OLD VINE ZIN 750ML	10.9900	12.9900	12.99	LIQUOR STORE	5	2	10.00		1	082242294935
082592600417	CAFE DEL REY SALSA PKTS G	0.0760	0.0760	0.00		3001	0	400.00		1	082592600417
082592602411	CAFE DEL REY SALSA PKTS R	0.0000	0.0628	0.00		3001	0	0.00		1	082592602411
082666450016	PC NUTTER PUFF PNUT BTR	2.9140	2.9140	4.86	SNACKS - SALTY	15	0	0.00		1	082666450016
082896710294	FETZER CHARDONNAY 750ML	9.2100	9.9900	9.99	LIQUOR STORE	5	2	13.00		1	082896710294
082896780402	BONTERRA CAB SAUV 750ML	16.9900	16.9900	16.99	LIQUOR STORE	5	2	19.00		1	082896780402
082896780419	BONTERRA CHARDONNAY 750ML	15.9900	15.9900	10.01	LIQUOR STORE	5	2	0.00		1	082896780419
083078113155	CARMEX JAR CARDED .25Z	1.5838	1.5838	2.64	HEALTH & BEAUTY CARE	21	6	0.00		1	083078113155
083089524001	JAGERMEISTER 750ML	20.9900	20.9900	26.99	LIQUOR STORE	5	3	5.00		1	083089524001
083089660402	JAGERMEISTER 200ML	8.4900	8.4900	8.49	LIQUOR STORE	5	3	36.00		1	083089660402
083322159304	OAT ORIGNL/PLAIN OATMILK	0.0000	0.0000	0.00	DAIRY - FLUID	9	4	0.00		1	083322159304
083358008195	BREA CABRNET 750ML	22.9900	22.9900	22.99	LIQUOR STORE	5	2	0.00		1	083358008195
083648871317	ELK COVE PINOT GRIS 750ML	19.2425	19.9900	16.99	LIQUOR STORE	5	2	14.00		1	083648871317
083664112210	BALVENIE SCOTCH 12YR 750ML	69.9900	69.9900	72.99	LIQUOR STORE	5	3	15.00		1	083664112210
083664872978	MONTELOBOS MEZCAL JOVEN 750ML	43.9900	43.9900	43.99	LIQUOR STORE	5	3	0.00		1	083664872978
083664990412	GLENFIDDICH WHISKEY 18 750ML	164.9900	164.9900	164.99	LIQUOR STORE	5	3	1.00		1	083664990412
083664990436	HENDRICKS GIN 750mL	41.9900	41.9900	41.99	LIQUOR STORE	5	3	8.00		1	083664990436
083783222005	SIERRA NEV 355 12pk CAN	23.8800	23.8800	23.88	LIQUOR STORE	5	1	2.00		1	083783222005
083783331004	SIERRA NEV TORP 355ML 6PK BTL	14.3400	14.3400	14.34	LIQUOR STORE	5	1	4.00		1	083783331004
083783375213	SIERRA NEV PALE ALE 355ML 6PK BTL	11.9400	11.9400	11.94	LIQUOR STORE	5	1	4.00		1	083783375213
083783375220	SIERRA NEVADA ALE CANS 355ML	0.0000	0.0000	23.88	LIQUOR STORE	5	1	0.00		1	083783375220
083783535587	SIERRA NEVADA 12PK	15.2900	15.2900	22.06	BEER-GS	4	5	54.00		1	083783535587
083783535785	SIERRA NEV BIG LITTLE 355ML 6PK	14.3400	14.3400	14.34	LIQUOR STORE	5	1	2.00		1	083783535785
083783675207	SN PALE ALE 12 PK CAN	15.4400	15.4400	22.06	BEER-GS	4	5	-43.00		1	083783675207
083783675771	SIERRA NEVEDA LITTE THING 12PK	15.2900	15.2900	23.17	BEER-GS	4	5	4.00		1	083783675771
083791520148	DIRTY SALT & VIN 2 OZ	0.0000	0.0000	1.75	SNACKS - SALTY	15	1	-17.00		1	083791520148
083791520162	DIRTY MAUI ONION CHIPS	1.1378	1.1378	1.63	SNACKS - SALTY	15	1	25.00		1	083791520162
083820104011	GUINNESS DRAFT 6 pack	7.9500	7.9500	10.79	BEER-GS	4	0	2.00		1	083820104011
083820123609	GUINNESS DRAFT STOUT	6.3250	6.3250	9.04	BEER-GS	4	0	0.00		1	083820123609
083837005769	CASTLE ROCK CHARDONNAY 750ML	11.9900	11.9900	7.99	LIQUOR STORE	5	2	16.00		1	083837005769
083900005757	GOLD PEAK SWEET TEA BLACK	1.4732	1.5000	2.38	COLD BEVERAGES	7	6	5.00		1	083900005757
083900005771	18.5Z PT 12LS GLD PK UNSWT BLK TEA	1.5000	1.5000	0.00	EDI/UNKNOWN	99	0	0.00		1	083900005771
0840048219619	JUUL 1 PK	0.0000	0.0000	10.00	TOBACCO, OTHER	3	5	0.00		1	0840048219619
084105341008	ANTICA FORMULA VERMOUTH 1000ML	39.9900	39.9900	39.99	LIQUOR STORE	5	3	4.00		1	084105341008
084114009944	KETTLE NY CHEDDAR	3.1307	2.2993	3.83	SNACKS - SALTY	15	1	0.00		1	084114009944
084114009968	KETTLE SALT/VINEGAR	2.5359	2.5359	4.23	SNACKS - SALTY	15	1	0.00		1	084114009968
084114009982	KETTLE LIGHTLY SALTED 5 OZ	3.1078	3.2423	5.40	SNACKS - SALTY	15	1	0.00		1	084114009982
084114030702	KETTLE CHIPS HONEY DIJON	2.4188	2.3338	5.40	SNACKS - SALTY	15	1	0.00		1	084114030702
084114032164	KETTLE SSLT BRND CHIPS	3.8992	3.8992	6.50	SNACKS - SALTY	15	1	0.00		1	084114032164
084114107077	KETTLE S & P KRINKLE CHP	3.1890	3.2423	5.40	SNACKS - SALTY	15	1	0.00		1	084114107077
084114108128	KETTLE SSLT CHIPS	2.8049	2.8049	4.65	SNACKS - SALTY	15	1	0.00		1	084114108128
084114113931	KETTLE SOUR CREAM-NION	2.8245	2.8650	4.65	SNACKS - SALTY	15	1	0.00		1	084114113931
084114114464	KETTLE SRCRM/ONION CHIPS	2.1947	2.8247	4.65	SNACKS - SALTY	15	1	0.00		1	084114114464
084114114495	KETTLE BACKYARD BBQ	2.2316	2.2316	3.72	SNACKS - SALTY	15	1	0.00		1	084114114495
084114116352	KETTLE JAL	3.2423	3.2423	5.40	SNACKS - SALTY	15	1	-8.00		1	084114116352
084114123534	KETTLE SSLT/VINEGR CHIPS	3.9678	3.9678	6.61	SNACKS - SALTY	15	1	0.00		1	084114123534
084114129574	KETTLE KOREAN BARBEQUE	2.6313	2.6822	4.47	SNACKS - SALTY	15	1	0.00		1	084114129574
084114221964	KETTLE PEPPERONCHINI	1.8192	1.6063	2.68	SNACKS - SALTY	15	1	0.00		1	084114221964
084114900388	KETTLE CHILE VERDE CHIPS	2.2134	2.2086	3.68	SNACKS - SALTY	15	1	0.00		1	084114900388
084114900852	KETTLE BOURBON BBQ CHIPS	2.3075	2.3543	3.92	SNACKS - SALTY	15	1	0.00		1	084114900852
084114901149	KETTLE APL CDR VNGR CHIP	2.7525	2.7550	4.65	SNACKS - SALTY	15	1	0.00		1	084114901149
084114901187	KETTLE FARMSTAND RANCH	3.1943	3.1943	5.32	SNACKS - SALTY	15	1	0.00		1	084114901187
084114901200	KETTLE PARMESAN GARLIC	3.2423	3.2423	4.72	SNACKS - SALTY	15	1	-1.00		1	084114901200
084114901675	KETTLE KRNKL HABAN LIME	2.1750	2.3498	3.92	SNACKS - SALTY	15	1	0.00		1	084114901675
084114901705	KETTLE TRUFF SSLT KRNKL CHP	2.0992	2.0992	3.50	SNACKS - SALTY	15	1	0.00		1	084114901705
084253222136	RICE DRM CLSC ORIG	0.0000	0.0000	0.00	DAIRY - FLUID	9	4	0.00		1	084253222136
084253225465	DREAM OAT BEV UNSWEETND	2.5508	2.5105	4.30	DAIRY - FLUID	9	4	0.00		1	084253225465
085000004265	E&J BRANDY 375ML	6.9900	6.9900	7.49	LIQUOR STORE	5	3	12.00		1	085000004265
085000017746	APOTHIC RED 750ML	14.9900	14.9900	12.99	LIQUOR STORE	5	2	20.00		1	085000017746
085200005789	SEAGLASS PINOT NOIR 750ML	16.9900	16.9900	13.98	LIQUOR STORE	5	2	6.00		1	085200005789
085246139431	MAKERS MARK WHISKY 750ML	32.9900	32.9900	28.99	LIQUOR STORE	5	3	11.00		1	085246139431
0855029008182	GRAPES BLACK MASTERS	2.5722	2.5722	3.67	PRODUCE	18	1	0.00		1	0855029008182
085592157059	FIVE FARMS IRISH CREAM 750mL	34.9900	34.9900	34.99	LIQUOR STORE	5	3	10.00		1	085592157059
085696608044	MORI SILKEN TOFU FIRM	1.8712	1.8712	0.00	EDI/UNKNOWN	99	0	0.00		1	085696608044
085696609102	MORI NU TOFU SFT SLK	2.3008	2.3008	3.52	EDIBLE GROCERY	19	0	13.00		1	085696609102
085761040649	SOLAR PRINT PAPER	5.0000	5.0000	10.00	GENERAL MERCHANDISE	22	12	0.00		1	085761040649
085761067189	POCKET STAR FINDER	4.5000	4.5000	9.00	GENERAL MERCHANDISE	22	12	0.00		1	085761067189
085761276413	CLASSIC NOTEPAD GAMES	4.0000	4.0000	8.00	GENERAL MERCHANDISE	22	12	3.00		1	085761276413
085761289000	OUTDOOR BINGO	6.5000	6.5000	13.00	GENERAL MERCHANDISE	22	12	5.00		1	085761289000
086003267206	HIGH WEST DOUBLE RYE 1.75L	69.9900	69.9900	69.99	LIQUOR STORE	5	3	0.00		1	086003267206
086011002042	OG2 POPCORN YELLOW	9.9195	9.9195	0.00	EDI/UNKNOWN	99	0	0.00		1	086011002042
086012400830	CK MONDAVI PINOT GRIGIO 750ML	8.9900	8.9900	8.99	LIQUOR STORE	5	2	7.00		1	086012400830
086012500936	CK MONDAVI CAB SAUV 750ML	8.9900	8.9900	6.00	LIQUOR STORE	5	2	8.00		1	086012500936
086024007843	MARGARITAVILLE SILVER TEQUILA 750ML	16.9900	16.9900	12.99	LIQUOR STORE	5	3	7.00		1	086024007843
086036124590	CHRISTIANS  DRY SHERRY 750ML	0.0000	7.9900	7.99	LIQUOR STORE	5	2	11.00		1	086036124590
086400000239	OCB SLIM	0.0000	0.0000	0.00	TOBACCO, OTHER	3	3	0.00		1	086400000239
086400000291	JOB SINGLE WIDE PAPERS	1.2446	1.2446	1.66	TOBACCO, OTHER	3	3	12.00		1	086400000291
086400123969	OCB ROLLED TIPS	0.6020	0.6020	1.09	TOBACCO, OTHER	3	0	0.00		1	086400123969
086400903288	OCB HEMP PAPERS 1 1/4 W/T	1.8762	1.9183	2.56	TOBACCO, OTHER	3	3	0.00		1	086400903288
086400904308	OCB PAPERS BRWN RICE 1-1/	1.6377	1.9183	1.69	TOBACCO, OTHER	3	3	0.00		1	086400904308
086400904902	OCB BAMBOO PAPERS 1 1/4	0.9617	0.9642	1.38	TOBACCO, OTHER	3	3	0.00		1	086400904902
086400904926	OCB BAMBOO PAPERS SLIM	0.8908	0.8979	1.20	TOBACCO, OTHER	3	3	0.00		1	086400904926
086600703503	BUMBLE B LNCH PK CHIX SAL	2.1300	2.1300	3.59	SNACKS - OTHER	17	1	0.00		1	086600703503
086600707402	BUMBLE B LNCH ON RUN TUNA	3.2000	3.2000	5.39	SNACKS - OTHER	17	1	0.00		1	086600707402
086600707419	BUMBLEBEE LUNCH CHICK SALAD	0.0000	0.0000	5.29	GRAB & GO FOODS	11	5	0.00		1	086600707419
086600707778	BUMBLE B LNCH PK TUNA SAL	2.1300	2.1300	3.59	GRAB & GO FOODS	11	5	0.00		1	086600707778
086724075005	OZEKI SAKE 750ML	0.0000	8.9100	8.91	LIQUOR STORE	5	3	2.00		1	086724075005
086767210067	BAILEYS IRISH CREAM 750mL	0.0000	29.9900	29.99	LIQUOR STORE	5	3	10.00		1	086767210067
086788000906	SMITH & HOOK CAB SAUV 750ML	0.0000	11.8600	11.86	LIQUOR STORE	5	2	0.00		1	086788000906
086788666881	HAHN CAB 750ML	14.9500	14.9500	14.99	LIQUOR STORE	5	2	9.00		1	086788666881
086876007213	TOILET BRUSH	0.0000	0.0000	0.00	HOUSEHOLD/CLEANING	20	3	0.00		1	086876007213
086891026237	LUXARDO  MARASCHINO LIQUER 750ML	0.0000	34.9900	34.99	LIQUOR STORE	5	3	16.00		1	086891026237
087000004122	BULLEIT BOURBON 375ML	0.0000	17.9900	17.99	LIQUOR STORE	5	3	3.00		1	087000004122
087000005525	BULLEIT BOURBON 750ML	30.4523	32.9900	32.99	LIQUOR STORE	5	3	10.00		1	087000005525
087000007338	SEAGRAMS 7 AMBLND 750ML	0.0000	12.9900	12.99	LIQUOR STORE	5	3	0.00		1	087000007338
087076214593	SNAK CLUB EN TRAIL MIX	0.0000	0.0000	1.28	SNACKS - OTHER	17	2	0.00		1	087076214593
087076454562	SNK CLB G&G TRAIL MIX FAN	0.7675	0.7675	1.28	SNACKS - OTHER	17	2	0.00		1	087076454562
087113115227	C'EST LA VIE! RED BLEND 750ML	18.9900	18.9900	18.99	LIQUOR STORE	5	2	13.00		1	087113115227
087116019034	PRAIRIE OG GIN 750ML	19.9900	19.9900	19.99	LIQUOR STORE	5	3	5.00		1	087116019034
0872	CHRISTMAS CARD	1.2500	1.2500	3.99	GENERAL MERCHANDISE	22	5	0.00		1	0872
087236210229	METAXA 7 STAR BRANDY 750ML	29.9900	29.9900	29.99	LIQUOR STORE	5	3	6.00		1	087236210229
087236565107	COINTREAU 750ML	41.9900	41.9900	41.99	LIQUOR STORE	5	3	4.00		1	087236565107
087692011903	SAM ADAMS HAZE	7.9500	7.9500	12.23	BEER-GS	4	5	0.00		1	087692011903
087692831341	TWISTED TEA 12 PK	15.7508	15.7500	21.86	BEER-GS	4	5	8.00		1	087692831341
087692832317	TWISTED TEA 24OZ CAN	2.3667	2.3667	3.38	BEER-GS	4	4	13.00		1	087692832317
087712202120	PREDATOR OLD VINE ZIN 750ML	17.9900	17.9900	17.99	LIQUOR STORE	5	2	11.00		1	087712202120
087712302714	RHIANNON RED BLEND 750ML	0.0000	14.0000	11.99	LIQUOR STORE	5	2	14.00		1	087712302714
087752008836	BARKAN MERLOT 750ML	13.0200	13.0200	13.02	LIQUOR STORE	5	2	12.00		1	087752008836
087752008850	BARKAN SAUV BLANC  750ML	0.0000	13.8300	13.83	LIQUOR STORE	5	2	0.00		1	087752008850
087839020744	NORSK RAGG WOOL M 6-8.5	11.0300	11.0300	22.99	GENERAL MERCHANDISE	22	7	0.00		1	087839020744
087839029945	FOX RIVER WOOL SOCK MD	11.3000	11.3000	22.99	GENERAL MERCHANDISE	22	7	0.00		1	087839029945
087839029952	FOX RIVER WOOL SOCK LG	11.3000	11.3000	22.99	GENERAL MERCHANDISE	22	7	0.00		1	087839029952
087839091218	DOUBLE RAGG MITT SM	14.1300	14.1300	28.99	GENERAL MERCHANDISE	22	7	0.00		1	087839091218
087839092123	FOX RIVER GLOMITT MD	17.1200	17.1200	28.99	GENERAL MERCHANDISE	22	7	3.00		1	087839092123
087839092130	FOX RIVER GLOMITT LG	15.2600	15.2600	28.99	GENERAL MERCHANDISE	22	7	0.00		1	087839092130
087839093892	FOX RIVER GLOMITT SM	17.1200	17.1200	28.99	GENERAL MERCHANDISE	22	7	1.00		1	087839093892
087839673148	JASPER MENS CREW BRN MD	9.0900	9.0900	18.99	GENERAL MERCHANDISE	22	7	0.00		1	087839673148
087839673155	JASPER MENS CREW BROWN LG	9.0900	9.0900	18.99	GENERAL MERCHANDISE	22	7	0.00		1	087839673155
087839819508	PRIMAHIKE CREW BLACK LG	9.1200	9.1200	18.99	GENERAL MERCHANDISE	22	7	0.00		1	087839819508
087839819614	PRIMAHIKE CREW KHAKI SM	9.1200	9.1200	18.99	GENERAL MERCHANDISE	22	7	0.00		1	087839819614
088004035471	MYERS'S RUM ORIG 750ML	0.0000	19.9900	19.99	LIQUOR STORE	5	3	7.00		1	088004035471
088004036171	SEAGRAMS VO 6 YEAR 750ML	13.9900	13.9900	10.99	LIQUOR STORE	5	3	12.00		1	088004036171
088004143541	PIMM'S 750ML	0.0000	25.9900	25.99	LIQUOR STORE	5	3	3.00		1	088004143541
088004144722	FIREBALL WHISKY 375ML	6.8486	7.9900	7.99	LIQUOR STORE	5	3	25.00		1	088004144722
088110150624	HENNESSY VS COGNAC 375ML	21.9900	21.9900	21.99	LIQUOR STORE	5	3	1.00		1	088110150624
088194340027	BROWN COW CRM TOP VAN	1.0189	1.0091	1.68	DAIRY - OTHER	10	4	0.00		1	088194340027
088194340034	BROWN COW CRM TOP BLUBRY	0.9874	1.1881	1.65	DAIRY - OTHER	10	4	0.00		1	088194340034
088194340058	BROWN COW CRM TOP PEACH	1.0600	1.0600	1.52	DAIRY - OTHER	10	4	0.00		1	088194340058
088194340607	BROWN COW CRMTP PLAIN	3.9912	3.9912	6.14	DAIRY - OTHER	10	4	0.00		1	088194340607
088194340621	BROWN COW CRMTP MAPLE	4.1720	4.1720	6.45	DAIRY - OTHER	10	4	0.00		1	088194340621
088194703174	BRWN COW STRWBRY	1.1881	1.1881	1.83	DAIRY - OTHER	10	4	0.00		1	088194703174
088231412045	WHISPS PARMESAN	2.8640	2.8640	4.77	SNACKS - SALTY	15	0	0.00		1	088231412045
088232003150	VENDANGE CAB 500ML	3.9900	3.9900	5.99	LIQUOR STORE	5	2	7.00		1	088232003150
088232003167	VENDANGE CHARD 500ML	5.9900	5.9900	5.99	LIQUOR STORE	5	2	10.00		1	088232003167
088232003181	VENDANGE PINOT GRIS 500ML	5.9900	5.9900	5.99	LIQUOR STORE	5	2	7.00		1	088232003181
088320330250	LIQUORESTREGA 700 ML	39.9900	39.9900	39.99	LIQUOR STORE	5	0	0.00		1	088320330250
088352008851	ARROW PEPPERMINT 750ML	0.0000	9.9900	9.99	LIQUOR STORE	5	3	7.00		1	088352008851
088352111490	CHAPALA COFFEE LIQUER 750mL	0.0000	8.9900	8.99	LIQUOR STORE	5	3	6.00		1	088352111490
088352118857	ARROW PPRMNT 750ML	9.9900	9.9900	9.99	LIQUOR STORE	5	3	0.00		1	088352118857
088394000028	SPATEN LAG 355ML 6PK BTL	13.5000	13.5000	13.50	LIQUOR STORE	5	1	3.00		1	088394000028
088473104135	SOKOL EVOLUTION PINOT NOIR 750ML	18.9900	18.9900	20.99	LIQUOR STORE	5	2	0.00		1	088473104135
088586000768	CHAT.ST MICHELE PINOT GRIS 750ML	12.9900	12.9900	12.99	LIQUOR STORE	5	2	0.00		1	088586000768
088586009242	BORNE OF FIRE CAB 750ML	19.9900	19.9900	19.99	LIQUOR STORE	5	2	0.00		1	088586009242
088702009521	BONNE WLD FRUIT PRESERVE	5.2839	5.2839	8.13	EDIBLE GROCERY	19	8	0.00		1	088702009521
088702015751	BONNE BLACKBERRY JELLY	5.2839	5.2839	8.13	EDIBLE GROCERY	19	8	0.00		1	088702015751
088702016758	BONNE 4 FRUITS PRESERVES	5.2839	5.2839	7.55	EDIBLE GROCERY	19	7	0.00		1	088702016758
088702029291	BONNE BLACKBERRY PRSRVS	5.5497	5.5497	7.55	EDIBLE GROCERY	19	7	2.00		1	088702029291
088702509359	BONNE FIG PRESERVES	5.2839	5.2839	7.55	EDIBLE GROCERY	19	8	0.00		1	088702509359
088702518696	BONNE APRCT RASP PRSRV	5.2839	5.2839	7.55	EDIBLE GROCERY	19	8	0.00		1	088702518696
088702524772	BONNE GRAPE JELLY	6.1835	6.1835	8.83	EDIBLE GROCERY	19	8	0.00		1	088702524772
088702845679	BONNE LEMON CURD	4.1270	4.1330	6.36	EDIBLE GROCERY	19	7	0.00		1	088702845679
088908150317	CROSSWORD PUZZLE ASORT	1.5000	1.5000	4.95	MAPS & PUBLICATIONS	23	1	0.00		1	088908150317
088908375000	SODUKU BOOK ASRTD	1.7510	1.7500	4.99	GENERAL MERCHANDISE	22	12	10.00		1	088908375000
089156001246	SB XVR OLIVE OIL	4.1015	4.1015	5.86	EDIBLE GROCERY	19	4	0.00		1	089156001246
089419417036	CONO SUR RED BLEND 750ML	0.0000	13.9900	10.99	LIQUOR STORE	5	2	1.00		1	089419417036
089419583359	LOIMER GRUNER 750ML	20.9200	20.9200	20.92	LIQUOR STORE	5	2	0.00		1	089419583359
089540122717	KAHLUA ORIGINAL 750mL	0.0000	26.9900	27.99	LIQUOR STORE	5	3	10.00		1	089540122717
089540447063	KAHLUA ESPECIAL 750mL	0.0000	26.9900	26.99	LIQUOR STORE	5	3	11.00		1	089540447063
089540448992	MALIUBU COCONUT RUM 750ML	0.0000	14.9900	17.99	LIQUOR STORE	5	3	2.00		1	089540448992
089552082856	GRAINGERS ORG VODKA 1000ML	0.0000	18.0300	18.03	LIQUOR STORE	5	3	0.00		1	089552082856
089552585005	OLDNEW EGGNOG 750ML	0.0000	6.4800	6.48	LIQUOR STORE	5	3	6.00		1	089552585005
089826001422	TECATE TALL CAN	2.0125	2.0125	2.88	BEER-GS	4	0	18.00		1	089826001422
089826130283	SOL CHELADA TALL	2.2500	2.2500	3.21	BEER-GS	4	4	0.00		1	089826130283
089826900336	TECATE 12PK CAN	12.2750	12.2750	17.54	BEER-GS	4	0	11.00		1	089826900336
089826901838	TECATE 18PK	14.5000	14.5000	20.71	BEER-GS	4	0	0.00		1	089826901838
089836001290	FC CINNAMON GROUND	10.1042	10.1042	0.00	EDI/UNKNOWN	99	0	0.00		1	089836001290
089836001832	FC PEPPERCORNS BLACK	11.3588	11.3588	0.00	EDI/UNKNOWN	99	0	0.00		1	089836001832
089836002365	OG2 FC SAGE LEAF RUBBED	15.4530	15.4530	0.00	EDI/UNKNOWN	99	0	0.00		1	089836002365
089836003560	OG2 FC FENUGREEK WHOLE	5.8739	5.8739	0.00	EDI/UNKNOWN	99	0	0.00		1	089836003560
089836003720	OG2 FC WHT ONION FLAKES	9.2873	9.2873	0.00	EDI/UNKNOWN	99	0	0.00		1	089836003720
089836003782	OG2 FC THYME LEAF C/S	0.0000	0.0000	0.00	EDI/UNKNOWN	99	0	0.00		1	089836003782
089836003799	OG2 FC ROSEMARY LF WHOLE	8.9956	8.9956	0.00	EDI/UNKNOWN	99	0	0.00		1	089836003799
089836003966	OG2 FC KORINTJE CIN PWDR	7.9356	7.9356	0.00	EDI/UNKNOWN	99	0	0.00		1	089836003966
089836006301	OG2 FC PEPPRMNT LEAF C/S	13.3816	13.3816	0.00	EDI/UNKNOWN	99	0	0.00		1	089836006301
089836009616	OG2 FC NETTLE LEAF C/S	15.2390	15.2390	0.00	EDI/UNKNOWN	99	0	0.00		1	089836009616
089836010797	FC JASMINE TEA	20.7142	20.7142	0.00	EDIBLE GROCERY	19	1	0.00		1	089836010797
089836023100	FC BEE POLLEN DOMESTI	24.8182	24.8182	0.00	EDI/UNKNOWN	99	0	0.00		1	089836023100
089836025913	OG2 FC CUMIN SEED WHOLE	11.5533	11.5727	0.00	EDI/UNKNOWN	99	0	0.00		1	089836025913
089836025920	OG2 FC CUMIN SEED GROUND	12.7397	12.7397	0.00	EDI/UNKNOWN	99	0	0.00		1	089836025920
089836026002	OG2 FC PPR BLK MED GRIND	15.8420	15.8420	0.00	EDI/UNKNOWN	99	0	0.00		1	089836026002
089836026040	OG2 FC TURMERIC GROUND	9.2290	9.2290	0.00	EDI/UNKNOWN	99	0	0.00		1	089836026040
089836026095	OG2 FC CORIANDR SD GRND	9.7444	9.7444	0.00	EDI/UNKNOWN	99	0	0.00		1	089836026095
089836026101	OG2 FC GINGER ROOT GRND	14.8306	14.8306	0.00	EDI/UNKNOWN	99	0	0.00		1	089836026101
089836026163	OG2 FC POPPY SEED WHOLE	8.8400	8.8400	0.00	EDI/UNKNOWN	99	0	0.00		1	089836026163
089836026194	OG2 FC FENNEL SEED WHOLE	8.4024	8.4024	0.00	EDI/UNKNOWN	99	0	0.00		1	089836026194
089836026507	OG2 FC CURRY POWDER	10.2987	10.2987	0.00	EDI/UNKNOWN	99	0	0.00		1	089836026507
089836027313	OG2 FC ROASTED CHICORY	10.7266	10.7266	0.00	EDI/UNKNOWN	99	0	0.00		1	089836027313
089836029553	FC PPRCRNS BLK TLCHR	16.4741	16.5033	0.00	EDIBLE GROCERY	19	12	0.00		1	089836029553
089836049445	FC NUTRITIONAL YEAST	50.9006	50.9006	0.00	EDI/UNKNOWN	99	0	0.00		1	089836049445
089836070067	OG2 FC CYLN CINN PWDR FT	19.1582	19.1582	0.00	EDI/UNKNOWN	99	0	0.00		1	089836070067
089836157157	SIMPLY OG SPINACH DIP	0.0000	0.0000	2.19	EDIBLE GROCERY	19	0	-2.00		1	089836157157
089836182678	FC TLCHRY BLK PPRCRN	4.9338	4.9338	6.85	EDIBLE GROCERY	19	12	5.00		1	089836182678
089836182722	FC PPRCRN PINK	5.4120	5.4120	7.50	EDIBLE GROCERY	19	12	5.00		1	089836182722
089836182784	FC EXOTIC PPRCRN BLEND	5.4914	5.4914	7.84	EDIBLE GROCERY	19	12	4.00		1	089836182784
089836183040	OG2 FC SWT BASIL LF C/S	3.5107	3.5107	0.00	EDI/UNKNOWN	99	0	0.00		1	089836183040
089836183101	FC CARDAMON SEED GROUND	9.7055	9.7055	13.86	EDIBLE GROCERY	19	12	0.00		1	089836183101
089836183125	FC GRND CAYENNE PEPPER	3.5204	3.5204	5.03	EDIBLE GROCERY	19	12	0.00		1	089836183125
089836183163	FC CELERY SEED WHOLE	2.8397	2.8397	4.06	EDIBLE GROCERY	19	12	0.00		1	089836183163
089836183187	FC CRSH ALPPO CHL PEPPER	4.2012	4.2012	6.00	EDIBLE GROCERY	19	12	1.00		1	089836183187
089836183200	FC CHILI PEPPERS  CRSHD	3.1703	3.1703	4.53	EDIBLE GROCERY	19	12	1.00		1	089836183200
089836183255	FC CINNAMON  GROUND	3.8608	3.8608	5.52	EDIBLE GROCERY	19	12	1.00		1	089836183255
089836183347	FC CREAM OF TARTAR	4.7555	4.7555	6.79	EDIBLE GROCERY	19	4	0.00		1	089836183347
089836183361	FC CUMIN SEED  GROUND	3.8608	3.8608	5.52	EDIBLE GROCERY	19	12	0.00		1	089836183361
089836183378	FC CUMIN SEED WHOLE	3.5204	3.5204	4.83	EDIBLE GROCERY	19	12	0.00		1	089836183378
089836183385	FC CURRY POWDER	3.5204	3.5204	5.03	EDIBLE GROCERY	19	12	1.00		1	089836183385
089836183422	FC FENNEL SEED WHOLE	2.7046	2.7046	3.86	EDIBLE GROCERY	19	12	0.00		1	089836183422
089836183460	FC FIVE SPICE POWDER	3.5204	3.5204	5.03	EDIBLE GROCERY	19	12	0.00		1	089836183460
089836183477	FC GARAM MASALA	4.6777	4.6777	7.20	EDIBLE GROCERY	19	12	0.00		1	089836183477
089836183484	FC GARLIC FLAKES	4.4054	4.4054	6.29	EDIBLE GROCERY	19	12	1.00		1	089836183484
089836183507	FC GARLIC POWDER	4.6777	4.6777	6.68	EDIBLE GROCERY	19	12	0.00		1	089836183507
089836183514	FC GARLIC	5.9711	5.9711	8.53	EDIBLE GROCERY	19	12	0.00		1	089836183514
089836183538	FC GINGER ROOT GROUND	3.5204	3.5204	5.03	EDIBLE GROCERY	19	12	1.00		1	089836183538
089836183590	FC CINNAMON STICKS	3.8511	3.8511	5.50	EDIBLE GROCERY	19	12	0.00		1	089836183590
089836183613	FC CHILI POWDER BLND	3.5204	3.5204	5.03	EDIBLE GROCERY	19	12	0.00		1	089836183613
089836183651	FC CINN STKS CEYLON	4.3859	4.3859	6.27	EDIBLE GROCERY	19	12	0.00		1	089836183651
089836183699	FC NUTMEG GROUND	5.5529	5.5529	7.93	EDIBLE GROCERY	19	12	1.00		1	089836183699
089836183736	FC ONION GRANULES	3.5204	3.5204	5.03	EDIBLE GROCERY	19	12	1.00		1	089836183736
089836183774	FC OREGANO LEAF C/S	3.5010	3.5010	5.00	EDIBLE GROCERY	19	12	0.00		1	089836183774
089836183781	FC PAPRIKA GROUND	4.2012	4.2012	6.46	EDIBLE GROCERY	19	12	1.00		1	089836183781
089836184016	FC SAFFRON	12.3313	12.3313	17.62	EDIBLE GROCERY	19	12	1.00		1	089836184016
089836184023	FC SAGE LF GROUND	4.3957	4.3957	6.28	EDIBLE GROCERY	19	12	0.00		1	089836184023
089836184092	FC SESAME SD HULLED	2.8397	2.8397	4.06	EDIBLE GROCERY	19	12	0.00		1	089836184092
089836184139	FC THYME LEAF	3.1703	3.1703	4.53	EDIBLE GROCERY	19	12	1.00		1	089836184139
089836184146	FC TURMERIC ROOT GROUND	3.5204	3.5204	5.42	EDIBLE GROCERY	19	12	0.00		1	089836184146
089836184160	FC CLOVES SWEET WHOLE	4.4054	4.4054	6.29	EDIBLE GROCERY	19	12	1.00		1	089836184160
089836184184	FC THYME LEAF WHOLE	3.5107	3.5107	5.02	EDIBLE GROCERY	19	12	0.00		1	089836184184
089836184245	FC TARRAGON LEAF C/S	3.1703	3.1703	0.00	EDI/UNKNOWN	99	0	0.00		1	089836184245
089836184283	FC RED CAYN PPR GRND	3.8608	3.8608	5.52	EDIBLE GROCERY	19	12	0.00		1	089836184283
089836184320	FC PAPRIKA GROUND	5.5529	5.5529	7.70	EDIBLE GROCERY	19	12	0.00		1	089836184320
089836184337	FC WHITE ONION PWDR	4.2012	4.2012	6.00	EDIBLE GROCERY	19	12	0.00		1	089836184337
089836184344	FC CINNAMON GROUND	4.5415	4.5415	6.49	EDIBLE GROCERY	19	12	0.00		1	089836184344
089836184467	FC ITALY INTERNATIONAL	3.1703	3.1703	4.53	EDIBLE GROCERY	19	12	0.00		1	089836184467
089836184580	FRNTR CLOVES GRND	6.5741	6.5741	9.39	EDIBLE GROCERY	19	12	0.00		1	089836184580
089836184597	FC GRND TURMERIC RT	4.3957	4.3957	6.28	EDIBLE GROCERY	19	12	1.00		1	089836184597
089836184689	FC ROSEMARY LF WHOLE	3.5107	3.5107	5.02	EDIBLE GROCERY	19	12	1.00		1	089836184689
089836184740	FC BAY LEAF WHOLE	5.2028	5.2028	7.43	EDIBLE GROCERY	19	12	0.00		1	089836184740
089836184757	FC CARDAMOM SD GRND	10.3765	10.3765	14.82	EDIBLE GROCERY	19	12	0.00		1	089836184757
089836184771	FC CUMIN SEED	4.5318	4.5318	6.47	EDIBLE GROCERY	19	12	0.00		1	089836184771
089836184788	FC CUMIN SEED WHOLE	4.5318	4.5318	6.47	EDIBLE GROCERY	19	12	1.00		1	089836184788
089836184818	FC FENNEL SEED WHOLE	3.8511	3.8511	5.92	EDIBLE GROCERY	19	12	1.00		1	089836184818
089836184887	FC CURRY POWDER	4.5415	4.5415	6.49	EDIBLE GROCERY	19	12	0.00		1	089836184887
089836188403	S.O. RANCH DIP MIX	1.4182	1.4182	2.18	EDIBLE GROCERY	19	7	4.00		1	089836188403
089836189219	FC TACO SEASONING	2.8397	2.8397	4.06	EDIBLE GROCERY	19	12	1.00		1	089836189219
089836189271	FC POULTRY SEASONING	3.5107	3.5107	5.02	EDIBLE GROCERY	19	12	0.00		1	089836189271
089836190864	FC PUMPKIN PIE SPICE	3.8608	3.8608	5.52	EDIBLE GROCERY	19	12	0.00		1	089836190864
089836194565	FC GROUND CINN FT	5.2126	5.2126	7.45	EDIBLE GROCERY	19	12	0.00		1	089836194565
089836194657	FC GRND TUMRIC RT FT	4.5318	4.5318	6.97	EDIBLE GROCERY	19	12	0.00		1	089836194657
089836194671	FC GNGR ROOT PWDR FT	4.8722	4.8722	6.96	EDIBLE GROCERY	19	12	0.00		1	089836194671
089836194701	FC TANDOORI SEASN FT	3.5204	3.5204	5.03	EDIBLE GROCERY	19	12	0.00		1	089836194701
089836194749	FC HARISSA SEASN FT	3.5204	3.5204	5.03	EDIBLE GROCERY	19	12	0.00		1	089836194749
089836195234	FC PAPRIKA SMKD GROUND	4.8722	4.8722	6.96	EDIBLE GROCERY	19	12	0.00		1	089836195234
089836195265	FC VIETNAMESE CINN	4.5318	4.5318	6.47	EDIBLE GROCERY	19	12	0.00		1	089836195265
089836195548	FC PICKLING SPICE	4.5415	4.5415	6.29	EDIBLE GROCERY	19	12	0.00		1	089836195548
089836195746	FC DAILY BLEND	4.2012	4.2012	6.00	EDIBLE GROCERY	19	12	0.00		1	089836195746
089836195845	FC ZA ATAR SEASONING	5.5627	5.5627	7.95	EDIBLE GROCERY	19	12	0.00		1	089836195845
089836230010	FC ALMOND FLAVOR	3.3356	3.3356	4.77	EDIBLE GROCERY	19	12	0.00		1	089836230010
089836231826	FC VANILLA EXT	9.4527	9.4527	13.50	EDIBLE GROCERY	19	4	2.00		1	089836231826
089836231833	FC VANILLA EXT	16.8242	16.8242	24.03	EDIBLE GROCERY	19	4	0.00		1	089836231833
089836231840	FC VANILLA EXT	28.3970	28.3970	40.57	EDIBLE GROCERY	19	4	1.00		1	089836231840
089836310057	FC ALMOND EXTRACT	4.1234	4.1234	5.67	EDIBLE GROCERY	19	12	2.00		1	089836310057
089836310705	FC PEPPERMINT FLAVOR	3.5788	3.5788	5.11	EDIBLE GROCERY	19	12	0.00		1	089836310705
089836660329	FC CREAM OF TARTAR	0.0000	0.0000	2.15	EDIBLE GROCERY	19	12	1.00		1	089836660329
089947302828	VANS PRTN ORIGINAL WAFL	3.6335	3.6452	5.37	FROZEN FOODS	13	0	0.00		1	089947302828
090341006250	VIRGILS VANILLA CREAM SODA	1.1275	1.1275	1.80	COLD BEVERAGES	7	1	0.00		1	090341006250
090341120048	VIRGILS ROOT BEER	6.1003	6.8221	9.75	COLD BEVERAGES	7	1	18.00		1	090341120048
090341121212	VIRGILS RT BR BOTTLE	1.2433	1.2433	2.07	COLD BEVERAGES	7	1	4.00		1	090341121212
090341123452	VIRGILS VAN CREAM BOTTLE	4.5000	1.0800	1.80	COLD BEVERAGES	7	1	0.00		1	090341123452
090341200016	VIRGILS ORANGE	1.4350	1.4350	2.39	COLD BEVERAGES	7	1	-30.00		1	090341200016
090341200023	VIRGILS ORNG CREAM SODA	5.0642	4.9727	9.57	COLD BEVERAGES	7	1	12.00		1	090341200023
090341231157	VIRGILS BLK CHRY CRM SDA	5.9057	6.8221	9.75	COLD BEVERAGES	7	1	18.00		1	090341231157
090341232321	VIRGILS BLACK CHERRY SNGL BTL	1.2433	1.2433	2.07	COLD BEVERAGES	7	1	-33.00		1	090341232321
090341543212	VIRGILS CREAM SODA DRINK	2.1725	4.9727	2.02	COLD BEVERAGES	7	1	0.00		1	090341543212
090341625000	VIRGILS ZERO SGR VAN CRM	4.5108	4.5108	6.44	COLD BEVERAGES	7	1	0.00		1	090341625000
090497602092	GSI PAN FOLDING	9.5800	9.5800	17.42	CAMPING & OUTDOORS	43	5	0.00		1	090497602092
090497999451	LAWN DARTS	15.7100	15.7100	25.00	GENERAL MERCHANDISE	22	12	2.00		1	090497999451
090497999543	BACKPACK BOCCE	9.9000	9.9000	21.99	CAMPING & OUTDOORS	43	4	0.00		1	090497999543
090497999697	BKPK CHESS	8.1400	8.1400	16.99	GENERAL MERCHANDISE	22	12	0.00		1	090497999697
090497999758	BACKPACK CORNHOLE	20.5500	20.5500	42.99	GENERAL MERCHANDISE	22	12	0.00		1	090497999758
090500000594	WINSTON GOLD BOX	9.6609	9.7820	11.49	CIGARETTES	2	0	25.00		1	090500000594
090500010081	WINSTON 22*GOLD BOX $.50/	8.3120	8.3120	0.00	CIGARETTES	2	0	0.00		1	090500010081
091437400013	HITECH CAR CHRGR IPHONE 5	12.5700	12.5700	19.57	GENERAL MERCHANDISE	22	10	0.00		1	091437400013
091437400020	HITECH WALL CHARGR I	12.5700	12.5700	19.99	GENERAL MERCHANDISE	22	10	0.00		1	091437400020
091437400037	HITECH CABLE IPHONE 5/6 6	12.5700	12.5700	19.99	GENERAL MERCHANDISE	22	10	0.00		1	091437400037
091437400488	HITECH WALL CHARGR MICRO	11.7100	11.7100	19.99	GENERAL MERCHANDISE	22	10	0.00		1	091437400488
091437400594	HITECH CAR CHARGR MICRO U	11.7100	11.7100	18.37	GENERAL MERCHANDISE	22	10	0.00		1	091437400594
091437400754	HITECH CAR CHRGR C-TYPE A	11.8100	11.8100	19.99	GENERAL MERCHANDISE	22	10	0.00		1	091437400754
091437400778	HITECH CABLE C-TYPE 6FT A	6.8500	6.8500	10.67	GENERAL MERCHANDISE	22	10	0.00		1	091437400778
093709355519	PAM ALMOND BAKING FLOUR	6.4250	6.4250	10.24	EDIBLE GROCERY	19	4	0.00		1	093709355519
093856994876	N.C OAT MILK SWT CNDS	2.2904	2.2529	3.87	DAIRY - FLUID	9	4	9.00		1	093856994876
093966000054	ORG VALLEY STRING CHSE ST	0.6275	0.6275	0.89	GRAB & GO FOODS	11	5	-262.00		1	093966000054
093966000108	O.V. CRM CHEESE TUB	3.4056	3.4056	4.87	DAIRY - OTHER	10	0	0.00		1	093966000108
093966000283	OV CREAM HEAVYWHIP PINT	5.4525	5.4525	7.57	DAIRY - FLUID	9	2	0.00		1	093966000283
093966000337	OV HALF&HALF	4.0242	4.4242	5.75	DAIRY - FLUID	9	2	0.00		1	093966000337
093966000818	OV CHEDDAR  MILD SLICED	3.6458	3.6458	5.21	DAIRY - OTHER	10	1	0.00		1	093966000818
093966000887	OV 6 OZ MUNCHIN SLICED	4.3700	4.3700	6.24	DAIRY - OTHER	10	1	3.00		1	093966000887
093966000894	OV SLICED PROV	4.3700	4.3700	6.24	DAIRY - OTHER	10	1	5.00		1	093966000894
093966000917	OV WHOLE MILK 32 OZ	2.9408	2.9408	4.20	DAIRY - FLUID	9	1	1.00		1	093966000917
093966001433	O.V. SLICED UNC HAM	6.8078	6.8078	10.48	GRAB & GO FOODS	11	0	0.00		1	093966001433
093966001594	OV RST TRKY	5.9765	5.9473	9.15	GRAB & GO FOODS	11	5	0.00		1	093966001594
093966001600	O.P. GRND TRKY CHUB	9.0413	9.0413	12.69	FROZEN FOODS	13	5	10.00		1	093966001600
093966001754	SMKD UNCR BACON	7.4911	7.4912	12.49	FROZEN FOODS	13	5	0.00		1	093966001754
093966002034	OV COTTAGE CHEESE	5.7572	5.7572	7.68	DAIRY - OTHER	10	0	0.00		1	093966002034
093966002058	O.V. SOUR CREAM	3.9613	3.9613	5.56	DAIRY - OTHER	10	0	1.00		1	093966002058
093966002119	OV BLUE CHS CRMBLS	4.4986	4.4986	6.25	DAIRY - OTHER	10	1	4.00		1	093966002119
093966002195	OV RICOTTA	5.9306	5.9306	7.91	DAIRY - OTHER	10	1	1.00		1	093966002195
093966002270	OV MEXICAN SHRED	4.3681	4.3681	6.18	DAIRY - OTHER	10	1	0.00		1	093966002270
093966002287	O.V. SHRED PARMESAN	4.4791	4.4986	6.17	DAIRY - OTHER	10	1	5.00		1	093966002287
093966002614	OV SLCD BBYSWS	4.3700	4.3700	6.24	DAIRY - OTHER	10	1	3.00		1	093966002614
093966003734		0.0000	0.0000	9.35	DAIRY - FLUID	9	2	0.00		1	093966003734
093966003826	O.V. STRINGLES	0.6816	0.6816	1.03	GRAB & GO FOODS	11	5	287.00		1	093966003826
093966004380	OV GRATED PARMESAN	4.4986	4.4986	5.82	DAIRY - OTHER	10	1	0.00		1	093966004380
093966004397	OV WHOLE MILK	5.2967	5.2967	7.16	DAIRY - FLUID	9	2	12.00		1	093966004397
093966004403	O.V. UP 2% MILK CA	0.0000	0.0000	0.00	DAIRY - FLUID	9	1	0.00		1	093966004403
093966004410	O.V. UP 1% MILK CA	5.2967	5.2967	7.26	DAIRY - FLUID	9	1	0.00		1	093966004410
093966007428	OV WHOLE MILK GAL	7.8218	7.8650	11.24	DAIRY - FLUID	9	1	0.00		1	093966007428
093966007565	O.V. CHS/MEX SHREDS	4.4986	4.4986	6.36	DAIRY - OTHER	10	1	12.00		1	093966007565
093966008180	O.V. WHOLE ASPMILK	1.1766	1.1766	1.96	DAIRY - FLUID	9	1	0.00		1	093966008180
093966008272	O.V. CHOK MLK 1% SS	1.2221	1.2221	1.70	DAIRY - FLUID	9	3	0.00		1	093966008272
093966008326	OV UNSALTED BUTTER	8.5418	8.5418	11.90	DAIRY - OTHER	10	3	0.00		1	093966008326
093966009064	O.V. MK CA GRSFD WHL	5.9017	5.9017	7.87	DAIRY - FLUID	9	1	0.00		1	093966009064
093966009071	O.V. MILK GRASSFD 2%	0.0000	0.0000	0.00	DAIRY - FLUID	9	1	0.00		1	093966009071
093966009422	O.V RAW SHRP CHEDCHS	0.0000	0.0000	0.00	GRAB & GO FOODS	11	5	0.00		1	093966009422
093966010152	O.V. SMOKY CHED SLIC	4.8300	4.8300	6.90	DAIRY - OTHER	10	1	1.00		1	093966010152
093966010343	O.V. WHL MLK O3CALIF	5.8300	5.8300	8.10	DAIRY - FLUID	9	1	1.00		1	093966010343
093966010350	O.V. MLK2%RF O3CALIF	0.0000	0.0000	0.00	DAIRY - FLUID	9	1	0.00		1	093966010350
093966113105	O.V. RAW MILD CHEDDR	4.5425	4.5425	6.99	DAIRY - OTHER	10	1	0.00		1	093966113105
093966113204	O.V. RAW SHARP CHEDD	4.5425	4.5425	6.99	DAIRY - OTHER	10	1	0.00		1	093966113204
093966211016	OV CREAM CHEESE	3.9576	3.9610	5.56	DAIRY - OTHER	10	0	3.00		1	093966211016
093966213010	OV FETA	4.5425	4.5425	6.24	DAIRY - OTHER	10	1	17.00		1	093966213010
093966213201	OV SHARP CHED PST	4.2433	4.2433	6.06	DAIRY - OTHER	10	1	0.00		1	093966213201
093966302929	O.V. SLCD PEPPERONI	5.9643	5.9643	8.64	GRAB & GO FOODS	11	5	7.00		1	093966302929
093966302967	O.V. SLCD CHKN BRST	6.6547	6.6547	8.55	GRAB & GO FOODS	11	5	0.00		1	093966302967
093966303056	O.P. LEAN GRND BEEF	11.1047	11.1047	16.57	FROZEN FOODS	13	5	0.00		1	093966303056
093966303063	O.P. GRND BF GRS FED	11.2457	11.2457	16.07	FROZEN FOODS	13	5	11.00		1	093966303063
093966303490	O.P. BF RBEYE BNLSS	26.4386	26.4386	30.39	FROZEN FOODS	13	5	4.00		1	093966303490
093966306651	O.V. GRSSFED BF HTDG	8.0085	8.0085	10.68	FROZEN FOODS	13	5	0.00		1	093966306651
093966307542	O.P. GRND TRKY XLEAN	12.5611	12.5610	17.45	FROZEN FOODS	13	5	11.00		1	093966307542
093966330007	O.V. LTLY SLTD BTR	8.5418	8.5418	12.20	DAIRY - OTHER	10	3	0.00		1	093966330007
093966510522	OV HALF & HALF PINT	2.8000	2.8000	3.89	DAIRY - FLUID	9	2	-1.00		1	093966510522
093966811209	O.V. BROWN EGGS	0.0000	0.0000	6.95	DAIRY - OTHER	10	2	0.00		1	093966811209
094187010136	C/VALET ALEVE 2S	1.2500	1.2500	2.08	HEALTH & BEAUTY CARE	21	1	0.00		1	094187010136
094187010914	C/VALET ADHESIVE STRIPS 5	0.5857	0.5850	0.98	HEALTH & BEAUTY CARE	21	10	8.00		1	094187010914
094187011393	C/VALET CLEAR EYES .2Z CA	2.4467	2.5667	4.28	HEALTH & BEAUTY CARE	21	7	0.00		1	094187011393
094187011409	C/VALET CONTACT LENS CASE	0.8950	0.8950	1.49	HEALTH & BEAUTY CARE	21	7	0.00		1	094187011409
094187012314	C/VALET EAR PLUGS FOAM NO	0.8767	0.8767	0.90	HEALTH & BEAUTY CARE	21	0	10.00		1	094187012314
094187013526	C/VALET HAIR BRUSH W3915-	2.8400	2.8400	4.73	HEALTH & BEAUTY CARE	21	6	0.00		1	094187013526
094187014714	C/VALET SCOPE M/WASH 1.5Z	1.2383	1.2383	2.06	HEALTH & BEAUTY CARE	21	8	-2.00		1	094187014714
094187015759	C/VALET PLAYING CARDS	1.3800	1.3800	2.39	GENERAL MERCHANDISE	22	12	0.00		1	094187015759
094187017517	C/VALET HERB ESSEN SHAMP 2Z NRML	1.2706	1.4283	2.38	HEALTH & BEAUTY CARE	21	6	5.00		1	094187017517
094187017524	C/VALET HERB ESSEN COND 2Z NRML	1.4283	1.4283	2.38	HEALTH & BEAUTY CARE	21	6	17.00		1	094187017524
094187018200	C/VALET TWEEZER             1820	1.0878	1.0950	1.82	HEALTH & BEAUTY CARE	21	6	0.00		1	094187018200
094187018491	C/VALET T/PASTE COLGATE .	1.3150	1.3150	2.19	HEALTH & BEAUTY CARE	21	8	-1.00		1	094187018491
094187030035	C/VALET TIRE GAUGE     10	1.3967	1.3967	2.33	AUTOMOTIVE PRODUCTS	24	3	1.00		1	094187030035
094187030080	C/VALET AUTO BULB #1157 2	0.8290	0.8433	1.41	AUTOMOTIVE PRODUCTS	24	3	6.00		1	094187030080
094187030165	C/VALET BOOSTER CABLE 8FT	13.1300	13.1300	21.88	AUTOMOTIVE PRODUCTS	24	3	0.00		1	094187030165
094187030226	C/VALET DELUXE TIE DOWN 3	1.3133	1.3133	2.19	AUTOMOTIVE PRODUCTS	24	3	0.00		1	094187030226
094187030257	C/VALET FUSE GLASS ASST 6CT	0.6000	0.6000	1.00	AUTOMOTIVE PRODUCTS	24	3	0.00		1	094187030257
094187030387	C/VALET TIRE REPAIR KIT	2.3367	2.3367	3.89	AUTOMOTIVE PRODUCTS	24	3	0.00		1	094187030387
094187030486	C/VALET TAPE/ELECTRCAL 3/	1.2350	1.2350	2.09	GENERAL MERCHANDISE	22	4	0.00		1	094187030486
094187030516	C|VALET MINIBLADE FUSES	0.0000	0.0000	3.59	AUTOMOTIVE PRODUCTS	24	3	-4.00		1	094187030516
094187030561	C/VALET FUSE MINI 5CT W/P	1.9717	1.9717	3.29	AUTOMOTIVE PRODUCTS	24	3	21.00		1	094187030561
094187030837	C/VALET TAPE/DUCT 2X120IN	1.9250	1.9250	3.29	GENERAL MERCHANDISE	22	4	0.00		1	094187030837
094187030950	C/VALET 6IN1 SCRWDRIVER P	3.1350	3.1350	5.29	GENERAL MERCHANDISE	22	8	4.00		1	094187030950
094187040058	C/VALET CAN OPENER - PIER	1.4333	1.4333	2.39	HOUSEHOLD/CLEANING	20	2	0.00		1	094187040058
094187040225	PADLOCK AND KEY	7.3400	7.3400	9.16	GENERAL MERCHANDISE	22	8	0.00		1	094187040225
094187040379	C/VALET SUPER GLUE	0.9433	0.9433	1.59	GENERAL MERCHANDISE	22	4	0.00		1	094187040379
094187040416	C/VALET CORKSCREW WAITERS	2.8050	2.8050	4.69	GENERAL MERCHANDISE	22	8	0.00		1	094187040416
094187067123	C/VALET KOTEX SUPER 2S	1.0897	1.1050	1.84	HEALTH & BEAUTY CARE	21	3	3.00		1	094187067123
094187068625	C/VALET CREST GLIDE DENTA	1.0483	1.0483	1.75	HEALTH & BEAUTY CARE	21	8	0.00		1	094187068625
094187218495	NEW ITEM	0.0000	0.0000	0.00	HEALTH & BEAUTY CARE	21	8	0.00		1	094187218495
094187307304	C/VALET AUTO BULB #3157 1	1.2517	1.2517	2.09	AUTOMOTIVE PRODUCTS	24	3	0.00		1	094187307304
094187815137	C/VALET ANTISPTC ONTMNT/STRIPS	0.9617	0.9617	1.60	HEALTH & BEAUTY CARE	21	10	15.00		1	094187815137
094664038776	CAMJAM TRUCK STRAP  12FT	8.8900	8.8900	14.82	AUTOMOTIVE PRODUCTS	24	0	2.00		1	094664038776
094664038790	CAMJAM TRUCK STRAP 6FT	7.7800	7.7800	12.97	AUTOMOTIVE PRODUCTS	24	0	3.00		1	094664038790
094799010029	GRAHAM'S RUBY PORT WINE 750ML	0.0000	21.9900	28.99	LIQUOR STORE	5	2	1.00		1	094799010029
094922220844	OTTO'S  DREAM SAUV BLANC 750ML	16.5163	17.9900	13.99	LIQUOR STORE	5	2	9.00		1	094922220844
094922786043	QDR TONIC WATER	4.7904	4.7904	7.90	COLD BEVERAGES	7	2	0.00		1	094922786043
095437112112	CHINO HUMN HRVST LG BRWN	2.1406	2.2068	3.15	DAIRY - OTHER	10	2	0.00		1	095437112112
095437125013	CHINO FREE RNG LRG B	2.6160	2.6160	5.17	DAIRY - OTHER	10	2	0.00		1	095437125013
095437125488	CHINO VALLEY EGGS	5.2896	5.2896	7.02	DAIRY - OTHER	10	2	1.00		1	095437125488
095437125501	CHINO LRG BRN GRAD A	4.9030	4.9030	7.00	DAIRY - OTHER	10	2	0.00		1	095437125501
095684300089	CA FARM SWTND CNDSD MILK	2.3562	2.3571	3.55	DAIRY - FLUID	9	0	-2.00		1	095684300089
096749000067	ELIJAH CRAIG WHISKY 750ML	0.0000	34.9900	34.99	LIQUOR STORE	5	3	4.00		1	096749000067
096749031535	LARCENY BOURB 1750ML	56.9900	56.9900	57.99	LIQUOR STORE	5	3	0.00		1	096749031535
096787107629	POST CARD GROSVENOR	0.0000	0.0000	0.75	GENERAL MERCHANDISE	22	5	0.00		1	096787107629
096931020057	POTATOES  RED OG 5LB	7.1400	6.7900	7.91	PRODUCE	18	2	20.00		1	096931020057
096931030056	POTATOES YUKON 5LB BAG	6.1300	6.1300	8.76	PRODUCE	18	2	0.00		1	096931030056
097257784821	PPRN POPPR	10.2500	10.2500	17.99	CAMPING & OUTDOORS	43	5	2.00		1	097257784821
097985276001	LUSTAU AMONT  DRY SHERRY 750ML	0.0000	19.9900	19.99	LIQUOR STORE	5	2	5.00		1	097985276001
098308002826	BTB VEGETABLE BASE	5.9584	5.9712	9.95	EDIBLE GROCERY	19	9	0.00		1	098308002826
098709088580	CATENA MALBEC 750ML	26.9900	26.9900	26.99	LIQUOR STORE	5	2	0.00		1	098709088580
099482474881	365 PISTACHIOS	0.0000	0.0000	9.89	SNACKS - OTHER	17	5	0.00		1	099482474881
099482477189	365 FLAX OG	0.0000	0.0000	7.89	SNACKS - OTHER	17	5	0.00		1	099482477189
099482478094	365 ICECREAM STRAWBRY	0.0000	0.0000	0.00	ICE CREAM	12	1	0.00		1	099482478094
099482513887	365 SPRING WATER	0.0000	0.0000	3.44	WATERS - BEVERAGES	31	2	0.00		1	099482513887
099482526450	365 TEMPEH OG	0.0000	0.0000	5.99	EDIBLE GROCERY	19	0	0.00		1	099482526450
099482533267	365 FLATBREAD CRACKERS	0.0000	0.0000	4.85	SNACKS - SALTY	15	5	0.00		1	099482533267
099900001477	BUTTERFINGER 3.7OZ	1.5000	1.5000	2.50	CANDY	8	2	0.00		1	099900001477
099900100873	BUTTERFINGER	1.0633	1.0633	1.77	CANDY	8	2	35.00		1	099900100873
099900625468	BABY RUTH	0.7571	0.7571	1.26	CANDY	8	2	0.00		1	099900625468
099900694235	100 GRAND BAR 1.5 OZ EA	0.7336	0.7336	1.22	CANDY	8	0	0.00		1	099900694235
099900908363	CRUNCH	1.0392	1.0392	1.75	CANDY	8	2	6.00		1	099900908363
100000000946	12 OZ PICKLE  INDIGO	9.4998	9.5000	14.00	EDIBLE GROCERY	19	7	34.00		1	100000000946
100000000953	CARD HOT SAUCE  INDIGO	10.0000	10.0000	14.00	EDIBLE GROCERY	19	7	0.00		1	100000000953
100000000960	KIMCHI/KRAUT INDIGO	12.0000	12.0000	17.00	EDIBLE GROCERY	19	10	48.00		1	100000000960
100000000977	8 OZ PICKLE INDIGO	9.2500	9.2500	12.75	EDIBLE GROCERY	19	0	8.00		1	100000000977
100000001035	TEA TOWEL INDIGO	10.0000	10.0000	15.00	GENERAL MERCHANDISE	22	6	0.00		1	100000001035
100000009093	KLEEN KANTEEN 27OZ	13.0000	13.0000	20.00	CAMPING & OUTDOORS	43	1	0.00		1	100000009093
100000009109	KLEEN KANTEEN 40OZ	19.0000	19.0000	29.23	CAMPING & OUTDOORS	43	1	0.00		1	100000009109
100000011058	10  CANDLE	12.0000	12.0000	16.00	GENERAL MERCHANDISE	22	0	4.00		1	100000011058
100000018712	KANDIS CARD	0.0000	0.0000	5.00	GENERAL MERCHANDISE	22	5	0.00		1	100000018712
100000018729	MELODY PERDIKIS CARD	3.5000	3.5000	6.25	GENERAL MERCHANDISE	22	5	45.00		1	100000018729
100000018736	MARY MC POSTCARD	2.0000	2.0000	6.00	GENERAL MERCHANDISE	22	5	2.00		1	100000018736
100000018743	ALL POSTCARDS	4.0000	4.0000	6.00	GENERAL MERCHANDISE	22	5	11.00		1	100000018743
100000021057	12  CANDLE	15.0000	15.0000	20.00	GENERAL MERCHANDISE	22	6	2.00		1	100000021057
100000022115	RED RK GRL NKLC	15.0000	15.0000	30.00	JEWELERY	104	0	0.00		1	100000022115
100000022122	RED RK GRL EARINGS	15.0000	15.0000	30.00	JEWELERY	104	0	0.00		1	100000022122
100000050019	MUD MKR SHOT GLASS CERAMIC	5.8867	5.7500	10.99	GENERAL MERCHANDISE	22	6	15.00		1	100000050019
100000055250	PRISKA CARD	1.8791	2.0000	4.75	GENERAL MERCHANDISE	22	5	0.00		1	100000055250
100000055267	REED CARD	3.3126	3.3077	6.25	GENERAL MERCHANDISE	22	0	0.00		1	100000055267
100000060124	DREAMCATCH SM	15.0000	15.0000	22.00	GENERAL MERCHANDISE	22	6	0.00		1	100000060124
100000060131	DREAMCATCH MED	20.0000	20.0000	28.00	GENERAL MERCHANDISE	22	6	3.00		1	100000060131
100000060148	DREAMCATCH LG	20.0000	20.0000	28.00	GENERAL MERCHANDISE	22	6	1.00		1	100000060148
100000061053	6  CANDLE	6.0000	6.0000	8.50	GENERAL MERCHANDISE	22	6	7.00		1	100000061053
100000065983	UTAH MUG ENAMEL	0.0000	0.0000	15.00	GENERAL MERCHANDISE	22	6	0.00		1	100000065983
100000071052	SPECIAL CANDLE	8.1917	8.8000	14.00	GENERAL MERCHANDISE	22	6	6.00		1	100000071052
100000075593	ANCHO KETCHUP	9.0000	9.0000	12.00	EDIBLE GROCERY	19	7	0.00		1	100000075593
100000081051	8  CANDLE	10.0000	10.0000	14.00	GENERAL MERCHANDISE	22	6	9.00		1	100000081051
100000086568	ECLIPSE MAGNET	5.0000	5.0000	10.00	GENERAL MERCHANDISE	22	6	0.00		1	100000086568
100000086575	ECLIPSE ORNAMENT	5.0000	5.0000	10.00	GENERAL MERCHANDISE	22	6	0.00		1	100000086575
100000086865	NT RVN CREAM 4oz	30.0000	30.0000	40.00	HEALTH & BEAUTY CARE	21	6	8.00		1	100000086865
100000086872	NT RVN SALVE 1oz	8.0000	8.0000	11.00	HEALTH & BEAUTY CARE	21	6	2.00		1	100000086872
100000086889	NT RVN SALVE 2oz	15.0000	15.0000	20.00	HEALTH & BEAUTY CARE	21	6	5.00		1	100000086889
100000086896	NT RVN SALVE 4oz	30.0000	30.0000	40.00	HEALTH & BEAUTY CARE	21	6	5.00		1	100000086896
100000086902	NT RVN LIP BALM 1 OZ	5.0000	8.0000	11.00	HEALTH & BEAUTY CARE	21	6	0.00		1	100000086902
100000086919	SEEDS BSF	3.9921	4.0000	5.75	HOUSEHOLD/CLEANING	20	6	0.00		1	100000086919
100000090008	S&S NECKLACE $32	27.0000	27.0000	32.00	JEWELERY	104	0	0.00		1	100000090008
100000090015	S&S ANTLER EARRINGS	45.0000	45.0000	60.00	GENERAL MERCHANDISE	22	6	5.00		1	100000090015
100000090053	S&S NECKLACE $30	25.0000	25.0000	30.00	JEWELERY	104	0	1.00		1	100000090053
100000090060	S&S IVORY NECKLACE	0.0000	0.0000	45.00	JEWELERY	104	0	0.00		1	100000090060
100000090077	S&S IVORY EARRINGS	70.0000	70.0000	88.00	GENERAL MERCHANDISE	22	6	0.00		1	100000090077
100000090084	S&S ANTLER EARRING PLATED	25.0000	25.0000	32.00	JEWELERY	104	0	0.00		1	100000090084
100000090091	S&S ANTLER EARRING TTNM/CPR	24.0000	24.0000	36.00	JEWELERY	104	0	0.00		1	100000090091
100000090107	S&S ANTLER NECKLACE	25.0000	25.0000	35.00	JEWELERY	104	0	2.00		1	100000090107
100000090114	ANTLER RING S&S	20.1473	20.0000	34.00	JEWELERY	104	0	9.00		1	100000090114
100000090121	S&S SPOON	41.2500	40.0000	53.00	GENERAL MERCHANDISE	22	6	2.00		1	100000090121
100000090138	S&S BOLO TIE	45.0000	45.0000	60.00	GENERAL MERCHANDISE	22	7	0.00		1	100000090138
100000090145	S&S BIGHORN EARRINGS	48.3333	55.0000	75.00	GENERAL MERCHANDISE	22	6	3.00		1	100000090145
100000090152	S&S BIGHORN NECKLACE	30.0000	30.0000	43.00	JEWELERY	104	0	2.00		1	100000090152
100000090909	NIGHT RAVEN MASSAGE OIL	30.0000	30.0000	40.00	HEALTH & BEAUTY CARE	21	6	2.00		1	100000090909
100000095959	SHOOKE FRUITA	9.8200	9.8200	16.25	EDIBLE GROCERY	19	1	0.00		1	100000095959
100000296028	SWK VEGAN SOUP/STEW	0.0000	0.0000	13.33	FROZEN FOODS	13	1	0.00		1	100000296028
100000300008	DES ACNT HAIR CLIP $15	8.0000	8.0000	15.00	HEALTH & BEAUTY CARE	21	6	0.00		1	100000300008
100000300015	DES ACNT HAIR CLIP	19.7000	19.7000	35.00	GENERAL MERCHANDISE	22	0	0.00		1	100000300015
100000300022	MOTHER MOON PIN	6.5161	5.0000	13.00	GENERAL MERCHANDISE	22	6	0.00		1	100000300022
100000300992	DES ACNT BANDANA SLIDE	10.0000	10.0000	16.67	GENERAL MERCHANDISE	22	0	2.00		1	100000300992
100000400012	BEE MAGICAL SALVE LG	28.0000	28.0000	40.00	HEALTH & BEAUTY CARE	21	6	2.00		1	100000400012
100000400029	BEE MAGICAL SALVE SM	18.0000	18.0000	25.00	HEALTH & BEAUTY CARE	21	6	0.00		1	100000400029
100000951019	SHOOKE BLDR MTN	10.8200	10.8200	17.00	EDIBLE GROCERY	19	1	2.00		1	100000951019
100000951026	SHOOKE MEXICO	10.8600	10.8600	16.43	EDIBLE GROCERY	19	1	-2.00		1	100000951026
100000951088	SHOOKE VALLEY ESPRESSO	10.8200	10.8200	17.00	EDIBLE GROCERY	19	1	4.00		1	100000951088
100000951095	SHOOKE MEXICO ALTURA	10.6715	10.8600	18.00	EDIBLE GROCERY	19	1	1.00		1	100000951095
100000951149	SHOOKE BRAZIL	11.1000	11.1000	17.50	EDIBLE GROCERY	19	1	7.00		1	100000951149
100000951156	SHOOKE TEMPLE MOON	10.8200	10.8200	17.00	EDIBLE GROCERY	19	1	0.00		1	100000951156
100000951163	SHOOKE PERU	10.6067	10.7800	16.23	EDIBLE GROCERY	19	1	1.00		1	100000951163
100000951170	SHOOKE CATHERAL VALLEY	10.8200	10.8200	17.00	EDIBLE GROCERY	19	1	4.00		1	100000951170
100000951187	SHOOKE ETHIOPIA	11.4600	11.4600	17.00	EDIBLE GROCERY	19	1	3.00		1	100000951187
100000952214	SHOOKE HONDURAS	11.2200	11.2200	17.00	EDIBLE GROCERY	19	1	0.00		1	100000952214
100000952221	SHOOKE GUAT LOS VOLC	10.0600	10.0600	17.00	EDIBLE GROCERY	19	1	4.00		1	100000952221
100005296030	SWK MEAT STEW	0.0000	0.0000	13.33	FROZEN FOODS	13	1	0.00		1	100005296030
100005296047	SWK MEAT BURRITOS	0.0000	0.0000	13.33	FROZEN FOODS	13	1	0.00		1	100005296047
100005296054	SWK VEGAN BURRITO	0.0000	0.0000	13.33	FROZEN FOODS	13	0	0.00		1	100005296054
100005869432	MANG COSMETIC BAG	8.6667	8.6667	16.00	GENERAL MERCHANDISE	22	6	3.00		1	100005869432
100005869449	MANG ZIP POUCH	4.2560	4.2560	8.00	GENERAL MERCHANDISE	22	6	3.00		1	100005869449
100008000016	BURRITO CHORIZO	0.0000	0.0000	7.00	FOOD TO-GO PREPARED FRESH	29	0	0.00		1	100008000016
100008000023	BURRITO FOOD TRUCK	0.0000	0.0000	8.00	FOOD TO-GO PREPARED FRESH	29	0	-11.00		1	100008000023
100008000030	BURRITO VEGGIE	0.0000	0.0000	7.00	FOOD TO-GO PREPARED FRESH	29	0	0.00		1	100008000030
100008956122	ROAMIN BISON PIN ENAMEL	7.7477	7.7477	15.50	GENERAL MERCHANDISE	22	6	13.00		1	100008956122
1001792910002	R.S ACTIVE DRY YEAST	2.1422	2.1422	3.06	EDIBLE GROCERY	19	4	0.00		1	1001792910002
10074804032113	NEW ITEM	0.0000	0.0000	0.00	AUTOMOTIVE PRODUCTS	24	3	2.00		1	10074804032113
10101	NATE's HONEY PACKET	0.4987	0.5052	0.99	EDIBLE GROCERY	19	7	0.00		1	10101
103000000046	10 OZ COFFEE (SMALL)	0.3000	0.3000	1.20	HOT BEVERAGES	30	1	-706.00		1	103000000046
103000000053	REFILL COFFEE 10 OZ	0.0000	0.0000	0.95	HOT BEVERAGES	30	1	-104.00		1	103000000053
10319	RUMIANO PEPPER JACK CHS	19.5100	19.5100	27.87	DAIRY - OTHER	10	1	0.00		1	10319
10439	CARHART OVERALLS	50.0000	50.0000	60.00	CAMPING & OUTDOORS	43	0	0.00		1	10439
104444	JEWELRY MISC	0.0000	0.0000	2085.00	JEWELERY	104	0	1.00		1	104444
108124100009		0.0000	0.0000	0.00	SNACKS - OTHER	17	1	0.00		1	108124100009
10812410000757	FRESHE ENT MRCCN TAGINE	4.6554	4.6554	6.09	EDI/UNKNOWN	99	0	10.00		1	10812410000757
1085002426736	HU DK CHOC PMPKN SPC	0.0000	0.0000	0.00	CANDY	8	2	0.00		1	1085002426736
1099	GINGERSNAP GRANOLA	0.0000	0.0000	3.99	EDIBLE GROCERY	19	2	-21.00		1	1099
1110	EMP PRODUCE BOX	26.0300	26.0300	30.00	PRODUCE	18	0	0.00		1	1110
11100	BEE BRO HNY CARARMEL SNGL	0.3900	0.3900	0.65	CANDY	8	3	221.00		1	11100
1111	PRODUCE BOX	25.6491	26.0316	35.00	PRODUCE	18	0	0.00		1	1111
11114	CREAMIES BANANA	0.3756	0.3756	0.63	ICE CREAM	12	2	0.00		1	11114
1112	SWEET POTATO	3.2307	3.2307	4.62	PRODUCE	18	2	0.00		1	1112
11122	CAPUTO CHOCOLATES 5 PIECE	9.2400	9.2400	15.40	CANDY	8	4	0.00		1	11122
112907680015	SD CARD	2.9980	2.9980	6.00	GENERAL MERCHANDISE	22	4	0.00		1	112907680015
11926	GMAS TORTILLA	3.9747	3.9742	5.86	BREADS	14	0	1.00		1	11926
1234567895	test mimi	0.0000	0.0000	0.00	GRAB & GO FOODS	11	0	0.00		1	123456784
141	SINCLAIR COOLIE	0.0000	0.0000	1.99	GENERAL MERCHANDISE	22	6	16.00		1	141
1616	BOULDER PEACHES	0.2462	0.2326	0.50	PRODUCE	18	3	0.00		1	1616
1639	SUNGLASS $10.95	2.7776	2.8889	10.95	CAMPING & OUTDOORS	43	6	137.00		1	1639
165845612549	ESSENTIAL OIL DISP	13.0000	13.0000	22.00	GENERAL MERCHANDISE	22	6	-1.00		1	165845612549
180410000774	NBE ADHESIVE TAPE WTRPROO	1.2700	1.2700	2.39	HEALTH & BEAUTY CARE	21	10	1.00		1	180410000774
180410000927	ROLLED GAUZE	1.3083	1.3400	2.23	HEALTH & BEAUTY CARE	21	10	0.00		1	180410000927
180626000216	STUMP COLD BREW COFF BTL	3.2714	3.1469	5.44	COLD BEVERAGES	7	5	29.00		1	180626000216
181091012612	CLEAR CREEK MER SOCK BLK	4.4400	4.4400	8.99	GENERAL MERCHANDISE	22	7	0.00		1	181091012612
181091012629	CLEAR CREEK MER SOCK BRWN	4.4400	4.4400	10.99	GENERAL MERCHANDISE	22	7	0.00		1	181091012629
181091012636	CLEAR CREEK MER SOCK DNM	4.4400	4.4400	10.99	GENERAL MERCHANDISE	22	7	0.00		1	181091012636
181091012643	CLEAR CREEK MER SOCK GRN	4.4400	4.4400	10.99	GENERAL MERCHANDISE	22	7	0.00		1	181091012643
181091012650	CLEAR CREEK MER SOCK LTGRY	4.4400	4.4400	8.99	GENERAL MERCHANDISE	22	7	0.00		1	181091012650
181945000062	GO MACRO PBTR/CCHIP	2.0557	2.6225	3.43	SNACKS - OTHER	17	3	0.00		1	181945000062
181945000109	GO MACRO CHERRY BERRY	2.1200	2.1200	3.53	SNACKS - OTHER	17	3	0.00		1	181945000109
181945000154	GOMACRO BAN/ALM BTR	2.6225	2.6225	4.37	SNACKS - OTHER	17	3	7.00		1	181945000154
183838000036	BONNE TARTLET CHOC CRML	4.4832	4.4832	6.90	SNACKS - BAKERY	16	3	2.00		1	183838000036
185814000252	OG1 TRU SPR GRN LENTILS	5.1202	5.1202	0.00	EDI/UNKNOWN	99	0	0.00		1	185814000252
185883000023	OBSIDIAN CHARDONNAY 750ML	28.9900	28.9900	28.99	LIQUOR STORE	5	2	0.00		1	185883000023
186852000242	TGS SSALT CARAMEL GELATO	5.2564	5.2564	7.01	ICE CREAM	12	1	1.00		1	186852000242
186852000327	TALENTI CRBN COC	3.0726	3.1508	4.20	ICE CREAM	12	1	0.00		1	186852000327
186852000334	TGS CARAMEL CKY GELATO	5.2564	5.2564	6.91	ICE CREAM	12	1	-1.00		1	186852000334
186852000341	TGS DBL DARK CHOC GELATO	5.2564	5.2564	7.01	ICE CREAM	12	1	0.00		1	186852000341
186852000365	TGS MEDIT MINT GELATO	5.2564	5.2564	7.01	ICE CREAM	12	1	2.00		1	186852000365
186852000372	TALENTI PISTACHIO PINT	5.2564	5.2564	7.01	ICE CREAM	12	1	3.00		1	186852000372
186852000389	TGS VANILLA BEAN GELATO	5.1834	5.1834	6.91	ICE CREAM	12	1	0.00		1	186852000389
186852000495	TGS COFF CCHIP GELATO	5.2564	5.2564	7.01	ICE CREAM	12	1	1.00		1	186852000495
186852000600	TGS STHRN BTR PEC GELATO	5.1068	5.1068	6.81	ICE CREAM	12	1	0.00		1	186852000600
186852000617	TGS BLK RASP CCHP GELATO	5.1834	5.1834	6.91	ICE CREAM	12	1	0.00		1	186852000617
186852000679	TGS PEPPERMINT BARK GLTO	5.1068	5.1068	6.81	ICE CREAM	12	1	0.00		1	186852000679
186852000822	TALENTI ROMAN RASP SORB	5.2564	5.2564	7.01	ICE CREAM	12	1	1.00		1	186852000822
186852000846	TGS MANGO SORBET	5.2564	5.2564	7.51	ICE CREAM	12	3	0.00		1	186852000846
186852000945	TGS CHOC PBTR GEL	5.2564	5.2564	7.01	ICE CREAM	12	1	12.00		1	186852000945
186852001096	TGS SLTD CRML LAYERS	6.4866	6.4866	8.65	ICE CREAM	12	1	0.00		1	186852001096
186852001270	TSC PIE SEAS SPECIAL FLV	6.4866	6.4866	8.65	ICE CREAM	12	1	0.00		1	186852001270
186852001416	TGS GLATO LYR CHOC PRTZL	5.7437	5.7437	7.66	ICE CREAM	12	0	0.00		1	186852001416
186852001478	TGS GELATO VAN PBTR SWRL	5.1068	5.1068	6.81	ICE CREAM	12	1	0.00		1	186852001478
186852001560	TGS CRML GNGRBRD GELATO	5.1068	5.1068	6.81	ICE CREAM	12	1	0.00		1	186852001560
186852001706	TGS SMMR STRWBRRY SORBET	5.2564	5.2564	7.01	ICE CREAM	12	3	3.00		1	186852001706
1871	PHOENIX CARD	3.0087	4.0000	5.00	GENERAL MERCHANDISE	22	5	52.00		1	1871
187132005018	ALAF EVDAY SHEA LTN LAV	11.0508	11.8547	16.46	HEALTH & BEAUTY CARE	21	6	3.00		1	187132005018
187300000012	KANDIS PRINT	0.0000	0.0000	18.00	GENERAL MERCHANDISE	22	5	3.00		1	187300000012
190646630263	OATLY DESSRT ND CHOC CHP	4.2543	4.2542	5.67	ICE CREAM	12	3	0.00		1	190646630263
190646630430	OATLY DSRT SLTD CRML ND	4.2543	4.2542	5.67	ICE CREAM	12	3	0.00		1	190646630430
190646630447	OATLY DSRT RASP SWRL ND	4.2543	4.2542	5.67	ICE CREAM	12	3	0.00		1	190646630447
190646630478	OATLY DSRT CCHIP CKY DGH	4.3714	4.3714	5.83	ICE CREAM	12	3	0.00		1	190646630478
192132350006	Cow  Bull -  #664 Black Angu	0.0000	0.0000	2500.00	CONSIGNMENT - NO TAX	102	1	0.00		1	192132350006
193476003917	WHITE VINEGAR 128 OZ	2.7150	2.7150	4.53	HOUSEHOLD/CLEANING	20	4	0.00		1	193476003917
193908005144	RXBAR AM CHOC COCOA BAR	2.0557	2.0557	3.43	SNACKS - OTHER	17	3	0.00		1	193908005144
193908005175	RXBAR AM HNY CINN PB BAR	2.1622	2.1622	3.60	SNACKS - OTHER	17	3	2.00		1	193908005175
193937000295	MOFU NOODLE SOY SCALLION	9.2699	9.2699	13.22	EDIBLE GROCERY	19	6	4.00		1	193937000295
193937000301	MOFU NOODLE SPICY SOY	9.2689	9.2699	16.11	EDIBLE GROCERY	19	6	1.00		1	193937000301
193937000318	MOFU NOODLE TINGLY CHILI	9.2699	9.2699	14.05	EDIBLE GROCERY	19	6	2.00		1	193937000318
193937000677	MOFU NOODLES SWT SPICY	9.1026	9.2699	13.24	EDIBLE GROCERY	19	6	0.00		1	193937000677
1942	GUATE FOOTBAG SNGL	2.2200	2.2200	4.99	CAMPING & OUTDOORS	43	4	0.00		1	1942
194575050413	MLKBR CRMB CK CHOC PRTZL	1.7782	1.7782	2.96	SNACKS - BAKERY	16	0	0.00		1	194575050413
194575060504	MILKBR IC STRAW BTR CRKR	0.0000	0.0000	0.00	ICE CREAM	12	1	0.00		1	194575060504
194575060603	MLKBR ICRM GNGRBRD LTTE	5.2053	5.2053	6.94	ICE CREAM	12	1	0.00		1	194575060603
195166230993	CLUE GRABNGO	6.5500	6.5500	10.99	GENERAL MERCHANDISE	22	12	12.00		1	195166230993
195166231006	BATTLESHIP GRABNGO	6.5500	6.5500	10.99	GENERAL MERCHANDISE	22	12	0.00		1	195166231006
195166231013	TROUBLE GRABNGO	6.5500	6.5500	10.99	GENERAL MERCHANDISE	22	12	-1.00		1	195166231013
195166231020	CONNECT 4 GRABNGO	6.5500	6.5500	10.99	GENERAL MERCHANDISE	22	12	0.00		1	195166231020
196281680007	Cow  Heifer -  #664 Black Angus SVB	0.0000	0.0000	2500.00	CONSIGNMENT - NO TAX	102	1	0.00		1	196281680007
400480000246	Cow  Heifer -  #626 Black Angus	0.0000	0.0000	2500.00	CONSIGNMENT - NO TAX	102	1	0.00		1	196281702
196852612864	UNITA BLUE SLTZ 12PK	15.2900	15.2900	23.49	BEER-GS	4	5	4.00		1	196852612864
197644231416	BRS RASP WHT DK CHC CVRD	2.8695	2.8695	4.10	ICE CREAM	12	0	0.00		1	197644231416
197644935628	BRS RASP WHT MLK CHC CVR	2.8695	2.8695	4.10	ICE CREAM	12	0	0.00		1	197644935628
198168730508	IC4B COFF NIB CACAO ICRM	6.0672	6.0672	9.33	ICE CREAM	12	1	0.00		1	198168730508
198168739242	IC4B HONEY SWIRL ICRM	6.0672	6.0672	7.98	ICE CREAM	12	1	1.00		1	198168739242
198168814468	IC4B MINT CHIP ICRM	5.8271	5.7970	8.43	ICE CREAM	12	1	1.00		1	198168814468
200001005435	MUSHROOM TEA TOWEL	6.5000	6.5000	13.00	HOUSEHOLD/CLEANING	20	2	4.00		1	200001005435
200001013584	PLANT DISHCLOTH	2.7500	2.7500	5.50	HOUSEHOLD/CLEANING	20	2	3.00		1	200001013584
200006000121	BOULDER BOX	20.0000	20.0000	35.00	GENERAL MERCHANDISE	22	6	5.00		1	200006000121
20252	ALLMAN SUNGLASS	7.0000	7.0000	12.95	CAMPING & OUTDOORS	43	6	0.00		1	20252
220000000019	BLACKBURN 5 GAL EXCHANGE	18.5000	18.5000	25.99	GENERAL MERCHANDISE	22	11	64.00		1	220000000019
220000000026	NEW PROPANE TANK	42.4900	42.4900	60.70	GENERAL MERCHANDISE	22	11	1.00		1	220000000026
220000000033	OLD VALVE FEE	36.0000	36.0000	36.00	GENERAL MERCHANDISE	22	11	0.00		1	220000000033
2213	MAGNET  LOCAL BTL TOP	4.0000	4.0000	5.00	GENERAL MERCHANDISE	22	6	4.00		1	2213
222220202020	OTHER LOCAL EGGS	5.0395	6.0000	8.00	DAIRY - OTHER	10	2	228.00		1	222220202020
222220202037	ROCKPILE EGGS	2.8468	3.0000	5.45	DAIRY - OTHER	10	2	0.00		1	222220202037
222220202044	SUGARLOAF EGGS	4.0000	4.0000	5.25	DAIRY - OTHER	10	2	0.00		1	222220202044
224862350817	FAIRMEADOW EGGS	5.2100	5.2100	6.51	DAIRY - OTHER	10	2	0.00		1	224862350817
23237	LG POST CARDS	0.0000	0.0000	1.99	GENERAL MERCHANDISE	22	5	53.00		1	23237
232323232329	POST CARD OTHER	0.0000	0.0000	1.69	GENERAL MERCHANDISE	22	5	59.00		1	23238
23239	GRTING CARD OTHER	0.0000	0.0000	4.25	GENERAL MERCHANDISE	22	5	0.00		1	23239
2394	PARM REGG SM WEDGE	10.1300	10.1300	13.16	DAIRY - OTHER	10	1	11.00		1	2394
2394739000683	PARM REGG SM WEDGE	0.0000	0.0000	12.09	EDI/UNKNOWN	99	0	-1.00		1	2394739000683
2395	MOSER SCREAMER 5.3 OZ	9.0000	9.0000	11.69	DAIRY - OTHER	10	1	0.00		1	2395
242911484016	TUBELIESS TIRE REPAIR	2.6750	2.8500	4.99	CAMPING & OUTDOORS	43	3	12.00		1	242911484016
26938	RUMIANO RAW MED CHED CHS	19.5100	19.5100	24.39	DAIRY - OTHER	10	1	0.00		1	26938
277520406104	VIBRAX MINNOW SPIN 3/16	7.2000	7.2000	11.99	CAMPING & OUTDOORS	43	2	12.00		1	277520406104
2859	DUNFORD DONUT	0.0000	0.0000	1.35	SNACKS - BAKERY	16	2	13.00		1	2859
286322514238	HEMOSTAT PLIERS 6 	5.5000	5.5000	8.99	CAMPING & OUTDOORS	43	0	6.00		1	286322514238
29308	RADICCHIO two	5.3821	5.8167	7.27	PRODUCE	18	2	0.00		1	29308
3001	SUNDOG ECLIPSE GLASSES	4.0000	4.0000	5.00	GENERAL MERCHANDISE	22	7	0.00		1	3001
300410825737	ORAL B FLOSS ESSENTIAL MI	2.0800	2.0800	3.59	HEALTH & BEAUTY CARE	21	8	3.00		1	300410825737
300450262257	TYLENOL SINUS CONGESTION/	8.3800	8.3800	13.99	HEALTH & BEAUTY CARE	21	1	0.00		1	300450262257
300450295095	IMODIUM ANTI-DIARRHEAL CA	4.2000	4.2000	7.69	HEALTH & BEAUTY CARE	21	1	0.00		1	300450295095
300450449054	TYLENOL X STR CAPS	0.0000	0.0000	8.19	HEALTH & BEAUTY CARE	21	0	-1.00		1	300450449054
300450482259	TYLENOL PM X STR CAPS	6.1600	6.2600	10.09	HEALTH & BEAUTY CARE	21	1	3.00		1	300450482259
300450488268	TYLENOL RAPID RLS GELCAP	5.2700	5.2700	8.58	HEALTH & BEAUTY CARE	21	1	3.00		1	300450488268
300450551207	SUDAFED PE SINUS CONG/PAI	8.6900	8.6900	14.49	HEALTH & BEAUTY CARE	21	1	3.00		1	300450551207
300450581181	SUDAFED PE SINUS PRES/PAI	8.6900	8.6900	14.49	HEALTH & BEAUTY CARE	21	1	4.00		1	300450581181
300650361026	OPTI FREE LENS SOLTN PURE	3.5500	3.5500	5.38	HEALTH & BEAUTY CARE	21	7	0.00		1	300650361026
300670007096	THERAFLU SEVERE COLD/CGH	8.9000	8.9000	14.89	HEALTH & BEAUTY CARE	21	1	2.00		1	300670007096
300672039248	EXCEDRIN MIGRAINE CAPS AD	5.8035	5.8500	9.75	HEALTH & BEAUTY CARE	21	1	0.00		1	300672039248
300676426068	THERAFLU MLTI-SYM SVR COL	8.4100	8.4100	14.02	HEALTH & BEAUTY CARE	21	1	0.00		1	300676426068
300677918067	THERAFLU SEVERE COLD/CGH	8.8150	8.9000	14.27	HEALTH & BEAUTY CARE	21	1	0.00		1	300677918067
300810730884	NEOSPORIN OINTMENT	5.5650	5.5100	8.97	HEALTH & BEAUTY CARE	21	1	0.00		1	300810730884
301490039045	PEPTO BISMOL	3.9200	3.9200	5.83	HEALTH & BEAUTY CARE	21	1	2.00		1	301490039045
301490039779	PEPTO BISMOL	6.9800	6.9800	10.74	HEALTH & BEAUTY CARE	21	1	0.00		1	301490039779
301953391079	CACHE TEA	8.0857	8.0000	12.50	EDIBLE GROCERY	19	1	20.00		1	301953391079
301953391093	CACHE BEET PKLS	9.0000	9.0000	12.50	EDIBLE GROCERY	19	7	4.00		1	301953391093
301953391109	CACHE ONION PKLS	7.0000	7.0000	10.00	EDIBLE GROCERY	19	7	13.00		1	301953391109
301953391116	CACHE JAM/CHUTNEY	8.0000	8.0000	11.50	EDIBLE GROCERY	19	7	-39.00		1	301953391116
301953391123	CACHE CARROT PKLS	8.1190	8.0000	13.00	EDIBLE GROCERY	19	7	11.00		1	301953391123
301953391147	CACHE JAM	8.0758	8.0000	10.99	EDIBLE GROCERY	19	8	66.00		1	301953391147
305212311006	VASELINE PETRO JELLY	2.6200	2.6200	4.39	HEALTH & BEAUTY CARE	21	6	1.00		1	305212311006
305730147187	ADVIL ACETAMINOPHEN TAB 1	5.0694	5.0600	8.38	HEALTH & BEAUTY CARE	21	1	3.00		1	305730147187
305730150200	ADVIL TABS	5.2200	5.2200	8.09	HEALTH & BEAUTY CARE	21	1	2.00		1	305730150200
305730160209	ADVIL CAPLETS	5.1681	5.1900	8.65	HEALTH & BEAUTY CARE	21	1	0.00		1	305730160209
305730164207	ADVIL PM CAPLETS	5.8000	5.8000	8.88	HEALTH & BEAUTY CARE	21	1	4.00		1	305730164207
305730169202	ADVIL LIQUI-GELS	5.3101	5.3100	8.77	HEALTH & BEAUTY CARE	21	1	4.00		1	305730169202
305730171304	ADVIL CHILD LIQ GRAPE	6.2500	6.2500	10.42	HEALTH & BEAUTY CARE	21	1	0.00		1	305730171304
305730199117	ADVIL SINUS CONGESTION &	7.5600	7.5600	12.59	HEALTH & BEAUTY CARE	21	1	5.00		1	305730199117
306960511540	BOIRON ARNICA GEL	5.0278	5.0278	7.18	HEALTH & BEAUTY CARE	21	6	2.00		1	306960511540
307660746805	TUMS ULTRA RL PEPP	1.2229	1.2083	1.82	HEALTH & BEAUTY CARE	21	1	15.00		1	307660746805
307667250299	TUMS EX CHEWY AST BERRIES	2.1690	2.1656	3.79	HEALTH & BEAUTY CARE	21	1	10.00		1	307667250299
307667388084	TUMS EX RL BERRY ASST	0.6850	0.6850	1.14	HEALTH & BEAUTY CARE	21	1	0.00		1	307667388084
310119039557	B+L RENU ADVANCED MP TRVL	2.9800	2.9800	4.99	HEALTH & BEAUTY CARE	21	7	0.00		1	310119039557
310119043011	B+L RENU ADVANCED MP SOLU	5.2000	5.2000	8.19	HEALTH & BEAUTY CARE	21	7	0.00		1	310119043011
3105	DRAGON CANDLE	10.0000	10.0000	12.50	GENERAL MERCHANDISE	22	6	0.00		1	3105
312546623682	HALLS STICK STRAWBERRY	1.0450	1.0450	1.74	HEALTH & BEAUTY CARE	21	1	0.00		1	312546623682
312546627710	HALLS CHERRY	1.1630	1.1630	1.99	HEALTH & BEAUTY CARE	21	8	2.00		1	312546627710
312547170314	BENADRYL ULTRA TAB	6.9100	6.9100	10.20	HEALTH & BEAUTY CARE	21	1	4.00		1	312547170314
312547204309	ZYRTEC ALLERGY 24HR 10MG	8.1300	8.1300	13.59	HEALTH & BEAUTY CARE	21	1	1.00		1	312547204309
312547493789	VISINE EYE DROPS/ALLRGY R	8.9200	8.9200	12.09	HEALTH & BEAUTY CARE	21	7	2.00		1	312547493789
312547493802	VISINE RED EYE COMFORT	6.0300	6.0300	8.47	HEALTH & BEAUTY CARE	21	7	3.00		1	312547493802
312547493833	VISINE REDEYE HYD COMFORT	2.4900	2.4900	4.59	HEALTH & BEAUTY CARE	21	7	0.00		1	312547493833
312547493840	VISINE EYE DROPS REDEYE H	6.1600	6.1600	10.63	HEALTH & BEAUTY CARE	21	7	0.00		1	312547493840
312843555365	BAYER ASPIRIN GENUINE	3.8900	3.8900	6.48	HEALTH & BEAUTY CARE	21	1	6.00		1	312843555365
313000001039	HANDKERCHIEF	8.5000	8.5000	17.00	CAMPING & OUTDOORS	43	0	-27.00		1	313000001039
313000001046	HANDKERCHEIF 34 	11.0000	11.0000	22.00	CAMPING & OUTDOORS	43	0	0.00		1	313000001046
313000001053	HEADBAND HANDKER	9.0000	9.0000	18.00	GENERAL MERCHANDISE	22	7	8.00		1	313000001053
323575112917	BAJA Shirt	7.0000	7.0000	20.00	GENERAL MERCHANDISE	22	7	0.00		1	323575112917
323575189452	BUFF NICKEL LEATHER HAT	17.5000	17.5000	30.00	GENERAL MERCHANDISE	22	7	0.00		1	323575189452
323900013964	ZZZQUIL SLEEP AID LIQUID	6.2600	6.2600	10.49	HEALTH & BEAUTY CARE	21	1	0.00		1	323900013964
323900014398	VICKS NYQUIL LIQUI-CAPS	9.8700	9.8700	16.49	HEALTH & BEAUTY CARE	21	1	0.00		1	323900014398
323900014428	VICKS DAYQUIL LIQUICAPS	10.5675	10.8000	15.40	HEALTH & BEAUTY CARE	21	1	0.00		1	323900014428
323900038431	VICKS NYQUIL COLD&FLU LIQ	6.4800	6.4800	10.89	HEALTH & BEAUTY CARE	21	1	0.00		1	323900038431
323900038448	VICKS DAYQUIL COLD&FLU LI	6.4800	6.4800	10.89	HEALTH & BEAUTY CARE	21	1	0.00		1	323900038448
32601033002	CILANTRO  ORG	0.0000	0.0000	0.00	PRODUCE	18	2	0.00		1	32601033002
3274510003791	DOLIN VERMOUTH DRY 750ML	16.9900	16.9900	16.99	LIQUOR STORE	5	3	8.00		1	3274510003791
3274510003814	DOLIN VERMOUTH ROUGE 750ML	0.0000	16.9900	16.99	LIQUOR STORE	5	3	4.00		1	3274510003814
499180001998	YAMS  JUMBO EA	1.0890	1.0652	1.68	PRODUCE	18	2	0.00		1	3288
3333	ACORN ORNAMENT	3.0000	3.0000	4.00	GENERAL MERCHANDISE	22	6	0.00		1	3333
3334	BAG ACORN ORN	20.0000	20.0000	26.65	GENERAL MERCHANDISE	22	6	1.00		1	3334
3335	MUSHROOM ORNAMENT	5.0000	5.0000	6.65	GENERAL MERCHANDISE	22	6	0.00		1	3335
3371236170759	CHATEAU SUAU BLANC 750ML	18.9900	18.9900	18.99	LIQUOR STORE	5	2	13.00		1	3371236170759
337846900134	GOAT MILK SOAP	7.0000	7.0000	10.00	HEALTH & BEAUTY CARE	21	6	16.00		1	337846900134
337846900141	MILK BATH .5oz SMALL	6.0000	6.0000	8.50	HEALTH & BEAUTY CARE	21	6	2.00		1	337846900141
337846900158	MILK BATH 12oz LARGE	13.0000	13.0000	18.50	HEALTH & BEAUTY CARE	21	6	3.00		1	337846900158
337846900165	FLOWER BATH .5oz SMALL	6.0000	6.0000	8.50	HEALTH & BEAUTY CARE	21	6	8.00		1	337846900165
337846900172	FLOWER BATH 12oz LARGE	13.0000	13.0000	18.50	HEALTH & BEAUTY CARE	21	6	6.00		1	337846900172
337846900189	DRIED PEPPER PACK SALTY DOG	15.0000	15.0000	20.00	EDIBLE GROCERY	19	12	0.00		1	337846900189
353100200109	FLONASE ALLERGY RELIEF	17.8500	17.8500	29.79	HEALTH & BEAUTY CARE	21	1	3.00		1	353100200109
363824008363	MUCINEX SE EXTENDED RLS 6	5.4100	5.4100	9.02	HEALTH & BEAUTY CARE	21	1	0.00		1	363824008363
363824023076	MUCINEX SE EXTENDED RLS B	9.0100	9.0100	13.59	HEALTH & BEAUTY CARE	21	1	3.00		1	363824023076
363824056364	MUCINEX DM REG STRENGTH	7.4000	7.4000	11.38	HEALTH & BEAUTY CARE	21	1	3.00		1	363824056364
363824191447	MUCINEX FAST ACT	6.4597	6.4600	10.77	HEALTH & BEAUTY CARE	21	1	0.00		1	363824191447
363824201443	MUCINEX SINUS-MAX SEV CON	6.4600	6.4600	10.77	HEALTH & BEAUTY CARE	21	1	0.00		1	363824201443
363824692227	MUCINEX SINUS-MAX CONG &	6.3125	6.4600	10.79	HEALTH & BEAUTY CARE	21	1	3.00		1	363824692227
363824995472	MUCINEX FAST-MAX COLD/FLU	5.8700	5.8700	10.79	HEALTH & BEAUTY CARE	21	1	0.00		1	363824995472
366715682048	LIL D VP IBUPROFEN	2.8688	2.8200	4.69	HEALTH & BEAUTY CARE	21	1	0.00		1	366715682048
366715683946	LIL D VP BRAND IBUPROFEN	1.7500	1.7500	2.92	HEALTH & BEAUTY CARE	21	6	2.00		1	366715683946
366715684509	LIL D VP RUBBING ALCOHOL	3.8100	3.8100	5.48	HEALTH & BEAUTY CARE	21	10	3.00		1	366715684509
366715684608	LIL D VP HYDROGEN PEROXID	2.3900	2.3900	3.19	HEALTH & BEAUTY CARE	21	10	5.00		1	366715684608
366715685841	LIL D VP ADULT TUSSIN DM	4.1069	4.1100	5.96	HEALTH & BEAUTY CARE	21	1	3.00		1	366715685841
366715970022	LIL D ADVIL 4CT	1.3150	1.3150	2.19	HEALTH & BEAUTY CARE	21	1	0.00		1	366715970022
366715970220	LIL D ALEVE 2CT	1.4133	1.4133	2.39	HEALTH & BEAUTY CARE	21	1	0.00		1	366715970220
366715970428	LIL D DAYQUIL SEVERE 4CT	2.3417	2.3417	3.90	HEALTH & BEAUTY CARE	21	1	0.00		1	366715970428
366715970527	LIL D NYQUIL SEVERE TRIAL	2.5583	2.5583	4.29	HEALTH & BEAUTY CARE	21	1	7.00		1	366715970527
366715970787	LIL D ALLEGRA 24HR	7.0300	7.0300	11.79	HEALTH & BEAUTY CARE	21	1	0.00		1	366715970787
366715971036	LIL D EXCEDRIN 6CAPS T/S	2.0971	2.1533	3.29	HEALTH & BEAUTY CARE	21	1	0.00		1	366715971036
366715971234	LIL D MOTRIN IBUPROFEN 6T	2.0452	2.0667	3.19	HEALTH & BEAUTY CARE	21	2	6.00		1	366715971234
366715971739	LIL D TYLENOL PM CAPS	1.9700	2.0167	3.17	HEALTH & BEAUTY CARE	21	1	6.00		1	366715971739
366715972224	LIL D PEPCID COMPLETE TRI	1.7850	1.7850	2.98	HEALTH & BEAUTY CARE	21	1	3.00		1	366715972224
366715972323	LIL N PEPTO BISMOL 4CT	1.8967	1.8967	3.16	HEALTH & BEAUTY CARE	21	1	0.00		1	366715972323
366715972415	LIL D MUCINEX DM SINGLE D	2.5300	2.5300	4.29	HEALTH & BEAUTY CARE	21	1	2.00		1	366715972415
366715973108	LIL D VP ANTIOBOTIC OINT/	3.6600	3.6600	6.09	HEALTH & BEAUTY CARE	21	10	3.00		1	366715973108
366715973214	LIL D CLARITIN 1CT	2.5167	2.5167	4.19	HEALTH & BEAUTY CARE	21	1	0.00		1	366715973214
366715973337	LIL D ADVIL PM 6TAB	2.0167	2.0167	3.39	HEALTH & BEAUTY CARE	21	1	0.00		1	366715973337
366715973948	LIL D IBUPROFEN 12CT	2.0908	2.1000	3.39	HEALTH & BEAUTY CARE	21	1	6.00		1	366715973948
366715974617	LIL D ZZZQUIL 2CT	1.4533	1.4533	2.42	HEALTH & BEAUTY CARE	21	1	0.00		1	366715974617
366715975928	LIL D BRAND ANTI-DIARRHEA	1.0567	1.0650	1.78	HEALTH & BEAUTY CARE	21	1	0.00		1	366715975928
368093003019	POTABLE AQUA	0.0000	0.0000	8.00	CAMPING & OUTDOORS	43	1	0.00		1	368093003019
368093076051	COLEMAN FIRST AID TIN	3.9600	3.9600	6.60	HEALTH & BEAUTY CARE	21	10	3.00		1	368093076051
368093077324	COLEMAN BOTAN REP	6.1750	6.2500	9.99	HEALTH & BEAUTY CARE	21	6	1.00		1	368093077324
370030125135	NBE HYDROCORTISONE CRM 1%	2.3300	2.3300	3.89	HEALTH & BEAUTY CARE	21	10	0.00		1	370030125135
381370030447	J+J BABY POWDER W/ALOE &	1.8600	1.8600	3.49	HEALTH & BEAUTY CARE	21	5	0.00		1	381370030447
381370036029	AVEENO LOTION DAILY MOIST	3.7600	3.7600	6.09	HEALTH & BEAUTY CARE	21	6	1.00		1	381370036029
381370041702	J+J BABY OIL	2.3200	2.3200	4.29	HEALTH & BEAUTY CARE	21	5	0.00		1	381370041702
381370044307	J+J BANDAID ASST	3.7899	3.7900	6.32	HEALTH & BEAUTY CARE	21	10	0.00		1	381370044307
381370046660	J+J BANDAID SHEER WIDE	2.9600	2.9600	4.53	HEALTH & BEAUTY CARE	21	10	1.00		1	381370046660
381370047544	J+J BANDAID TRAVEL SIZE	0.8400	0.8400	1.40	HEALTH & BEAUTY CARE	21	10	0.00		1	381370047544
381370082958	J+J FIRST AID KIT TO GO M	1.2904	1.3300	1.98	HEALTH & BEAUTY CARE	21	10	4.00		1	381370082958
0	MUSHROOM DISHCLOTH	2.7500	2.7500	5.50	HOUSEHOLD/CLEANING	20	4	-310.00		1	3847
391846026720	MORA KNIFE RED	12.0400	12.0400	20.07	GENERAL MERCHANDISE	22	0	0.00		1	391846026720
391846026751	MORA KNIFE ORANGE	0.0000	0.0000	20.07	CAMPING & OUTDOORS	43	0	0.00		1	391846026751
4000	APPLE	0.5121	0.5121	1.02	PRODUCE	18	1	-5.00		1	4000
400012	LIVNG BUTTER LETTUCE CLAMSHELL	3.0750	3.0750	4.10	PRODUCE	18	2	0.00		1	400012
4001	CHERRY TOMATOES	0.0000	0.0000	4.50	PRODUCE	18	1	-1.00		1	4001
4001638088084	WEL DEO ROSE	0.0000	0.0000	7.55	HEALTH & BEAUTY CARE	21	6	0.00		1	4001638088084
400480000017	GROUND BEEF  SVF	7.0000	7.0000	10.65	FROZEN FOODS	13	5	-4.00		1	400480000017
400480000086	NEW ITEM	0.0000	0.0000	0.00	FROZEN FOODS	13	5	0.00		1	400480000086
400480000024	PATTY  SVF	7.9499	8.0000	14.25	FROZEN FOODS	13	5	0.00		1	40048000020
400480000208	BEEF  QUARTY COW 110 LBS SVB	0.0000	0.0000	635.00	CONSIGNMENT - NO TAX	102	0	0.00		1	400480000208
400480000215	BEEF  1/2 COW Standard Cut BA SVB	0.0000	0.0000	1270.00	CONSIGNMENT - NO TAX	102	0	0.00		1	400480000215
400480000222	BEEF  WHOLE COW Pk 400-450 LBS	0.0000	0.0000	2500.00	CONSIGNMENT - NO TAX	102	0	0.00		1	400480000222
400480000550	FAJITA/STEW  SVF	7.7692	8.0000	11.67	FROZEN FOODS	13	5	0.00		1	400480000550
400480000864	SAUS GROUND/LOOSE SVF	8.0000	8.0000	12.00	FROZEN FOODS	13	5	0.00		1	400480000864
400480000918	BRATWURST  SVF	12.0000	12.0000	17.00	FROZEN FOODS	13	5	0.00		1	400480000918
400480000925	SAUSAGE LINKS  SVF	12.0000	12.0000	16.00	FROZEN FOODS	13	5	0.00		1	400480000925
400480000956	ASSORTED STEAKS	13.7886	14.5385	22.00	FROZEN MEATS / LB	48	0	3.00		1	400480000956
400480000963	SHORT RIBS SVF	8.0000	8.0000	11.50	FROZEN MEATS / LB	48	0	5.00		1	400480000963
400480000970	FILET MIGNON  SVF	0.0000	0.0000	30.00	FROZEN FOODS	13	5	0.00		1	400480000970
400480005616	SVF SAUSAGE	8.0000	8.0000	13.33	FROZEN FOODS	13	5	0.00		1	400480005616
401000000012	ICE CRUSHED	1.3000	1.3000	3.70	ICE	28	1	-16125.00		1	401000000012
401000000029	ICE  BLOCK ICE	1.8998	1.9000	4.50	ICE	28	0	146.00		1	401000000029
401000000043	ICE  BAGGED	1.6897	1.7000	4.50	ICE	28	1	1982.00		1	401000000043
410052100014	WFL WHISTLE SAFETY ORNG	3.8300	3.8300	6.38	CAMPING & OUTDOORS	43	1	1.00		1	410052100014
411200000118	DECORATED NALGENE 32OZ	19.3333	19.3333	28.99	CAMPING & OUTDOORS	43	1	2.00		1	411200000118
411200000125	DECORATED NALGENE 16OZ	16.0000	16.0000	23.99	CAMPING & OUTDOORS	43	1	0.00		1	411200000125
411200000132	MUSTARD BEETLE GREETING CARD	2.5000	2.5000	5.00	GENERAL MERCHANDISE	22	5	2.00		1	411200000132
411300000100	WRIST KEYCHAIN	5.9900	5.9900	10.99	GENERAL MERCHANDISE	22	6	13.00		1	411300000100
411300000117	UTAH PIN ACRYLIC PIN	2.4900	2.4900	4.98	GENERAL MERCHANDISE	22	6	1.00		1	411300000117
411400000109	HAIR CLIP SM	4.0000	4.0000	8.99	GENERAL MERCHANDISE	22	0	8.00		1	411400000109
411400000116	HAIR CLIP MED	6.0000	6.0000	11.99	GENERAL MERCHANDISE	22	0	6.00		1	411400000116
411500000108	MASON SHREDDER	2.0000	2.0000	4.00	GENERAL MERCHANDISE	22	0	1.00		1	411500000108
411500000115	MASON JUICER	5.0000	5.0000	10.00	GENERAL MERCHANDISE	22	0	0.00		1	411500000115
411500000122	MASON FOOD MILL	19.9900	19.9900	25.99	GENERAL MERCHANDISE	22	0	2.00		1	411500000122
411500000139	MASON POUR OVER	8.4900	8.4900	15.99	GENERAL MERCHANDISE	22	0	2.00		1	411500000139
411500000146	MASON COFFEE FILTER QT	9.4900	9.4900	17.99	GENERAL MERCHANDISE	22	0	2.00		1	411500000146
411500000153	MASON COFFE FILTER PINT	8.4900	8.4900	15.99	GENERAL MERCHANDISE	22	0	4.00		1	411500000153
94080	ASPARAGUS  BUNCH ORG	0.0000	0.0000	0.00	PRODUCE	18	2	0.00		1	41965
940460000007	AVOCADOS   EA	1.6317	1.6317	2.04	PRODUCE	18	1	0.00		1	4227
4228	AVOCADOS  OG	1.4450	1.3000	2.17	PRODUCE	18	1	181.00		1	4228
942310000007	BANANAS  FRESH	0.4386	0.4386	0.78	PRODUCE	18	1	0.00		1	4237
4238	BANANAS  ORGANIC	0.4386	0.4386	0.69	PRODUCE	18	1	-524.00		1	4238
4254	BERRIES  BLUEBERRIES CLAMSHELL	0.0000	0.0000	4.29	PRODUCE	18	1	0.00		1	4254
662166660124	BERRIES  CRANBERRIES	2.0000	2.0000	2.95	PRODUCE	18	1	0.00		1	4255
715756100224	BERRIES  BLACKBERRIES CLAMSHELL	2.5875	2.7417	5.54	PRODUCE	18	1	0.00		1	4257
4265	LEEKS ORG	5.7200	5.7200	7.63	PRODUCE	18	2	0.00		1	4265
944960000000	GRAPEFRUIT  1 EA	1.2944	1.2944	1.73	PRODUCE	18	1	-6.00		1	4296
940530000005	LEMON  FRESH 1 EACH	0.1048	0.1048	0.49	PRODUCE	18	1	0.00		1	4304
4305	LEMON  ORGANIC	0.4319	0.4329	0.62	PRODUCE	18	1	130.00		1	4305
499180000427	LIMES FRESH	0.2968	0.3452	0.45	PRODUCE	18	1	0.00		1	4306
499180000137	MANGO	0.9227	0.7688	1.03	PRODUCE	18	1	11.00		1	4313
4314	ENVELOPE  PADDED TRQS	0.6490	0.6596	1.59	GENERAL MERCHANDISE	22	4	31.00		1	4314
4315	ENVELOPE  MANILLA	0.1499	0.1499	0.35	GENERAL MERCHANDISE	22	4	64.00		1	4315
4337	RADISH RED BUNCH OG	1.5375	1.5375	2.05	PRODUCE	18	2	0.00		1	4337
499180000274	MELON  HONEYDEW	5.4171	5.2667	7.52	PRODUCE	18	1	3.00		1	4342
4345	PARSNIPS	6.5300	6.5300	8.71	PRODUCE	18	2	0.00		1	4345
435000000031	DEBBI CAP	9.7225	11.3606	22.99	GENERAL MERCHANDISE	22	7	209.00		1	435000000031
499180000472	NECTARINES	0.9403	0.9403	1.25	PRODUCE	18	1	0.00		1	4379
499180000069	ORANGES  FANCY  NAVAL  LG	0.4760	0.4760	0.70	PRODUCE	18	1	0.00		1	4390
944570000001	ORANGES  MANDARINS	0.2889	0.2889	0.41	PRODUCE	18	1	0.00		1	4392
499180000106	PEARS  FRESH	0.5575	0.5575	0.95	PRODUCE	18	1	0.00		1	4425
4426	PEARS  ORG 1 EA	0.6538	0.6537	0.91	PRODUCE	18	1	5.00		1	4426
499180000113	PINEAPPLE  FRESH	4.2875	4.2875	6.12	PRODUCE	18	1	0.00		1	4433
4466	BUTTERNUT SQUASH	4.5900	4.5900	6.56	PRODUCE	18	2	0.00		1	4466
450000000959	DEHYDRATED PEPPER PACKS	15.0000	15.0000	18.00	GENERAL MERCHANDISE	22	0	0.00		1	450000000959
4501	POMEGRANATE	1.4662	1.4611	2.25	PRODUCE	18	1	11.00		1	4501
947620000006	ARTICHOKES  FRESH	2.8250	2.8250	4.71	PRODUCE	18	2	0.00		1	4520
499180000168	ASPARAGUS  FRESH	1.8727	1.8727	3.12	PRODUCE	18	2	0.00		1	4525
940660000005	BEANS  GREEN FRESH 1 Lb Bag	2.0520	2.0520	2.56	PRODUCE	18	2	0.00		1	4535
789622525817	GREEN BEANS	0.9788	0.9788	1.40	PRODUCE	18	2	0.00		1	4536
945400000000	BEETS  YELLOW FRESH	3.5000	3.5000	4.95	PRODUCE	18	2	0.00		1	4541
499180000175	BEETS  FRESH RED BEETS	2.7923	2.7923	3.99	PRODUCE	18	2	1.00		1	4542
4546	SALTY DOG $2.85	2.0000	2.0000	2.85	PRODUCE	18	3	-2.00		1	4546
081851109647	BROCCOLI  CROWNS	2.7071	2.7071	4.51	PRODUCE	18	2	-6.00		1	4549
450000000003	BROCOLLINI OG	3.9200	3.9200	5.95	PRODUCE	18	2	0.00		1	4550
499180000328	BRUSSELS SPROUTS	2.7900	2.7900	3.99	PRODUCE	18	2	-5.00		1	4551
45523	FENNEL  ORG	4.3833	4.3833	5.84	PRODUCE	18	2	3.00		1	45523
499180000298	CABBAGE  GREEN	2.0125	2.0125	2.68	PRODUCE	18	2	2.00		1	4556
4557	CABBAGE RED	5.9333	5.9333	8.48	PRODUCE	18	2	0.00		1	4557
4562	VICTOR MOUSE TRAP SNGL	1.0470	1.0470	2.33	HOUSEHOLD/CLEANING	20	0	0.00		1	4562
4564	BABY CARROT	0.7130	0.7130	0.89	PRODUCE	18	2	0.00		1	4564
033383902012	CARROTS  LG 2 LB BAG ORG	2.4917	2.4917	3.32	PRODUCE	18	2	0.00		1	4565
4566	SALTY DOG $4.29	3.4360	3.0000	4.29	PRODUCE	18	2	-1.00		1	4566
4568	BUTTERNUT SQUASH	0.0000	0.0000	0.00	PRODUCE	18	2	0.00		1	4568
4569	CAULIFLOWER	0.0000	0.0000	2.65	PRODUCE	18	2	0.00		1	4569
940700000002	CELERY 1 Bunch	1.6533	1.6533	2.36	PRODUCE	18	2	1.00		1	4577
4578	BASIL BUNCH OG	0.0000	0.0000	1.81	PRODUCE	18	2	0.00		1	4578
945130000004	CARD  SWISS FRESH BUNCH	1.4500	1.4500	2.45	PRODUCE	18	2	0.00		1	4588
946240000007	KALE  OG	1.3739	1.3739	1.80	PRODUCE	18	2	0.00		1	4589
945900000005	CORN  FOUR PK	5.5106	5.3000	7.57	PRODUCE	18	2	17.00		1	4591
4592	PARSNIP	0.0000	0.0000	0.00	PRODUCE	18	2	0.00		1	4592
940620000007	CUCUMBER	2.0574	1.7167	2.45	PRODUCE	18	2	17.00		1	4597
499180000342	GARLIC	1.0416	1.0900	2.25	PRODUCE	18	2	19.00		1	4610
4611	GARLIC - LOCAL OG SVF PER 1 OZ	0.2600	0.2600	0.50	PRODUCE	18	3	0.00		1	4611
499180000359	GINGER ROOT	2.5498	2.5500	3.64	PRODUCE	18	0	13.00		1	4613
46164	MUSHROOMS CRIMINI	2.9974	3.0300	4.24	PRODUCE	18	0	0.00		1	46164
464100000009	LETTUCE  HEAD BAG	2.0125	2.0125	5.81	PRODUCE	18	2	0.00		1	4641
599180000301	LETTUCE  ICEBERG EA	1.8250	1.8250	2.99	PRODUCE	18	2	0.00		1	4642
4643	LETTUCE RED LEAF  ORG	3.2600	3.2750	4.55	PRODUCE	18	2	17.00		1	4643
499180000144	LETTUCE  ROMAINE	1.6917	1.6917	2.11	PRODUCE	18	2	0.00		1	4644
499180000014	SPRING MIX BAG	3.5050	3.5050	4.67	PRODUCE	18	2	0.00		1	4645
816554020315	LETTUCE  SALAD MIX MEDITERRANEAN	4.4833	4.4833	5.95	PRODUCE	18	2	0.00		1	4646
4647	SALTY DOG $5.79	4.0000	4.0000	5.79	PRODUCE	18	3	17.00		1	4647
4648	SALTY DOG $1.45	1.0000	1.0000	1.45	PRODUCE	18	2	-19.00		1	4648
499180000267	MUSHROOMS  MAR MED	1.9180	1.8267	2.99	PRODUCE	18	0	0.00		1	4653
465800000009	MUSHROOMS  JUMBO WHITE	3.5151	3.4333	5.50	PRODUCE	18	0	0.00		1	4654
701957000104	MUSHROOMS  CRIMINI  BAG	1.8300	1.8300	2.56	PRODUCE	18	0	0.00		1	4656
465875926549	CONTACT LENS CASE	0.6242	0.6242	1.49	HEALTH & BEAUTY CARE	21	7	5.00		1	465875926549
940930000001	ONION YELLOW	1.0120	1.1500	1.50	PRODUCE	18	2	32.00		1	4666
940820000005	ONION RED	1.0367	0.9800	1.75	PRODUCE	18	2	33.00		1	4667
499180000311	ONIONS  RED	0.6975	0.6975	1.00	PRODUCE	18	2	0.00		1	4668
499180000151	ONIONS  GREEN ONIONS  FRESH	0.8848	0.6180	1.24	PRODUCE	18	2	0.00		1	4669
499180004180	ONIONS  LEEKS	5.2600	5.2600	7.51	PRODUCE	18	2	0.00		1	4670
499180004241	ONIONS  SHALLOTS  FRESH	0.6821	0.6821	1.14	PRODUCE	18	2	-1.00		1	4671
940920000004	PEAS  SNOW	2.0490	2.0490	2.85	PRODUCE	18	2	0.00		1	4676
499180004197	SUGARSNAP PEAS	2.3864	2.2947	3.06	PRODUCE	18	2	9.00		1	4677
499180000205	BELL PEPPER SNGL	1.4663	1.1229	1.60	PRODUCE	18	2	46.00		1	4710
947050000003	PEPPERS  POBLONO GREEN	1.5400	1.5400	1.99	PRODUCE	18	2	-31.00		1	4711
471200000006	PEPPERS  JALAPENO	0.1615	0.1615	0.22	PRODUCE	18	2	88.00		1	4712
499180000380	PEPPERS  JALAPENOS FRESH	0.4057	0.4057	0.69	PRODUCE	18	2	0.00		1	4713
603224255005	PEPPERS  SWEET MIXED MINI	3.6917	3.6917	5.27	PRODUCE	18	2	0.00		1	4714
009922720003	PEPPERS ASST COLORS	1.8182	1.8182	2.99	PRODUCE	18	2	0.00		1	4715
4716	PEPPERS  ANHIEM	0.7820	0.7820	1.12	PRODUCE	18	2	0.00		1	4716
4717	PEPPER PURPLE BAG 1LB	3.9636	3.9636	5.28	PRODUCE	18	2	0.00		1	4717
499180000977	POTATOES YUKON GOLD FRESH	0.0000	0.0000	5.25	PRODUCE	18	2	0.00		1	4728
000009407268	POTATOES  RUSSET  FRESH	0.5650	0.5650	1.25	PRODUCE	18	2	0.00		1	4729
499180000434	POTATOES   RED  BAG	2.1250	0.7100	2.99	PRODUCE	18	2	0.00		1	4730
4748	BUTTERNUT SQUASH	9.1350	9.1350	9.23	PRODUCE	18	2	0.00		1	4748
499180000397	SPINACH	1.3583	1.3583	1.94	PRODUCE	18	2	0.00		1	4749
477087051650	FISH FLOATS 1.25  3PK	0.8500	0.8500	1.99	CAMPING & OUTDOORS	43	2	12.00		1	477087051650
47804	STRAUS BTL RTN	3.0000	3.0000	3.00	DAIRY - FLUID	9	1	0.00		1	47804
4784	SQUASH  SPAGHETTI	5.1850	5.1850	5.44	PRODUCE	18	2	0.00		1	4784
4785	SQUASH  ACORN	2.0000	2.0000	3.24	PRODUCE	18	2	0.00		1	4785
499180000403	ZUCCHINI	0.7669	1.1345	1.51	PRODUCE	18	2	38.00		1	4786
499180000120	TOMATOES EACH	1.0315	1.8224	2.29	PRODUCE	18	1	0.00		1	4806
412430005102	TOMATOES  ROMA	0.4800	0.4800	0.69	PRODUCE	18	1	0.00		1	4807
48874	BOK CHOY  BABY	3.4300	3.4300	4.76	PRODUCE	18	2	-3.00		1	48874
4889	COLLARDS  ORG	1.2000	1.2000	2.22	PRODUCE	18	0	0.00		1	4889
489000000010	BUNDLE FIREWOOD	4.0000	4.0000	8.00	FIREWOOD	37	0	-191.00		1	489000000010
4893	MANGO	0.7063	0.7062	1.01	PRODUCE	18	1	0.00		1	4893
4896	MELON  WATERMELON	5.9833	5.9833	8.31	PRODUCE	18	1	-9.00		1	4896
4897039310172	FOUR ELIXIR REISHI CHILL PKT	1.1060	1.1060	1.93	HOT BEVERAGES	30	1	8.00		1	4897039310172
4897039310202	FOUR THINK ELIXIR PKT	1.1060	1.1060	1.93	HOT BEVERAGES	30	1	10.00		1	4897039310202
4897039310462	FOUR REISHI HT CACAO MIX	11.8936	11.8936	2.09	HOT BEVERAGES	30	3	1.00		1	4897039310257
4897039310325	FOUR SIG REISHI HT CACAO MIX	1.1570	1.1570	2.09	HOT BEVERAGES	30	3	1.00		1	4897039310325
4897039310349	FOUR PERFORM CACAO PKT	1.1500	1.1500	1.93	HOT BEVERAGES	30	3	0.00		1	4897039310349
4897039310363	FOUR REISH MUSH ELIX	22.1243	22.1243	1.93	HOT BEVERAGES	30	1	0.00		1	4897039310363
4897039310394	FOUR LIONS MANE MUSH	22.1243	22.1243	1.93	HOT BEVERAGES	30	1	0.00		1	4897039310394
4897039310479	FOUR CORDYCEPS CAC M	11.5727	11.5727	1.93	HOT BEVERAGES	30	1	0.00		1	4897039310479
4897039310707	FOUR SIG DEFEND	1.1500	1.1500	2.09	HOT BEVERAGES	30	1	1.00		1	4897039310707
4897039310721	FOUR SIG MX CORD/CHG	8.8011	8.8011	2.09	HOT BEVERAGES	30	1	0.00		1	4897039310721
4897039310776	FOUR COFF LION CHAGA	8.5662	8.6552	14.28	HOT BEVERAGES	30	1	0.00		1	4897039310776
4903585143185	SILKY FOLDING SAW	27.8500	27.8500	39.99	CAMPING & OUTDOORS	43	0	0.00		1	4903585143185
4904230033578	NIKKA COFFEY GRAIN 750ML	64.9900	64.9900	61.99	LIQUOR STORE	5	3	-1.00		1	4904230033578
799632802594	HERB  OREGANO FRESH	1.7167	1.7167	2.75	PRODUCE	18	0	0.00		1	4909
799632802655	HERB  THYME FRESH	1.7167	1.7167	2.75	PRODUCE	18	0	0.00		1	4910
948890000000	HERB  CILANTRO FRESH	1.5888	1.5888	2.05	PRODUCE	18	0	0.00		1	4911
829101000739	HERB  DILL FRESH	1.7167	1.7167	2.75	PRODUCE	18	0	0.00		1	4912
949000000002	HERB  PARSLEY  CURLY FRESH	0.9533	0.9533	1.65	PRODUCE	18	0	0.00		1	4913
499180000076	APPLES  ORGANIC EA	0.8639	0.9347	1.34	PRODUCE	18	1	268.00		1	4914
333830122902	APPLES   BAG PACK	4.0771	4.3000	6.14	PRODUCE	18	1	0.00		1	4915
50008	WTRMELON LG	6.6000	6.6000	15.45	PRODUCE	18	1	0.00		1	50008
50009	WATRMELON MED	4.5000	4.5000	10.50	PRODUCE	18	1	0.00		1	50009
50010	WATRMELON SM	3.6000	3.6000	8.40	PRODUCE	18	1	0.00		1	50010
50011	WTRMELON QTRS	1.1200	1.1200	4.75	PRODUCE	18	1	0.00		1	50011
50012	CANTALOUPE	0.0000	0.0000	3.00	PRODUCE	18	1	0.00		1	50012
50013	RHF KALE	4.0000	4.0000	5.00	PRODUCE	18	3	0.00		1	50013
50014	CHARD  LOCAL	4.0000	4.0000	5.00	PRODUCE	18	3	0.00		1	50014
50015	ARUGULA LOCAL	4.0000	3.5000	5.00	PRODUCE	18	3	0.00		1	50015
50017	BASIL GEN HLF ACRE	3.5000	3.5000	4.50	PRODUCE	18	3	0.00		1	50017
500173	LOCAL PRODUCE HLF ACRES	0.0000	0.0000	0.00	PRODUCE	18	3	0.00		1	500173
50018	FARM THYME	3.0000	3.0000	3.75	PRODUCE	18	3	0.00		1	50018
50019	FARM CELERY	5.0000	5.0000	5.50	PRODUCE	18	3	0.00		1	50019
50020	FARM CELERY SMALL	3.0000	3.0000	4.00	PRODUCE	18	3	0.00		1	50020
50021	FARM CUCS	0.7083	0.6000	0.85	PRODUCE	18	3	0.00		1	50021
50022	FARM ZUCCHINI	2.5000	2.5000	3.50	PRODUCE	18	3	0.00		1	50022
50023	FARM POTATOES 5LB	6.0000	6.0000	7.50	PRODUCE	18	3	0.00		1	50023
50024	POTATOES  HLF ACRES	2.5000	2.5000	4.05	PRODUCE	18	3	0.00		1	50024
50025	YELLOW SQUASH LOCAL	1.0000	1.0000	1.50	PRODUCE	18	3	0.00		1	50025
50026	PASSILLA  PEPPER BAG LOCAL	3.3500	3.3500	4.50	PRODUCE	18	3	0.00		1	50026
50027	TOMATO SNGL SALTY DOG	1.0000	1.0000	1.50	PRODUCE	18	3	0.00		1	50027
50028	LOCAL WATERMELON	3.0000	3.0000	3.75	PRODUCE	18	3	0.00		1	50028
50029	CUCUMBER LOCAL	1.5000	1.5000	2.15	PRODUCE	18	3	0.00		1	50029
50030	LOCAL PEACH	0.4453	0.4500	0.65	PRODUCE	18	3	0.00		1	50030
50031	LOCAL NECTARINE	0.3500	0.3500	0.50	PRODUCE	18	3	0.00		1	50031
50032	LOCAL CHIVES	1.2500	1.2500	1.25	PRODUCE	18	3	0.00		1	50032
50033	LOCAL JALAPENOS	0.5000	0.5000	0.55	PRODUCE	18	3	0.00		1	50033
50034	RHF SALAD GREENS	5.0000	5.0000	6.00	PRODUCE	18	3	0.00		1	50034
50035	RHF SPINACH	5.0000	5.0000	6.00	PRODUCE	18	3	0.00		1	50035
50036	SALAD  SALTY DOG	3.5000	4.0000	5.00	PRODUCE	18	3	0.00		1	50036
50037	KALE  LOCAL	3.2500	3.2500	5.00	PRODUCE	18	3	0.00		1	50037
50038	RADISHES  HLF ACRE	2.5000	1.0000	3.00	PRODUCE	18	3	0.00		1	50038
50039	HEAD LETTUCES HLF ACRE	2.5000	2.5000	3.50	PRODUCE	18	3	0.00		1	50039
50040	COLLARDS HLF ACRE	4.0000	4.0000	5.00	PRODUCE	18	2	0.00		1	50040
50041	DILL HLF ACRE	2.5000	2.5000	3.15	PRODUCE	18	2	0.00		1	50041
50042	GR ONION/CHIVES HLF ACRE	2.7500	2.7500	3.15	PRODUCE	18	2	0.00		1	50042
50043	KOHLRABI HLF ACRE	2.0000	2.0000	2.50	PRODUCE	18	2	0.00		1	50043
50044	FENNEL HLF ACRES	1.5000	1.5000	3.00	PRODUCE	18	2	0.00		1	50044
50045	$2.19 RABBIT FARM	1.4697	1.5000	2.19	PRODUCE	18	2	9.00		1	50045
50046	$5.29 RABBIT FARM	3.7500	3.7500	5.29	PRODUCE	18	2	5.00		1	50046
50047	ANCHO PEPPER LOCAL	1.0000	1.0000	1.50	PRODUCE	18	3	0.00		1	50047
50048	ANAHEIM PEPPER LOCAL	0.7500	0.7500	1.07	PRODUCE	18	3	0.00		1	50048
50049	BANANA SQUASH LOCAL	3.7500	3.7500	4.95	PRODUCE	18	3	0.00		1	50049
50060	$3.49 RABBIT FARM	2.5000	2.5000	3.49	PRODUCE	18	3	0.00		1	50060
50061	$4.69 RABBIT FARM	3.2500	3.2500	4.69	PRODUCE	18	3	11.00		1	50061
50062	KALE WRAPS  LOCAL	2.0000	2.0000	3.50	PRODUCE	18	2	0.00		1	50062
50063	$5.76 RABBIT FARM	4.0000	4.0000	5.76	PRODUCE	18	3	-33.00		1	50063
50064	$4.50 HLF ACRE	3.5000	3.5000	4.50	PRODUCE	18	3	0.00		1	50064
50065	$6.99 RABBIT FARM	5.0000	5.0000	6.99	PRODUCE	18	3	0.00		1	50065
50066	$1.43 RABBIT FARM	1.0000	1.0000	1.43	PRODUCE	18	3	-4.00		1	50066
50067	RABBIT BRUSH $.75	0.5000	0.5000	0.75	PRODUCE	18	3	2.00		1	50067
50068	ANCHO PEPPER SALTY DOG	2.0000	2.0000	2.85	PRODUCE	18	3	0.00		1	50068
50069	$1.45 RABBITBRUSH	1.0000	1.0000	1.45	PRODUCE	18	3	0.00		1	50069
50172	BASIL PURPLE HLF ACRE	4.5000	4.5000	5.50	PRODUCE	18	2	0.00		1	50172
50173	$2.85 RABBITBRUSH	2.0000	2.0000	2.85	PRODUCE	18	2	1.00		1	50173
503022217383	DAISY SOFT TOILET TISSUE	1.7100	1.7100	2.85	HOUSEHOLD/CLEANING	20	3	0.00		1	503022217383
506052162258	HAWTHORN KIT	19.3000	19.3000	32.00	GENERAL MERCHANDISE	22	0	3.00		1	506052162258
506052162364	HAWTHORN MINI KIT	13.1429	13.1429	22.00	GENERAL MERCHANDISE	22	0	5.00		1	506052162364
5234	LIP BALM PINION	2.5000	2.5000	3.75	HEALTH & BEAUTY CARE	21	0	0.00		1	5234
54285	GRAFTON SUNGLASS	1.0000	1.0000	4.10	CAMPING & OUTDOORS	43	6	0.00		1	54285
553520080712	ATH RUN WILD NA BEER	0.0000	0.0000	0.00	BEER-GS	4	5	0.00		1	553520080712
55510	APPLE BUTTER BBREAD	6.5000	6.5000	9.29	SNACKS - BAKERY	16	4	0.00		1	55510
555100565695	DOG TREAT	2.0000	2.0000	2.00	HOUSEHOLD/CLEANING	20	5	0.00		1	555100565695
55511	SANDWICH PROS & MOZ	8.0000	8.0000	11.43	SNACKS - BAKERY	16	4	0.00		1	55511
55512	CINNAMON ROLL BBREAD	4.3150	4.5000	6.50	SNACKS - BAKERY	16	4	137.00		1	55512
55513	MULTIGRAIN LOAF BBREAD	10.0000	10.0000	14.00	BREADS	14	4	0.00		1	55513
55514	ICE CRM SNDWCH BBREAD	4.5000	4.5000	7.50	ICE CREAM	12	2	0.00		1	55514
55515	COOKIE DOUGH BBREAD	10.0000	10.0000	14.00	EDIBLE GROCERY	19	4	9.00		1	55515
555555555555	COOKIE BBREAD	3.0000	3.0000	4.49	SNACKS - BAKERY	16	4	-63.00		1	5555
5556	BAGGED COOKIES	7.5000	7.5000	10.50	SNACKS - BAKERY	16	4	0.00		1	5556
5557	PLAIN LOAF BBREAD	8.7500	8.7500	12.59	BREADS	14	4	-47.00		1	5557
555555555586	BROWNIE BBREAD	4.5000	4.5000	6.09	SNACKS - BAKERY	16	4	10.00		1	5558
5559	BAGUETTE BBREAD	6.8500	6.8500	10.19	BREADS	14	4	-16.00		1	5559
5566	TSHIRT HILLS	9.8250	9.8250	22.00	GENERAL MERCHANDISE	22	7	34.00		1	5566
5567	LONG SLEEVE HILLS	11.7500	11.7500	27.00	GENERAL MERCHANDISE	22	7	90.00		1	5567
5568	TOTE HILLS	6.1000	6.1000	14.00	GENERAL MERCHANDISE	22	7	9.00		1	5568
5569	ECLIPSE TEE	12.9183	12.6500	30.00	GENERAL MERCHANDISE	22	7	8.00		1	5569
5689	GARLIC  LOCAL	0.5727	0.5727	1.15	PRODUCE	18	3	0.00		1	5689
5690	SMALL PUMPKIN SALTY DOG	4.0000	4.0000	5.50	PRODUCE	18	3	0.00		1	5690
5691	LARGE PUMPKIN SALTY DOG	6.0000	6.0000	7.50	PRODUCE	18	3	0.00		1	5691
5692	SALTY DOG $6.25	5.0000	5.0000	6.25	PRODUCE	18	3	0.00		1	5692
5693	GOAT GROUND SALTY DOG	8.0000	8.0000	11.50	FROZEN FOODS	13	5	26.00		1	5693
5694	GOAT CHOPS SALTY DOG	9.0000	9.0000	12.99	FROZEN FOODS	13	5	0.00		1	5694
5700002120168	FANGST TROUT JUNIPER	6.5900	6.5900	9.98	SNACKS - OTHER	17	1	-1.00		1	5700002120168
5745000838004	FANGST SALMON BUCKTHORN	5.9900	5.9900	9.98	SNACKS - OTHER	17	1	2.00		1	5745000838004
57520	PEPPERS  RED BELL EACH	0.0000	0.0000	2.22	PRODUCE	18	2	0.00		1	57520
58235	IRONMAN TRI SUNGLASS	17.0000	17.0000	31.45	CAMPING & OUTDOORS	43	6	0.00		1	58235
5959	JONNY POPS! SINGLE	2.0900	2.0900	2.99	ICE CREAM	12	2	-12.00		1	5959
6000	4 PACK BAGEL BBREAD	11.5000	11.5000	16.00	SNACKS - BAKERY	16	4	51.00		1	6000
600102636536	NATURE TATS SM	3.0000	3.0000	7.00	GENERAL MERCHANDISE	22	6	0.00		1	600102636536
600102636543	NATURE TATS LRG	4.0000	4.0000	9.00	GENERAL MERCHANDISE	22	6	0.00		1	600102636543
600102636550	NATURE TATS SML 1PK	2.5000	2.5000	5.00	GENERAL MERCHANDISE	22	0	7.00		1	600102636550
600102636567	NATURE TATS LG 1PK	3.5000	3.5000	7.00	GENERAL MERCHANDISE	22	0	0.00		1	600102636567
600102636666	GB TEA TOWEL	5.0000	5.0000	12.00	GENERAL MERCHANDISE	22	0	0.00		1	600102636666
600699003285	KRAFT JETPUFF MARSHMALLOW	2.5100	2.5100	4.19	SNACKS - BAKERY	16	0	-4.00		1	600699003285
600699661164	KRAFT JETPUFF MARSHMALLOW	2.8525	2.9200	4.87	SNACKS - BAKERY	16	0	8.00		1	600699661164
6009699213078	BACKBONE SAUV BLANC 750ML	14.9900	14.9900	11.99	LIQUOR STORE	5	2	11.00		1	6009699213078
6010	PONCHO BAJA AMERIMEX	0.0000	0.0000	20.00	GENERAL MERCHANDISE	22	7	0.00		1	6010
602652170041	KIND FRUIT/NUT DELIGHT	1.3775	1.4225	2.37	SNACKS - OTHER	17	3	0.00		1	602652170041
602652170058	KIND ALM APRICOT	1.5392	1.5392	2.57	SNACKS - OTHER	17	3	0.00		1	602652170058
602652170089	KIND ALMD COCONT	1.7237	1.7237	2.87	SNACKS - OTHER	17	3	0.00		1	602652170089
602652170218	KIND POM BLUBRY PISTACH	1.4225	1.4225	2.37	SNACKS - OTHER	17	3	0.00		1	602652170218
602652170300	KIND CRML ALM SSALT BAR	1.7943	1.7943	2.99	SNACKS - OTHER	17	3	0.00		1	602652170300
602652170508	KIND DK CHOC CHRY CASHEW	1.7943	1.7943	2.99	SNACKS - OTHER	17	3	0.00		1	602652170508
602652170584	KIND BLUEBRY VANILLA CASHEW	1.7943	1.7943	2.99	SNACKS - OTHER	17	3	16.00		1	602652170584
602652170591	KIND DKCHOCMCHAALMS40786	1.7943	1.7943	2.56	SNACKS - OTHER	17	3	4.00		1	602652170591
602652170904	KIND MPL GLZD PECAN/SSLT	1.2528	1.1078	1.85	SNACKS - OTHER	17	3	0.00		1	602652170904
602652176500	KIND MADGASCAR VAN ALM	1.7943	1.7943	2.99	SNACKS - OTHER	17	3	0.00		1	602652176500
602652176517	KIND DKCHOCNUTSSLTS40805	1.7886	1.7943	2.92	SNACKS - OTHER	17	3	1.00		1	602652176517
602652176524	KIND DRK CHOC CINN PECAN	1.5390	1.5390	2.56	SNACKS - OTHER	17	3	0.00		1	602652176524
602652185335	KIND CRMLALMSSLTBRS40798	1.2536	1.2536	2.09	SNACKS - OTHER	17	3	0.00		1	602652185335
602652199776	KIND DK CH COCONUT	1.7943	1.7943	2.87	SNACKS - OTHER	17	3	0.00		1	602652199776
602652199783	KIND BAR DK CHOC ALMOND M	1.1760	1.1760	1.96	SNACKS - OTHER	17	3	0.00		1	602652199783
602652207051	KIND ALM BTR DK CHOC BAR	1.8957	2.0180	3.36	SNACKS - OTHER	17	3	0.00		1	602652207051
602652270284	KIND DKCHOC NUT SSLT BAR	10.1111	10.1111	15.56	SNACKS - OTHER	17	3	0.00		1	602652270284
602652299469	KIND DRIZZLED DKCHOPB	0.8200	0.8200	1.25	SNACKS - OTHER	17	3	-6.00		1	602652299469
602652299490	KIND DRZLD DKCHOC PB BAR	4.1441	4.1441	5.92	SNACKS - OTHER	17	3	1.00		1	602652299490
602652433610	KIND DRK CHOC RSPBRY BAR	1.7939	1.7943	2.53	SNACKS - OTHER	17	3	1.00		1	602652433610
602755006346	FIRESTONE 805	7.1000	7.1000	8.05	BEER-GS	4	0	0.00		1	602755006346
602755010787	FIRESTONE CVZA 6PK	7.8000	7.8000	10.20	BEER-GS	4	5	0.00		1	602755010787
604183006028	FRONT TEQUILA SALSA	4.0126	4.0569	6.76	EDIBLE GROCERY	19	7	-2.00		1	604183006028
604183009050	FRONT BWL CARNE ASD BRTO	3.9435	3.9435	6.56	FROZEN FOODS	13	1	0.00		1	604183009050
604183009081	FRONT BWL CHICKEN FAJITA	3.9435	3.9435	6.57	FROZEN FOODS	13	0	0.00		1	604183009081
604183110404	FRONT JALAP CILANTRO MED	4.2093	4.2855	6.76	EDIBLE GROCERY	19	7	0.00		1	604183110404
604183130402	FRONT DBL RST TOM SLSA	4.2282	4.2855	6.76	EDIBLE GROCERY	19	7	0.00		1	604183130402
604183201010	FRONT BWL TINGA TACO	0.0000	0.0000	0.00	FROZEN FOODS	13	1	0.00		1	604183201010
604183311108	SALPICA MANGO PEACH SLSA	0.0000	0.0000	0.00	EDIBLE GROCERY	19	7	0.00		1	604183311108
604262008080	RAPL SMOKD GOUDA CHEESE	4.0079	4.0079	5.42	DAIRY - OTHER	10	1	3.00		1	604262008080
604375180062	KATADYN BE FREE 1.0L	15.0000	15.0000	30.00	CAMPING & OUTDOORS	43	1	0.00		1	604375180062
604913000197	L.C. DRAFT LATTE VAN	2.6031	2.6031	4.34	COLD BEVERAGES	7	5	0.00		1	604913000197
605694000086	CAS ROS CAPERBERRIES	2.7375	5.4600	7.81	EDIBLE GROCERY	19	9	0.00		1	605694000086
606274325711	VSC ORGNL BEEF/PORK STCK	1.4641	1.4989	2.50	SNACKS - OTHER	17	1	0.00		1	606274325711
606274325735	VSC BEEF STICK BBQ	1.3769	1.4446	2.41	SNACKS - OTHER	17	1	0.00		1	606274325735
606274325759	VSC BF/PRK STK CHIPOTLE	1.1255	1.0789	2.50	SNACKS - OTHER	17	1	0.00		1	606274325759
606274327111	VSC TRKY STICK HNY/MSTRD	0.0000	0.0000	0.00	SNACKS - OTHER	17	1	0.00		1	606274327111
606274327517	VSC TURKEY STICK ANCHO	0.0000	0.0000	0.00	SNACKS - OTHER	17	1	0.00		1	606274327517
606274330722	VSC BEEF AND PORK STICK	6.4545	6.4545	10.76	SNACKS - OTHER	17	1	0.00		1	606274330722
606541803003	MILTONS MULTGRN CRKR GF	2.8138	2.8138	4.69	SNACKS - SALTY	15	5	0.00		1	606541803003
606541803096	MILTONS FRE RSTD VEG CRK	3.0682	3.0682	5.11	SNACKS - SALTY	15	5	0.00		1	606541803096
606541933786	MILTONS EVERYTHING CRKR	3.4082	3.4098	5.29	SNACKS - SALTY	15	5	10.00		1	606541933786
608503010030	AT HERBAL ARMOR SPRAY	6.7298	6.7298	11.22	HEALTH & BEAUTY CARE	21	0	0.00		1	608503010030
608503010085	AT HRBL ARMOR SPRY VALSZ	11.0761	11.0761	15.82	HEALTH & BEAUTY CARE	21	6	0.00		1	608503010085
608503010139	AT HERBAL ARMOR SPRAY	4.1525	4.1525	6.05	HEALTH & BEAUTY CARE	21	6	1.00		1	608503010139
608503010207	AT BITE SOOTH/STNG SPRAY	5.1738	5.1738	8.62	HEALTH & BEAUTY CARE	21	6	0.00		1	608503010207
608503010337	AT HRBL ARMOR INSECT RPL	7.7119	7.7119	11.22	HEALTH & BEAUTY CARE	21	6	1.00		1	608503010337
608503040235	AT RECOVERY RUB IN TUBE	5.6989	5.6989	9.50	HEALTH & BEAUTY CARE	21	6	0.00		1	608503040235
608503050043	AT SHEER BANDAGES	2.8688	2.8981	4.73	HEALTH & BEAUTY CARE	21	10	6.00		1	608503050043
608503050050	AT SUPER-STICK BANDAGES	3.2566	3.2578	4.83	HEALTH & BEAUTY CARE	21	10	7.00		1	608503050050
608503050067	AT WATERPROOF BANDAGES	3.1995	3.1995	5.33	HEALTH & BEAUTY CARE	21	10	0.00		1	608503050067
608503050074	AT GAUZE PADS 2X2	3.1853	3.2578	4.83	HEALTH & BEAUTY CARE	21	10	6.00		1	608503050074
608503050081	AT ROLLED GAUZE 3 INCH	2.8971	2.8981	4.83	HEALTH & BEAUTY CARE	21	10	6.00		1	608503050081
608503050098	AT TAPE SELF-STICK	4.4540	4.4540	6.48	HEALTH & BEAUTY CARE	21	10	0.00		1	608503050098
608503050425	AT DITCH THE ITCH CREAM	7.7119	7.7119	11.02	HEALTH & BEAUTY CARE	21	0	0.00		1	608503050425
608503051057	AT HAND SNTZR SPRAY FF	2.8875	2.8875	4.81	HEALTH & BEAUTY CARE	21	10	0.00		1	608503051057
608503430074	AT ALOE GEL SKIN RELIEF	5.9322	5.9322	8.47	HEALTH & BEAUTY CARE	21	10	1.00		1	608503430074
608883000010	ETERNAL WATER BTL 1.5L	0.0000	0.0000	3.15	WATERS - BEVERAGES	31	3	0.00		1	608883000010
609249900036	ZYN COOL MINT	5.4214	5.4260	6.60	TOBACCO, OTHER	3	1	16.00		1	609249900036
609249900043	ZYN COOL MINT 3 MG	5.3750	5.4260	6.60	TOBACCO, OTHER	3	1	18.00		1	609249900043
609249901019	ZYN PEPPERMINT 3 MG	5.4167	5.4260	6.60	TOBACCO, OTHER	3	1	20.00		1	609249901019
609249901033	ZYN PEPPERMINT 6MG	5.4260	5.4260	6.60	TOBACCO, OTHER	3	1	13.00		1	609249901033
609249902016	ZYN SPEARMINT	5.4260	5.4260	6.60	TOBACCO, OTHER	3	1	18.00		1	609249902016
609249902023	ZYN SPEARMINT	5.4260	5.4260	6.60	TOBACCO, OTHER	3	1	12.00		1	609249902023
609249903013	ZYN WINTGREEN 3MG	5.3730	5.4260	6.60	TOBACCO, OTHER	3	1	11.00		1	609249903013
609249903020	ZYN WINTERGREEN 6MG	5.4260	5.4260	6.60	TOBACCO, OTHER	3	1	11.00		1	609249903020
609249904010	ZYN COFFEE	5.4257	5.4260	6.60	TOBACCO, OTHER	3	1	15.00		1	609249904010
609249904027	ZYN COFFEE	5.3978	5.4260	6.60	TOBACCO, OTHER	3	1	13.00		1	609249904027
609249906014	ZYN CINNAMON	5.3877	5.4260	6.60	TOBACCO, OTHER	3	1	2.00		1	609249906014
609249906021	ZYN CINNAMON	5.2920	5.2920	6.60	TOBACCO, OTHER	3	1	-1.00		1	609249906021
609249907011	ZYN CITRUS	5.3440	5.4260	6.60	TOBACCO, OTHER	3	1	24.00		1	609249907011
609249907028	ZYN CITRUS	5.4087	5.4260	6.60	TOBACCO, OTHER	3	1	26.00		1	609249907028
609249914019	ZYN SMOOTH	5.4260	5.4260	6.60	TOBACCO, OTHER	3	1	3.00		1	609249914019
609249914026	ZYN SMOOTH	5.4260	5.4260	6.60	TOBACCO, OTHER	3	1	10.00		1	609249914026
609249920010	ZYN CHILL	5.4260	5.4260	6.60	TOBACCO, OTHER	3	1	18.00		1	609249920010
609249920225	ZYN CHILL	5.4206	5.4260	6.60	TOBACCO, OTHER	3	1	18.00		1	609249920225
609249923035	ZYN MENTHOL	5.3968	5.4260	6.60	TOBACCO, OTHER	3	1	14.00		1	609249923035
609249923042	ZYN MENTHOL	5.3916	5.4260	6.60	TOBACCO, OTHER	3	1	27.00		1	609249923042
609722797719	RED ROCK MARV 500ML SNGL	3.7292	4.0400	4.04	LIQUOR STORE	5	1	11.00		1	609722797719
609722797764	RED ROCK DRIOMA 500ML SNGL	0.0000	4.0400	4.04	LIQUOR STORE	5	1	0.00		1	609722797764
610056894555	2LILFRUIT TEA TOWEL	7.2667	7.3214	14.00	HOUSEHOLD/CLEANING	20	2	9.00		1	610056894555
610056894562	2LILFRUIT WHISKEY GLASS	7.3250	7.3250	14.50	GENERAL MERCHANDISE	22	6	5.00		1	610056894562
610563252466	USA DEF DIESEL EXHAUST FL	10.0700	10.0700	16.78	AUTOMOTIVE PRODUCTS	24	2	0.00		1	610563252466
611269002706	RED BULL WHITE PEACH 12OZ	2.8288	2.8288	4.71	COLD BEVERAGES	7	3	66.00		1	611269002706
611269113570	RED BULL YELLOW 12 OZ	2.6700	2.6700	4.11	COLD BEVERAGES	7	3	0.00		1	611269113570
611269163452	RED BULL YELOW 8.4 OZ	2.0789	2.0954	3.49	COLD BEVERAGES	7	3	75.00		1	611269163452
611269281361	RED BULL COC 8.4 OZ	1.7651	1.7908	3.20	COLD BEVERAGES	7	3	-44.00		1	611269281361
611269283105	RED BULL PCH NECT 12 OZ	2.2042	1.7000	3.75	COLD BEVERAGES	7	3	0.00		1	611269283105
611269333572	RED BULL PEACH NEC 8.4OZ	3.3368	3.9733	5.30	COLD BEVERAGES	7	3	9.00		1	611269333572
611269818994	RED BULL 12 OZ	2.7396	2.7396	4.57	COLD BEVERAGES	7	3	60.00		1	611269818994
611269991000	RED BULL 8.4 OZ	1.4200	1.4200	2.36	COLD BEVERAGES	7	3	0.00		1	611269991000
611403705814	SHERPA TOY MONKEY	8.1700	8.1700	13.69	HOUSEHOLD/CLEANING	20	5	1.00		1	611403705814
611482060330	BROADBENT VERDE WINE 750ML	12.9900	12.9900	12.99	LIQUOR STORE	5	2	13.00		1	611482060330
611624019813	SWSSP OG COTTON BALLS	2.5313	2.5313	4.22	HEALTH & BEAUTY CARE	21	10	1.00		1	611624019813
611628916705	CAULIFOWER FLORETS	16.1100	16.1100	20.65	PRODUCE	18	2	1.00		1	611628916705
612900099604	OG2 VIC CORNMEAL CRST PZ	5.1129	5.1129	0.00	EDI/UNKNOWN	99	0	0.00		1	612900099604
613008715267	ARIZONA GRN TEA 23 OZ	0.8750	0.8750	1.46	COLD BEVERAGES	7	6	168.00		1	613008715267
613008717711	ARIZONA SWEET TEA 23 OZ	0.8750	0.8750	1.63	COLD BEVERAGES	7	6	48.00		1	613008717711
613008718459	ARIZONA RX EN 23 OZ	0.8750	0.8750	1.46	COLD BEVERAGES	7	6	72.00		1	613008718459
613008719302	ARIZONA AP 23 OZ	0.8750	0.8750	1.46	COLD BEVERAGES	7	6	192.00		1	613008719302
613008722005	ARNOLD PALMER SPKD 12 PA 24oz 5%ABV	15.7094	15.7350	21.25	BEER-GS	4	7	34.00		1	613008722005
613008728571	ARIZONA A.PALMER DIET	0.6696	0.6696	0.99	COLD BEVERAGES	7	6	0.00		1	613008728571
613008735470	ARIZONA RASP 23 OZ	0.6696	0.6696	1.09	COLD BEVERAGES	7	6	0.00		1	613008735470
613008751210	ARIZONA TALL BOY SWEET TE	0.7611	0.7771	1.29	COLD BEVERAGES	7	6	0.00		1	613008751210
613008752200	ARNOLD PALMER 12OZ	15.9500	15.9500	18.69	BEER-GS	4	1	-26.00		1	613008752200
613008756420	ARIZONA GREEN TEA 23 OZ	0.8821	0.8746	1.46	COLD BEVERAGES	7	6	-144.00		1	613008756420
613008756437	ARIZONA SWEET TEA	0.9700	0.9700	1.46	COLD BEVERAGES	7	6	-11.00		1	613008756437
613008756444	ARIZONA RX ENERGY	0.8987	0.8746	1.99	COLD BEVERAGES	7	6	-41.00		1	613008756444
613008756468	ARIZONA TEA ARNOLD	0.8746	0.8746	1.46	COLD BEVERAGES	7	6	-165.00		1	613008756468
613008756505	ARIZONA RSPBRY 23 OZ	0.8750	0.8750	1.46	COLD BEVERAGES	7	6	42.00		1	613008756505
614143362330	GRAPES  SEEDLESS RED	6.7300	6.7300	8.41	PRODUCE	18	1	0.00		1	614143362330
6154	GREEN BEANS	5.0000	5.0000	6.25	PRODUCE	18	2	0.00		1	6154
6155	ONIONS  LOCAL	2.0000	2.0000	2.85	PRODUCE	18	3	-5.00		1	6155
616112039212	WHOLLY GUAC CLASSIC SNK P	0.5960	0.5960	0.99	SNACKS - OTHER	17	0	0.00		1	616112039212
616612949899	BEWILDER GECKO 473ML 4PK	15.1600	15.1600	15.16	LIQUOR STORE	5	1	8.00		1	616612949899
617215927307	BABA HUMMUS GAR ART	5.3974	5.3974	7.67	GRAB & GO FOODS	11	3	0.00		1	617215927307
617215927321	BABA GARLIC HUMMUS	5.3974	5.3974	7.10	GRAB & GO FOODS	11	3	0.00		1	617215927321
617215927369	BABA HMMS SPCY HRSSA	4.9889	4.9889	7.13	GRAB & GO FOODS	11	3	0.00		1	617215927369
617215927512	BABA HUMMUS ZESTY LEMON	5.3974	5.3974	7.71	GRAB & GO FOODS	11	3	0.00		1	617215927512
617215927567	BABA PITA CHIPS	4.0647	4.0030	6.95	SNACKS - SALTY	15	5	0.00		1	617215927567
617215927611	BABA HUMMUS CLASSIC	5.3974	5.3974	8.30	GRAB & GO FOODS	11	3	1.00		1	617215927611
617215927635	BABASMALL FLAT BRD GREEK	5.7228	5.7228	7.63	GRAB & GO FOODS	11	3	5.00		1	617215927635
618397200929	DEL MAG VIDA MEZCAL	34.9900	34.9900	34.99	LIQUOR STORE	5	3	0.00		1	618397200929
619947000013	TITOS VODKA 1000 ML	24.9900	24.9900	24.99	LIQUOR STORE	5	3	10.00		1	619947000013
619947000020	TITOS VODKA 750ML	23.9900	23.9900	23.99	LIQUOR STORE	5	3	0.00		1	619947000020
619947000044	TITOS VODKA 200ML	7.9900	7.9900	7.99	LIQUOR STORE	5	3	24.00		1	619947000044
619947000051	TITOS VODKA  375ML	0.0000	12.9900	12.99	LIQUOR STORE	5	3	0.00		1	619947000051
621683620158	TINKYADA BR RC PASTA	0.0000	0.0000	5.49	EDIBLE GROCERY	19	3	1.00		1	621683620158
625012801201	CHICKEN QUOTES PUZZLE	14.3900	14.3900	29.99	GENERAL MERCHANDISE	22	12	0.00		1	625012801201
62502	REEF SUNGLASS	5.0000	5.0000	9.25	CAMPING & OUTDOORS	43	6	0.00		1	62502
626232160925	ATITUD ORGBLSM SNSRN STK	12.5452	12.5452	20.91	HEALTH & BEAUTY CARE	21	6	0.00		1	626232160925
628451738602	CABOO BMBOO FLSHBL WIPES	3.8413	3.8657	6.30	HOUSEHOLD/CLEANING	20	3	6.00		1	628451738602
628451773108	EMPRESS GIN 1908 750mL	39.9900	39.9900	39.99	LIQUOR STORE	5	3	3.00		1	628451773108
628451773801	EMPRESS 1908 GIN ELD&ROSE 750ML	0.0000	39.9900	39.99	LIQUOR STORE	5	3	7.00		1	628451773801
62953	MITCHELL SUNGLASS	14.9500	14.9500	27.65	CAMPING & OUTDOORS	43	6	0.00		1	62953
630509277773	CLUE GAME	6.4000	6.4000	14.99	GENERAL MERCHANDISE	22	12	-1.00		1	630509277773
630509277780	BATTLESHIP	6.4000	6.4000	14.99	GENERAL MERCHANDISE	22	12	0.00		1	630509277780
630509277797	CONNECT FOUR	6.4000	6.4000	14.99	GENERAL MERCHANDISE	22	12	0.00		1	630509277797
630509277834	TROUBLE GAME	6.4000	6.4000	14.99	GENERAL MERCHANDISE	22	12	0.00		1	630509277834
630509747740	MONOPOLY DEAL	4.1360	4.2200	10.99	GENERAL MERCHANDISE	22	12	2.00		1	630509747740
631060853246	RANGER LAVENDER CARAMEL 4PK	7.2000	7.2000	10.29	CANDY	8	2	1.00		1	631060853246
631723006002	DIVINA STFD GRAPE LEAVES	3.8505	3.8511	5.50	EDIBLE GROCERY	19	6	13.00		1	631723006002
631723006101	DIVINA GRAPE LEAVES	5.4975	5.4975	8.46	EDIBLE GROCERY	19	9	0.00		1	631723006101
631723200455	DIVINA BLU CHS STFD OLVS	6.4056	6.4072	9.68	EDIBLE GROCERY	19	9	5.00		1	631723200455
631723201100	DIV RSTD RD PPR	5.1850	5.1850	7.26	EDIBLE GROCERY	19	9	6.00		1	631723201100
631723202152	DIVINA OLIVE FETA MRNTED	6.4039	6.4039	9.15	EDIBLE GROCERY	19	9	3.00		1	631723202152
631723202466	DIVINA BRUSCHETTA	2.8670	2.8670	4.78	EDIBLE GROCERY	19	0	0.00		1	631723202466
631723202619	DIVINA KLMTA OLIVES	4.7118	5.0667	7.24	EDIBLE GROCERY	19	9	5.00		1	631723202619
631723207027	DIVINA RST TOM OIL&HERBS	7.5424	7.5482	11.55	EDIBLE GROCERY	19	7	3.00		1	631723207027
631723212410	DIVINA GREEK OLV MIX	5.0635	5.0635	7.23	EDIBLE GROCERY	19	9	7.00		1	631723212410
631740010105	PRESRV ULTRA SOFT T BRSH	2.6111	2.6112	4.35	HEALTH & BEAUTY CARE	21	8	7.00		1	631740010105
631740010129	PRESRV ADULT SFT TBRUSH	2.2692	2.2692	3.78	HEALTH & BEAUTY CARE	21	8	0.00		1	631740010129
631740010150	PRESRV MEDIUM TOOTHBRUSH	2.5947	2.6112	3.73	HEALTH & BEAUTY CARE	21	8	5.00		1	631740010150
631740010167	PRESRV ADULT MED TBRUSH	2.3081	2.3081	3.78	HEALTH & BEAUTY CARE	21	8	0.00		1	631740010167
631740050521	PRESRV SHAVE5 MENS RAZOR	7.1407	7.1852	11.78	HEALTH & BEAUTY CARE	21	8	0.00		1	631740050521
631740056363	PRESRV RAZOR POPI 5 GRN	7.1852	7.1852	9.58	HEALTH & BEAUTY CARE	21	6	12.00		1	631740056363
631740330401	PRESRV MED WGHT CUTLERY	2.5050	2.5050	3.58	HOUSEHOLD/CLEANING	20	2	1.00		1	631740330401
631740410110	PRESRV FOOD STRG LG GRN	2.7424	2.7424	4.57	HOUSEHOLD/CLEANING	20	2	0.00		1	631740410110
631740420010	PRESRV CUT BOARD GRN SM	6.4583	6.4583	10.76	HOUSEHOLD/CLEANING	20	2	0.00		1	631740420010
631740430002	PRESRV CUT BOARD WHT LRG	10.3276	10.3276	17.21	HOUSEHOLD/CLEANING	20	2	0.00		1	631740430002
631740460030	PRESRV FDSTRG SNDWCH AQU	4.5853	4.5853	7.64	HOUSEHOLD/CLEANING	20	2	0.00		1	631740460030
631740730027	COMPOSTABLE CUPS	3.7200	3.7200	6.21	HOUSEHOLD/CLEANING	20	2	-3.00		1	631740730027
631740730034	PRESRV HOT CP COMPO NAT	3.7239	3.7239	6.21	HEALTH & BEAUTY CARE	21	8	12.00		1	631740730034
631740750025	PAPER STRAWS	4.5333	4.5333	7.56	HOUSEHOLD/CLEANING	20	2	1.00		1	631740750025
633472249631	CLEAR BLUE PREGNANCY TEST	4.0800	4.0800	6.89	HEALTH & BEAUTY CARE	21	4	4.00		1	633472249631
633600502331	BELA SARDINES IN HOT SCE	2.5771	2.5771	4.23	SNACKS - OTHER	17	1	0.00		1	633600502331
633600502348	BELA SARDINES IN LEM SCE	2.5771	2.5771	4.30	SNACKS - OTHER	17	1	0.00		1	633600502348
634418523495	ALBANESE GUMMI PEACH RING	2.0729	2.0600	3.17	CANDY	8	3	8.00		1	634418523495
635475111120	OG FARMERS EGGS	5.5964	5.5964	7.99	DAIRY - OTHER	10	2	0.00		1	635475111120
635475111151	OG2 FRMRS JUMBO EGGS	0.0000	0.0000	0.00	EDI/UNKNOWN	99	0	0.00		1	635475111151
635475111168	FRMRS PSTR LRG BRWN	6.5890	6.5890	8.79	DAIRY - OTHER	10	2	26.00		1	635475111168
635475111182	FRMRS GRD A MED EGGS	5.6104	5.6920	7.48	DAIRY - OTHER	10	2	0.00		1	635475111182
635475182342	FARMERS EGGS	4.3879	4.3879	5.90	DAIRY - OTHER	10	2	2.00		1	635475182342
635519112045	URBAN WHL MULLNG SPC TNT	3.1880	3.1880	4.90	EDIBLE GROCERY	19	12	0.00		1	635519112045
635985067443	MIKES HARD CHERRY 6PK	0.0000	7.5800	10.83	BEER-GS	4	1	0.00		1	635985067443
635985100331	WHITE CLAW MANGO 12PK	15.7500	15.7500	21.21	BEER-GS	4	3	4.00		1	635985100331
635985100621	MIKES HARD LEMONADE	7.9750	7.9750	11.39	BEER-GS	4	1	0.00		1	635985100621
635985224136	MIKES STRAWBRY 6 PK BT	7.9750	7.9750	11.39	BEER-GS	4	3	0.00		1	635985224136
635985258827	MIKES LEM TALLBOY	2.3542	2.3542	3.29	BEER-GS	4	4	23.00		1	635985258827
635985260387	WHITE CLAW CHERRY 19oz	2.2417	2.2417	3.20	BEER-GS	4	0	0.00		1	635985260387
635985260394	WHITE CLAW MNGO 19oz	2.2417	2.2417	3.20	BEER-GS	4	0	0.00		1	635985260394
635985260660	WHITE CLAW RASP	0.0000	0.0000	12.90	BEER-GS	4	5	0.00		1	635985260660
635985260899	WHITE CLAW CHRY 12pk	15.7500	15.7500	21.86	BEER-GS	4	3	3.00		1	635985260899
635985800262	WHITE CLAW VRTY	15.4636	15.7500	21.63	BEER-GS	4	5	-28.00		1	635985800262
635985800361	WHITE CLAW WTRMLN	15.7500	15.7500	21.63	BEER-GS	4	0	-2.00		1	635985800361
635985801238	WHITE CLAW VARIETY	15.7500	15.7500	21.65	BEER-GS	4	5	33.00		1	635985801238
636519322922	BUG PROTECTOR MOSQUITO SP	4.4100	4.4100	8.09	CAMPING & OUTDOORS	43	0	0.00		1	636519322922
636874040820	EVRONE LAVENDR/ALOE LTN	9.0248	9.0248	0.00	EDI/UNKNOWN	99	0	0.00		1	636874040820
636874040844	EVRONE CITRUS/MINT LTN	9.0248	9.0248	0.00	EDI/UNKNOWN	99	0	0.00		1	636874040844
636874040943	EO DEOD WIPES LAV 6CT	2.9045	2.9045	4.15	HEALTH & BEAUTY CARE	21	6	2.00		1	636874040943
636874120164	EO SOAP REFIL	32.4000	32.4000	54.00	STORE USE/SUPPLY	94	0	0.00		1	636874120164
636874120218	EO HAND SANITIZER LAV	6.0197	6.0197	8.61	HEALTH & BEAUTY CARE	21	6	2.00		1	636874120218
636874120874	EO HND SANI SPRY LAV	3.0099	3.0099	4.84	HEALTH & BEAUTY CARE	21	10	3.00		1	636874120874
636874220383	EVRONE UNSCNTED LTN	9.0248	9.0248	12.89	HEALTH & BEAUTY CARE	21	6	0.00		1	636874220383
636874224718	EVRONE COCONT/LEM LOTION	2.4081	2.4077	3.91	HEALTH & BEAUTY CARE	21	6	6.00		1	636874224718
636874226309	EVRONE HNDSAN RBY GRPFRT	2.4069	2.4069	3.44	HEALTH & BEAUTY CARE	21	0	0.00		1	636874226309
636874231242	EVRONE LAV ALOE LOTION	4.8041	4.8041	7.17	HEALTH & BEAUTY CARE	21	6	3.00		1	636874231242
637792501004	TTT TEATREE TOOTHPICKS	2.6539	2.8332	4.06	HEALTH & BEAUTY CARE	21	8	0.00		1	637792501004
637792505002	TTT TEA TREE CINN TPICKS	2.8332	2.8332	3.88	HEALTH & BEAUTY CARE	21	8	1.00		1	637792505002
638031612154	FR SAUSAGE VEGAN  ITALIAN	5.6413	5.6413	8.06	FROZEN FOODS	13	5	0.00		1	638031612154
638031612161	FR MEX CHIPOTLE SAUSAGE	4.9069	4.8967	8.25	FROZEN FOODS	13	5	0.00		1	638031612161
638031612178	FR SMKD APL SAGE SAUSAGE	5.6413	5.6413	8.12	FROZEN FOODS	13	5	-8.00		1	638031612178
638060853986	LINT ROLLER TRVL SZ MINI	1.8100	1.8100	3.02	HOUSEHOLD/CLEANING	20	0	0.00		1	638060853986
638071780769	WINDCHIMES HUMMINGBIRDS	15.7500	15.7500	32.00	GENERAL MERCHANDISE	22	6	0.00		1	638071780769
638071787157	WINDCHIMES SPIRAL BELLS	9.5000	9.5000	19.00	GENERAL MERCHANDISE	22	6	1.00		1	638071787157
638071787171	WINDCHIMES BELLS MOBILE	12.5000	12.5000	25.00	GENERAL MERCHANDISE	22	6	-3.00		1	638071787171
638071789090	WINDCHIMES WATER CAN	16.0000	16.0000	32.00	GENERAL MERCHANDISE	22	6	2.00		1	638071789090
638116241705	DRUNKEN GOAT CHEESE	6.6600	6.6600	8.88	DAIRY - OTHER	10	1	1.00		1	638116241705
638116241712	MAHON MENORCA MITICA CHZ	4.6543	4.6543	6.07	DAIRY - OTHER	10	1	0.00		1	638116241712
638116241729	MANCHEGO-DOP CHZ	7.0500	7.0500	9.40	DAIRY - OTHER	10	0	0.00		1	638116241729
638882000582	STAHL CRANBERRIES	4.2627	4.2709	6.50	FROZEN FOODS	13	2	2.00		1	638882000582
638882002005	FARMERS CAN PUMPKIN	2.7676	2.8024	3.94	EDIBLE GROCERY	19	9	12.00		1	638882002005
638882002036	OG1 FARMERS SWT POT PREE	3.0293	3.0293	0.00	EDI/UNKNOWN	99	0	0.00		1	638882002036
639277466051	ZIP TIES	0.0000	0.0000	1.99	GENERAL MERCHANDISE	22	8	0.00		1	639277466051
639736006309	GRAND TET SWEETGRASS 355ML 6PK	9.7200	9.7200	9.72	LIQUOR STORE	5	1	4.00		1	639736006309
639736118002	GRAND TETON RANGE 355ML 6PK	9.7200	9.7200	9.72	LIQUOR STORE	5	1	0.00		1	639736118002
642016100420	PATCH KIT BIKE	1.2700	1.2700	2.31	CAMPING & OUTDOORS	43	3	3.00		1	642016100420
642507201018	HIKERS COMPANION CARDS	6.9141	7.1800	12.13	GENERAL MERCHANDISE	22	12	0.00		1	642507201018
642860200529	FOUNDERS BRKFST ST BTL 355ML 4PK	14.2000	14.2000	14.20	LIQUOR STORE	5	1	9.00		1	642860200529
6430074957018	SENSEI FRISBEE	10.4400	10.4400	21.99	CAMPING & OUTDOORS	43	4	0.00		1	6430074957018
643323167458	TROUT CAN COOLER	3.9800	3.9800	6.99	CAMPING & OUTDOORS	43	5	0.00		1	643323167458
645771006525	DOUBLE SHOT OBSID	25.7300	25.7300	42.88	CAMPING & OUTDOORS	43	5	5.00		1	645771006525
645771007058	DOUBLE SHOT COF PRESS RED ROCK	25.7300	25.7300	37.80	HOUSEHOLD/CLEANING	20	2	0.00		1	645771007058
645785010020	WORMS	2.6000	2.6000	4.00	CAMPING & OUTDOORS	43	2	-37.00		1	645785010020
648230001420	PALACIOS CHORIZO HOT	7.9000	7.9000	11.29	SNACKS - OTHER	17	1	0.00		1	648230001420
649245000033	SQUATTERS 147 WST 12PK CAN	14.4400	14.4400	20.63	BEER-GS	4	0	0.00		1	649245000033
649245100009	SQUATERS HEFE 6PK	9.0250	9.1625	13.09	BEER-GS	4	6	0.00		1	649245100009
649245121257	SQUATERS SESSION SAMPLER	15.3000	15.3000	23.49	BEER-GS	4	6	7.00		1	649245121257
649245129994	GRANDEUR PEAK 12PK	16.0327	16.4450	21.93	BEER-GS	4	0	0.00		1	649245129994
649245200006	SQUATTERS PALE ALE 6 PACK	8.3875	8.3875	13.09	BEER-GS	4	5	2.00		1	649245200006
649245560001	SQUATTERS JUICY 6PK	8.3875	8.3875	13.09	BEER-GS	4	5	12.00		1	649245560001
649245560124	SQUATTERS JUICY 12 PK	15.3000	15.3000	23.49	BEER-GS	4	5	9.00		1	649245560124
649245800008	SQUATTERS CHASING TAIL 6CN	9.1625	9.1625	13.09	BEER-GS	4	0	0.00		1	649245800008
652138101113	DEFENDAL ANTIFREEZE 50/50	10.6100	10.6100	17.68	AUTOMOTIVE PRODUCTS	24	2	0.00		1	652138101113
652138902192	KOSTUSA DEFENDALL 50/50 COOLANT	7.8667	7.8667	13.11	AUTOMOTIVE PRODUCTS	24	2	0.00		1	652138902192
652642000506	NOCCI HZLNTCOCO SPRD	5.0068	5.0068	7.70	EDIBLE GROCERY	19	7	0.00		1	652642000506
652865411998	HIMCHAN NETI POT CERAMIC	10.5613	10.5613	0.00	EDI/UNKNOWN	99	0	0.00		1	652865411998
653233615604	FIELD REC SKINS 750ML	19.9900	19.9900	19.99	LIQUOR STORE	5	2	16.00		1	653233615604
653793703056	OG1 UNBL ALL FMLY FLOUR	30.6823	30.6823	0.00	EDI/UNKNOWN	99	0	0.00		1	653793703056
653793704008	OG1 GIUS BAK/CHOICE FL	62.7846	62.7846	0.00	EDI/UNKNOWN	99	0	0.00		1	653793704008
654749352274	AVALON UNSCENTED LOTION	14.4805	14.4805	23.89	HEALTH & BEAUTY CARE	21	6	0.00		1	654749352274
654871000425	CRYSTAL G LEM MIN 12 PK	1.7140	1.7156	2.48	COLD BEVERAGES	7	2	0.00		1	654871000425
654871000449	CRYSTAL G LIME MIN 12 PK	1.6767	1.6897	2.48	COLD BEVERAGES	7	2	0.00		1	654871000449
654871010493	CG CRNBRY CLEM SPRK WTR	0.0000	0.0000	0.00	COLD BEVERAGES	7	2	0.00		1	654871010493
654871035380	TEJAVA TEA BLACK LEMON	4.3932	4.3932	6.76	COLD BEVERAGES	7	6	0.00		1	654871035380
654871035397	TEJAVA LEM BLK TEA	1.1002	1.0983	1.76	COLD BEVERAGES	7	6	0.00		1	654871035397
654871180042	CRYSTAL G LIME MIN 1.25L	0.6254	2.9664	1.04	COLD BEVERAGES	7	2	0.00		1	654871180042
655852000793	AURORA CASHEWS R/S	6.7710	6.7710	11.28	SNACKS - OTHER	17	5	0.00		1	655852000793
655852001554	AURORA PNUTS RST NS	3.6558	3.6558	5.97	SNACKS - OTHER	17	5	0.00		1	655852001554
655852002056	AURNAT CRNBRY NO SUG	8.2752	8.2752	11.82	SNACKS - OTHER	17	4	0.00		1	655852002056
655852003008	AURORA CASHEWS WHOLE	6.7710	6.7710	9.67	SNACKS - OTHER	17	5	0.00		1	655852003008
655852003220	AURORA ALM RAW CALIF	8.7177	8.7177	12.45	SNACKS - OTHER	17	5	0.00		1	655852003220
655852003541	AURORA DATES DEGLET	0.0000	0.0000	0.00	SNACKS - OTHER	17	4	0.00		1	655852003541
655852003565	AURORA FIGS MISSION	7.2143	7.2143	10.31	SNACKS - OTHER	17	4	0.00		1	655852003565
655852003633	AURORA PRUNES	6.9210	6.9210	9.89	SNACKS - OTHER	17	4	1.00		1	655852003633
655852003794	AURORA PECANS RAW	7.7938	7.7938	11.13	SNACKS - OTHER	17	5	0.00		1	655852003794
655852003800	AURORA WALNUTS RAW	6.3034	6.3034	9.00	SNACKS - OTHER	17	5	0.00		1	655852003800
655852005040	AURORA HAZELNUTS RAW	6.5844	6.5968	10.73	SNACKS - OTHER	17	5	1.00		1	655852005040
657082064408	IAB SAN FRN SOURDGH	5.3374	5.3374	7.62	BREADS	14	1	1.00		1	657082064408
657622019776	HONEST GRN TEA UNSWT	1.3515	1.3515	2.25	COLD BEVERAGES	7	6	0.00		1	657622019776
657622425164	HONEST MNG MATE BLK TEA	1.3435	1.3435	2.24	COLD BEVERAGES	7	6	0.00		1	657622425164
657622714503	HONEST BLK TEA UNSWT	1.3515	1.3515	2.25	COLD BEVERAGES	7	6	0.00		1	657622714503
657622816924	HONEST TEA FORST BRY	1.3656	1.3656	2.28	COLD BEVERAGES	7	6	0.00		1	657622816924
658238518004	IC4B CHOCTURNAL ICRM	6.4808	6.4902	9.01	ICE CREAM	12	1	9.00		1	658238518004
658238518011	IC4B QUEEN & BEAN ICRM	6.0672	6.0672	8.09	ICE CREAM	12	1	-1.00		1	658238518011
658238518059	IC4B BUTTERBEAR ICRM	6.3712	6.4902	9.27	ICE CREAM	12	1	7.00		1	658238518059
658334472811	ROADS END QUICK GRAVY	0.0000	0.0000	2.09	EDIBLE GROCERY	19	7	0.00		1	658334472811
659201102015	FOOD TRAD POLENTA	2.7481	2.7481	4.16	EDIBLE GROCERY	19	3	12.00		1	659201102015
659424442790	THE DUECE BLACK	12.4200	12.4200	22.95	CAMPING & OUTDOORS	43	1	6.00		1	659424442790
659424443032	DUECE #2 TROWEL ORNG	10.8300	10.8300	18.05	CAMPING & OUTDOORS	43	1	0.00		1	659424443032
659424443094	DUECE #2 TROWEL BLK	10.8300	10.8300	18.05	CAMPING & OUTDOORS	43	1	0.00		1	659424443094
660048154402	CHUCK IT FAN DOG TOY	5.4500	5.4500	9.08	HOUSEHOLD/CLEANING	20	5	0.00		1	660048154402
660484231156	KALE BUNCH COOK FRM	1.4542	1.4542	2.08	PRODUCE	18	2	-12.00		1	660484231156
660484231217	SHISITO PEPPERS	2.5250	2.5250	3.61	PRODUCE	18	2	12.00		1	660484231217
661195200776	NALGENE RECT 8 OZ	1.4000	1.4000	3.19	HOUSEHOLD/CLEANING	20	2	9.00		1	661195200776
661195312127	NALGENE RECT 4 OZ	0.8700	0.8700	1.99	HOUSEHOLD/CLEANING	20	2	5.00		1	661195312127
661195790321	NALGENE 32 OZ BOTTLE	4.7000	4.7000	9.99	CAMPING & OUTDOORS	43	1	11.00		1	661195790321
661799901017	BEE BRO CARAMEL 6PK	1.6800	1.6800	2.80	CANDY	8	3	0.00		1	661799901017
661799901031	BEE BRO HNY ROASTED ALMOND	7.2000	7.2000	10.00	SNACKS - OTHER	17	5	15.00		1	661799901031
661899157611	50' EXTENSION CORD	15.9000	15.9000	24.99	GENERAL MERCHANDISE	22	10	0.00		1	661899157611
662425021512	RAAKA PNK SSALT 71%	4.4257	4.5618	6.65	CANDY	8	2	10.00		1	662425021512
662425035823	RAA CASK AGE 82%	4.1372	4.1372	5.91	CANDY	8	2	0.00		1	662425035823
662425035922	RAAKA CCNUT MLK 60%	3.8203	3.8203	5.88	CANDY	8	2	0.00		1	662425035922
662425035946	RAAKA MAPLE NIBS 75%	4.6957	4.7393	5.43	CANDY	8	2	7.00		1	662425035946
662425071791	RAAKA 71% PNK SSLT	0.6011	0.6037	0.90	CANDY	8	2	32.00		1	662425071791
663654862921	CLEAR CON MULTI PURP SOL	8.3246	8.3246	13.63	HEALTH & BEAUTY CARE	21	7	0.00		1	663654862921
663654862952	CLEAR CON MULTI PURP SOL	3.7441	3.7441	6.14	HEALTH & BEAUTY CARE	21	7	0.00		1	663654862952
664804001368	ESPOLON  TEQUILA REPOSADO 1750ML	0.0000	64.9900	64.99	LIQUOR STORE	5	3	0.00		1	664804001368
665290001825	BERRIES  STRAWBERRIES clamshell	4.2875	4.2875	6.41	PRODUCE	18	1	0.00		1	665290001825
665290003065	BLACKBERRIES  GIANT OG	3.2417	3.2417	4.63	PRODUCE	18	1	-1.00		1	665290003065
665290051349	GIANT BLUEBERRIES ORG	2.2167	2.2167	3.17	PRODUCE	18	1	0.00		1	665290051349
665290051400	BLUEBERRIES CLAM GIANT	2.9708	2.9708	3.96	PRODUCE	18	1	0.00		1	665290051400
665991040109	RANSOM OLD TOM GIN 750ML	32.9900	32.9900	32.99	LIQUOR STORE	5	3	0.00		1	665991040109
669465082015	FARKEL GAME	0.0000	0.0000	13.23	GENERAL MERCHANDISE	22	12	0.00		1	669465082015
669576019207	DECOY RED WINE 750ML	0.0000	25.9900	25.99	LIQUOR STORE	5	2	15.00		1	669576019207
669576019252	DECOY MERLOT 750ML	21.9900	21.9900	25.99	LIQUOR STORE	5	2	12.00		1	669576019252
669660940745	YAMS 3LB BAGS	4.1600	4.1600	5.55	PRODUCE	18	2	0.00		1	669660940745
671521400107	LNB VGN BRD MILT&CHIA GF	5.6113	5.6113	8.63	BREADS	14	1	1.00		1	671521400107
671521400206	LNB VGN BRD SDS &GRNS GF	5.6113	5.6113	0.00	EDI/UNKNOWN	99	0	0.00		1	671521400206
671704000148	BLUEBERRIES  ORG	3.1083	3.1083	5.04	PRODUCE	18	1	0.00		1	671704000148
676502188883	BIG ISLAND LEMONADE	2.5246	2.5309	3.66	COLD BEVERAGES	7	4	1.00		1	676502188883
676502196741	BIG ISLAND HAWAIIAN GINGADE	2.5309	2.5309	3.66	COLD BEVERAGES	7	4	-1.00		1	676502196741
676502199995	B.I. GINGERADE MATE	2.5285	2.5309	3.95	COLD BEVERAGES	7	6	1.00		1	676502199995
678112254156	CLEAR EYES REDNESS 15mL	3.2367	3.2367	5.39	HEALTH & BEAUTY CARE	21	7	0.00		1	678112254156
678112254187	CLEAR EYES TRIAL SIZE	1.9600	1.9600	3.27	HEALTH & BEAUTY CARE	21	7	0.00		1	678112254187
678523038505	GLUTINO ORIGINAL	2.9341	2.9272	5.10	SNACKS - SALTY	15	5	0.00		1	678523038505
678523375488	GLUTINO ENG MUFF	0.0000	0.0000	9.29	BREADS	14	0	-2.00		1	678523375488
680692101027	NUMI ROOIBOS TEA	5.3598	5.5270	8.50	EDIBLE GROCERY	19	1	9.00		1	680692101027
680692101041	NUMI MINT MOROCCAN	5.5270	5.5270	9.06	EDIBLE GROCERY	19	1	6.00		1	680692101041
680692101065	NUMI CHINESE BREAKFAST	0.0000	0.0000	8.00	EDIBLE GROCERY	19	1	2.00		1	680692101065
680692101089	NUMI JASMINE GRN TEA	5.5204	5.5335	8.25	EDIBLE GROCERY	19	1	8.00		1	680692101089
680692101096	NUMI GNPWDR GRN TEA	5.2612	5.5270	9.06	EDIBLE GROCERY	19	1	5.00		1	680692101096
680692101508	NUMI CHAM LEMON TEA	5.4846	5.5384	8.50	EDIBLE GROCERY	19	1	6.00		1	680692101508
680692101706	NUMI TEA AGE EARLGRY	5.5319	5.5335	7.90	EDIBLE GROCERY	19	1	6.00		1	680692101706
680692106138	NUMI HRB TEA DESTRSS	5.5238	5.5238	7.89	EDIBLE GROCERY	19	1	3.00		1	680692106138
680692106145	NUMI HRB TEA IMMN BS	5.5330	5.5384	7.89	EDIBLE GROCERY	19	1	8.00		1	680692106145
680692106183	NUMI HRB TEA TRT STH	5.4679	5.5238	9.21	EDIBLE GROCERY	19	1	0.00		1	680692106183
681066063699	STEREO EARBUDS	3.0000	3.0000	5.99	GENERAL MERCHANDISE	22	10	10.00		1	681066063699
682384954362	PLANTS & FUNGI NOTEBOOK	9.5000	9.5000	15.83	GENERAL MERCHANDISE	22	4	0.00		1	682384954362
683333212069	SPRAY BOTTLE 8OZ	1.9500	1.9500	3.99	HOUSEHOLD/CLEANING	20	4	12.00		1	683333212069
684476058217	SAVOR IMPORTS TAHINI	0.0000	0.0000	7.99	EDIBLE GROCERY	19	8	-2.00		1	684476058217
685816000750	RESTOP 2 DISPOSABLE WASTE BAG	2.8250	2.8400	5.00	CAMPING & OUTDOORS	43	0	-18.00		1	685816000750
685816000798	WILDERNESS RESTOP 2 WASTE BAG	15.0900	15.0900	27.44	CAMPING & OUTDOORS	43	0	0.00		1	685816000798
685816006516	RESTOP 1 WASTE BAG 3PK	11.2800	11.2800	18.80	CAMPING & OUTDOORS	43	1	10.00		1	685816006516
687110051285	WINTER HAT ACRYLIC	2.9000	2.9000	6.99	GENERAL MERCHANDISE	22	7	5.00		1	687110051285
687652193108	BELLA GOAT WEDGE	4.4750	4.4750	6.39	DAIRY - OTHER	10	1	0.00		1	6876521931017
689544080602	FAGE TOTAL 5%	1.4200	1.4200	2.09	DAIRY - OTHER	10	4	0.00		1	689544080602
689544083009	FAGE TOTAL PLAIN YOG 5%	7.5385	7.5385	0.00	EDI/UNKNOWN	99	0	0.00		1	689544083009
690545209992	POTATOES PURPLE MAJ	0.0000	0.0000	4.99	PRODUCE	18	2	0.00		1	690545209992
69063	BIGSBY SUNGLASS	11.9500	11.9500	22.11	CAMPING & OUTDOORS	43	6	0.00		1	69063
691959252154	SUERNOVA GEL PEN	8.5000	8.5000	14.17	GENERAL MERCHANDISE	22	4	1.00		1	691959252154
691959255124	BIOLUM GEL PENS	7.5000	7.5000	12.50	GENERAL MERCHANDISE	22	4	2.00		1	691959255124
692752100093	OG2 NUTIVA HEMPSEED OIL	13.1676	13.1676	0.00	EDI/UNKNOWN	99	0	0.00		1	692752100093
693507131270	LIGHTER	0.0000	0.0000	0.97	GENERAL MERCHANDISE	22	1	1.00		1	693507131270
694026458985	MANGO KOMBUCHA	0.0000	0.0000	3.50	COLD BEVERAGES	7	6	0.00		1	694026458985
695521151135	PLANTATION RUM 5YR 750ML	0.0000	31.9900	31.99	LIQUOR STORE	5	3	8.00		1	695521151135
695521151425	PIERRE FERRAND 1840 COGNAC 750 ML	45.9900	45.9900	45.99	LIQUOR STORE	5	3	0.00		1	695521151425
695521151449	DRY CURACAO PIERRE FERRAND 750ML	29.9900	29.9900	29.99	LIQUOR STORE	5	3	0.00		1	695521151449
697256101003	EARLE HAM & CHEESE	3.6300	3.6300	5.40	GRAB & GO FOODS	11	1	0.00		1	697256101003
697256102000	EARLE SNDW TURKEY	4.1000	4.1000	5.91	GRAB & GO FOODS	11	1	0.00		1	697256102000
697256104004	EARLE SMKD TURKEY W/	4.1000	4.1000	6.00	GRAB & GO FOODS	11	1	0.00		1	697256104004
697256105001	EARLE TURKEY/BACON W	4.2800	4.2800	6.18	GRAB & GO FOODS	11	1	0.00		1	697256105001
697256106008	EARLE TURKEY/HAM W/S	4.0200	4.0200	5.77	GRAB & GO FOODS	11	1	0.00		1	697256106008
697256108002	EARLE TRIPLE DECKER	3.9000	3.9000	5.77	GRAB & GO FOODS	11	1	0.00		1	697256108002
697256111002	EARLE  ITAL RST BF W/	4.7300	4.7300	6.86	GRAB & GO FOODS	11	1	0.00		1	697256111002
697256191004	EARLE  CLUB MONTREAL	4.4700	4.4700	6.51	GRAB & GO FOODS	11	1	0.00		1	697256191004
697256753004	EARLE ITALIAN SUB	4.6500	4.6500	6.64	GRAB & GO FOODS	11	1	0.00		1	697256753004
697256756715	EARLE SMKD JALAPENO	4.1400	4.1400	5.72	GRAB & GO FOODS	11	1	0.00		1	697256756715
697658203015	OG2 MNTBA HEMP HEARTS	11.9520	11.9520	0.00	EDI/UNKNOWN	99	0	0.00		1	697658203015
697658691188	MNTBA HEMP HEARTS	48.1873	48.1873	0.00	EDI/UNKNOWN	99	0	0.00		1	697658691188
698997809104	UDIS SOFT WHITE GF	0.0000	0.0000	7.05	BREADS	14	1	0.00		1	698997809104
699013000550	RON ZACAPA NO.23 RUM 750ML	0.0000	49.9900	46.99	LIQUOR STORE	5	3	3.00		1	699013000550
700058526896	UTAH CANDLE POURED	8.1122	8.1122	22.00	GENERAL MERCHANDISE	22	6	0.00		1	700058526896
700064932667	ECOVSL WTRBTL BLDR BLACK	15.3888	15.3888	23.68	CAMPING & OUTDOORS	43	5	0.00		1	700064932667
700261214764	LOVE SONG TO GLEN CANYON DVD	0.0000	0.0000	9.99	MAPS & PUBLICATIONS	23	0	0.00		1	700261214764
700304046550	JENGA NATIONAL PARKS	16.5600	16.5600	31.99	GENERAL MERCHANDISE	22	12	5.00		1	700304046550
700304153579	MONOPOLY NATIONAL PARKS 2	26.6400	26.6400	48.99	GENERAL MERCHANDISE	22	12	3.00		1	700304153579
700304153586	YAHTZEE NATIONAL PARKS	11.8300	11.8300	20.99	GENERAL MERCHANDISE	22	12	2.00		1	700304153586
700304153852	GET WILD NAT PARK GAME	13.0100	13.0100	26.99	GENERAL MERCHANDISE	22	12	0.00		1	700304153852
700596000070	SPRY MINTS PEPPERMINT	6.5935	6.5935	0.00	EDI/UNKNOWN	99	0	0.00		1	700596000070
700596000100	SPRY MINTS CINNAMON	6.5935	6.5935	0.00	EDI/UNKNOWN	99	0	0.00		1	700596000100
700596000117	SPRY GUM PEPPERMINT	5.9906	5.9906	0.00	EDI/UNKNOWN	99	0	0.00		1	700596000117
700596000124	SPRY GUM SPEARMINT	5.9906	5.9906	0.00	EDI/UNKNOWN	99	0	0.00		1	700596000124
700596000148	SPRY GUM CINNAMON	5.9906	5.9906	0.00	EDI/UNKNOWN	99	0	0.00		1	700596000148
700596000605	SPRY TTHPST SPRMNT FLRDE	4.8138	4.8138	0.00	EDI/UNKNOWN	99	0	0.00		1	700596000605
700596000612	SPRY GUM SPRMNT BLSTR PK	1.0474	1.0474	1.61	CANDY	8	1	15.00		1	700596000612
700596000629	SPRY GUM PPRMNT BLSTR PK	1.0307	1.0425	1.52	CANDY	8	1	-2.00		1	700596000629
700621189022	EMBERLIT CMP STOVE ST STEEL	29.8000	29.8000	49.99	CAMPING & OUTDOORS	43	5	4.00		1	700621189022
700621189039	EMBERLIT CMP STOVE TITANIUM	58.8800	58.8800	85.99	CAMPING & OUTDOORS	43	5	1.00		1	700621189039
701253002000	GRUET BRUT 750ML	21.9900	21.9900	21.99	LIQUOR STORE	5	2	16.00		1	701253002000
701253006008	GRUET BRUT ROSE 750ML	17.9900	17.9900	21.99	LIQUOR STORE	5	2	13.00		1	701253006008
701809371130	DEMI BEEF	2.4572	2.4572	4.10	EDIBLE GROCERY	19	9	0.00		1	701809371130
701957001002	WHITE MUSHROOM 8OZ	4.2167	4.2167	5.62	PRODUCE	18	2	0.00		1	701957001002
701957002009	CRIMINI OG 8OZ	4.0500	4.0500	5.40	PRODUCE	18	0	0.00		1	701957002009
7032	THREE BEAN QUART	0.0000	0.0000	15.25	FOOD TO-GO PREPARED FRESH	29	10	-5.00		1	7032
7033	THREE BEAN SOUP BY OZ	0.3600	0.3600	0.48	FOOD TO-GO PREPARED FRESH	29	10	342.00		1	7033
7034	STRWBRY ORNG SQUARES	3.5000	3.5000	5.00	SNACKS - BAKERY	16	4	10.00		1	7034
703438755503	FOLDABLE FOAM MAT	0.0000	0.0000	33.95	CAMPING & OUTDOORS	43	1	0.00		1	703438755503
703438755527	FOLDABLE FOAM MAT	22.9113	22.0600	40.55	CAMPING & OUTDOORS	43	1	3.00		1	703438755527
703438798326	ALPS VERSA PILLOW	13.9169	13.9100	19.99	CAMPING & OUTDOORS	43	1	11.00		1	703438798326
7035	DAHL SOUP QUART	11.5200	11.5200	15.25	FOOD TO-GO PREPARED FRESH	29	10	-4.00		1	7035
7036	DAHL BY OZ	0.3600	0.3600	0.48	FOOD TO-GO PREPARED FRESH	29	10	448.00		1	7036
7037	PINTO SOUP QUART	0.0000	0.0000	15.25	FOOD TO-GO PREPARED FRESH	29	10	-14.00		1	7037
7038	PINTO SOUP BY OZ	0.3600	0.3600	0.48	FOOD TO-GO PREPARED FRESH	29	10	416.00		1	7038
7039	SWT POT GNGR SOUP BY OZ	0.3600	0.3600	0.48	FOOD TO-GO PREPARED FRESH	29	1	512.00		1	7039
7040	SWT POT GNGR QUART	0.0000	0.0000	15.25	FOOD TO-GO PREPARED FRESH	29	1	-14.00		1	7040
704078783185	KULA CLOTH TWINKLE TENT	10.0000	10.0000	15.95	CAMPING & OUTDOORS	43	1	6.00		1	704078783185
7041	LENTL MSHRM QUART	0.0000	0.0000	15.25	FOOD TO-GO PREPARED FRESH	29	10	-11.00		1	7041
7042	LENTIL MSHRM SOUP BY OZ	0.3600	0.3600	0.48	FOOD TO-GO PREPARED FRESH	29	10	544.00		1	7042
7043	BLACK BEAN SOUP BY OZ	0.3500	0.3500	0.47	FOOD TO-GO PREPARED FRESH	29	10	384.00		1	7043
7044	CHICKPEA FARRO SOUP BY OZ	0.3300	0.3300	0.44	FOOD TO-GO PREPARED FRESH	29	10	576.00		1	7044
7045	ALL DESSERT BREADS	3.3000	3.3000	4.70	SNACKS - BAKERY	16	4	-7.00		1	7045
7046	PUMPKIN SQUARE	1.6000	1.6000	3.85	SNACKS - BAKERY	16	4	0.00		1	7046
704694096492	ET FOOT REPAIR BALM	7.1770	7.1770	11.67	HEALTH & BEAUTY CARE	21	10	0.00		1	704694096492
7047	SWEET POT POUND CAKE	3.3000	3.3000	4.55	SNACKS - BAKERY	16	4	0.00		1	7047
7048	RASPBERRY SQUARES	2.5000	2.5000	3.15	SNACKS - BAKERY	16	4	0.00		1	7048
7049	BLUEBERRY  BUCKLE	3.5000	3.5000	4.71	SNACKS - BAKERY	16	4	-14.00		1	7049
7050	HOT SOUP 16 OZ	4.6154	4.6154	7.70	FOOD TO-GO PREPARED FRESH	29	10	-38.00		1	7050
7051	CHICKPEA SOUP QUART	11.5000	11.5000	14.00	FOOD TO-GO PREPARED FRESH	29	10	-11.00		1	7051
705105479408	REPEAT UTENSIL SET - AVO	8.0500	8.0500	14.99	HOUSEHOLD/CLEANING	20	2	1.00		1	705105479408
705118300010	B F CREME FRAICHE	4.1513	4.1512	5.93	DAIRY - OTHER	10	1	0.00		1	705118300010
705118401212	B F WHL MLK YOG PLN	5.4428	5.4428	7.56	DAIRY - OTHER	10	4	0.00		1	705118401212
7052	CHOCOLATE COOKIES	3.7500	3.7500	4.75	SNACKS - BAKERY	16	4	0.00		1	7052
7053	CHOC CAKE SQUARE	4.0000	4.0000	5.35	SNACKS - BAKERY	16	4	0.00		1	7053
7054	APPLE CRUMB CAKE	3.0000	3.0000	4.15	SNACKS - BAKERY	16	4	0.00		1	7054
7055	LEMON BREAD	3.0000	3.0000	4.15	SNACKS - BAKERY	16	4	0.00		1	7055
7056	CARROT GINGER ORNG  LOAF	3.5000	3.5000	4.80	SNACKS - BAKERY	16	4	0.00		1	7056
7057	HOT SOUP 12 OZ	0.0000	0.0000	5.75	FOOD TO-GO PREPARED FRESH	29	10	-27.00		1	7057
7058	BLACK BEAN SOUP QUART	0.0000	0.0000	15.00	FOOD TO-GO PREPARED FRESH	29	10	-8.00		1	7058
706173003526	NV 280CT/ROLL BTH TISSUE	0.0000	0.0000	0.00	HEALTH & BEAUTY CARE	21	6	0.00		1	706173003526
706173003533	NAT VAL PT	1.7910	1.7910	2.88	HOUSEHOLD/CLEANING	20	2	27.00		1	706173003533
706173003540	NAT VAL 12 PK BATHROOM TISSUE	7.5216	7.6122	10.90	HOUSEHOLD/CLEANING	20	3	0.00		1	706173003540
706173003571	NAT VAL BATHROOM TISSUE	0.7689	0.8568	1.24	HOUSEHOLD/CLEANING	20	3	0.00		1	706173003571
706173003588	NAT VAL NAPKINS	1.7067	1.7270	2.47	HOUSEHOLD/CLEANING	20	2	10.00		1	706173003588
706173003601	NV 400CT/ROLL BTH TISSUE	0.0000	0.0000	0.00	EDI/UNKNOWN	99	0	0.00		1	706173003601
706173003618	NV 400CT/ROLL BTH TISSUE	3.6393	3.6671	6.11	HOUSEHOLD/CLEANING	20	3	0.00		1	706173003618
706173003625	NAT VAL NV FACIAL TISSUE	0.9076	1.1416	1.90	HOUSEHOLD/CLEANING	20	3	0.00		1	706173003625
706173003663	NV PAPER TOWELS 80 COUNT	0.0000	0.0000	0.00	HOUSEHOLD/CLEANING	20	3	0.00		1	706173003663
706173005032	NV DIJON MUSTARD JAR	2.7412	2.7554	4.27	EDIBLE GROCERY	19	7	5.00		1	706173005032
706173005063	NV STNGRND MSTRD SQZ	2.4531	2.4531	3.51	EDIBLE GROCERY	19	7	7.00		1	706173005063
706173006091	NV HOMINY	3.4646	3.4710	5.71	EDIBLE GROCERY	19	9	-1.00		1	706173006091
706173015048	NV  A  MAPLE SYRUP	0.0000	0.0000	0.00	EDIBLE GROCERY	19	5	0.00		1	706173015048
706173015192	NV TOMATO PASTE	1.7929	1.8283	2.63	EDIBLE GROCERY	19	9	11.00		1	706173015192
706173020103	NAT VAL GALLON	2.7498	2.7489	4.58	HOUSEHOLD/CLEANING	20	2	0.00		1	706173020103
706173020110	NAT VAL QT	2.9080	2.9288	4.74	HOUSEHOLD/CLEANING	20	2	0.00		1	706173020110
706173020127	NAT VAL PLASTIC WRAP	2.4961	2.4961	4.16	HOUSEHOLD/CLEANING	20	2	5.00		1	706173020127
706173020165	NV DRAWSTRNG KITCHN BAGS	0.0000	0.0000	0.00	HOUSEHOLD/CLEANING	20	2	0.00		1	706173020165
706173020172	NAT VAL SANDWICH	2.5739	2.5739	4.29	HOUSEHOLD/CLEANING	20	2	0.00		1	706173020172
706173020189	NV QT SLIDR STORAGE BAGS	3.3748	3.3786	4.76	HOUSEHOLD/CLEANING	20	2	11.00		1	706173020189
706173020196	NV GAL SLIDR STRAGE BAGS	3.3470	3.3470	5.15	HOUSEHOLD/CLEANING	20	2	8.00		1	706173020196
706173020417	NV RCY PAPER PLATE 9 IN	0.0000	0.0000	0.00	HOUSEHOLD/CLEANING	20	2	0.00		1	706173020417
706173020424	NV RECYCLED PAPER BAGS	0.0000	0.0000	0.00	HOUSEHOLD/CLEANING	20	2	0.00		1	706173020424
706173020431	NV RECYC PAPER CUPS 9 OZ	6.8067	6.8067	10.47	HOUSEHOLD/CLEANING	20	2	0.00		1	706173020431
706173100072	KITCHEN SCRUB SPONGE	1.1848	1.1848	1.97	HOUSEHOLD/CLEANING	20	2	38.00		1	706173100072
706173100089	SCOURING PADS	1.2711	1.2711	2.12	HOUSEHOLD/CLEANING	20	2	15.00		1	706173100089
706173910626	NV SRIRACHA SAUCE	7.1803	7.1803	11.05	EDIBLE GROCERY	19	7	1.00		1	706173910626
707533306011	HOWES ANTIGEL DIESEL TREA	13.0267	13.0267	21.71	AUTOMOTIVE PRODUCTS	24	2	2.00		1	707533306011
707708005527	GLACIERGEL MED KIT	7.8600	7.8600	13.10	HEALTH & BEAUTY CARE	21	10	0.00		1	707708005527
707708006678	BLISTER MEDIC	8.9000	8.9000	14.99	HEALTH & BEAUTY CARE	21	10	3.00		1	707708006678
707708102103	FIRST AID ADV 1.0	10.5300	10.5300	17.55	HEALTH & BEAUTY CARE	21	10	0.00		1	707708102103
707708102202	ADVNTR FIRST AID 2.0	17.0100	17.0100	25.99	HEALTH & BEAUTY CARE	21	10	3.00		1	707708102202
707708104008	MOLESKIN KIT	6.3500	6.3500	9.07	HEALTH & BEAUTY CARE	21	10	3.00		1	707708104008
707708202971	ULTRALITE FIRST AID .3	6.6700	6.6700	10.49	HEALTH & BEAUTY CARE	21	10	2.00		1	707708202971
7080	COOKIE HOT CHOCO	2.1739	2.1739	3.03	SNACKS - BAKERY	16	3	3.00		1	7080
708163108174	BOULDER VNGR & SEA SALT	0.8744	0.8744	1.46	SNACKS - SALTY	15	1	0.00		1	708163108174
708163114878	BLDR RED WINE VNGR	3.0674	3.0674	5.11	SNACKS - SALTY	15	1	6.00		1	708163114878
708163118326	BOULDER VNGR/SSLT KT CHP	3.2449	3.2449	5.41	SNACKS - SALTY	15	1	1.00		1	708163118326
708163118340	BOULDER HCK BBQ KTL CHIP	3.2449	3.2449	5.41	SNACKS - SALTY	15	1	2.00		1	708163118340
708163118371	BLDR AVO OIL CHD SRCR	3.2449	3.2449	5.41	SNACKS - SALTY	15	1	-10.00		1	708163118371
708163118555	BLDR TTLY NAT CNY CHP	3.2449	3.2449	5.41	SNACKS - SALTY	15	1	24.00		1	708163118555
708163118562	BOULDER HNY BBQ CNYN CHP	3.2449	3.2449	5.41	SNACKS - SALTY	15	1	21.00		1	708163118562
708163118579	BOULDER SC CHIVE	3.2449	3.2449	5.41	SNACKS - SALTY	15	1	28.00		1	708163118579
708163118685	BLDR POT CHP JALAPENO	3.2449	3.2449	5.41	SNACKS - SALTY	15	1	0.00		1	708163118685
708163121517	BOULDER VIDALIA	3.2371	3.2449	5.41	SNACKS - SALTY	15	1	0.00		1	708163121517
708163123085	BLDR AVO OIL JALAP CH	3.2449	3.2449	4.64	SNACKS - SALTY	15	1	11.00		1	708163123085
708163127014	BLDR WHT CHED KET CHP	3.2449	3.2449	5.41	SNACKS - SALTY	15	1	3.00		1	708163127014
708163210112	BOULDER HICKORY BBQ CHPS	3.5629	3.5628	5.41	SNACKS - SALTY	15	1	0.00		1	708163210112
708163213052	BOULDER SEA SALT CRCK PPR	3.0674	3.0674	5.11	SNACKS - SALTY	15	1	5.00		1	708163213052
708163260919	BLDR CANYON AGED WHT CHD	3.1781	3.2449	4.64	SNACKS - SALTY	15	1	16.00		1	708163260919
708163261077	BLDR WVY SR CRM CHD PTCH	3.2144	3.2449	5.41	SNACKS - SALTY	15	1	27.00		1	708163261077
708163261213	BLDR AVO SSALT TORT CHPS	4.7717	4.7717	7.34	SNACKS - SALTY	15	2	-1.00		1	708163261213
708163261220	BLDR AVO BLUCRN TORTCHPS	0.0000	0.0000	0.00	SNACKS - SALTY	15	1	0.00		1	708163261220
708163275647	BLDR KTL CHP GRN CHLI	3.2449	3.2449	5.41	SNACKS - SALTY	15	1	1.00		1	708163275647
708163950056	BOULDER POTATO CHIPS 5 OZ	3.0672	3.0674	5.41	SNACKS - SALTY	15	1	6.00		1	708163950056
708163950117	BOULDER CLASSIC SEA SALT	4.7717	4.7717	7.34	SNACKS - SALTY	15	1	0.00		1	708163950117
708163970115	BOULDER MALT VIN/SSALT	4.3519	4.3519	7.25	SNACKS - SALTY	15	1	0.00		1	708163970115
708163972058	BOULDER MLT VNGR/SEA SLT	3.0674	3.0674	5.11	SNACKS - SALTY	15	1	3.00		1	708163972058
708953101200	OG1 LOTUS WHT JAS RICE	58.9724	58.9724	0.00	EDI/UNKNOWN	99	0	0.00		1	708953101200
708953101309	OG1 LOTUS BRN JAS RICE	57.4650	57.4650	0.00	EDI/UNKNOWN	99	0	0.00		1	708953101309
708953601014	LOTUS FRBDDN RAMEN	1.8137	1.8137	2.76	EDIBLE GROCERY	19	3	7.00		1	708953601014
708953601021	LOTUS JD PEARL RAMEN	1.8749	1.8944	2.80	EDIBLE GROCERY	19	3	9.00		1	708953601021
708953601038	LOTUS MLLT/BRCE RAMN	1.6795	1.6795	2.80	EDIBLE GROCERY	19	3	-2.00		1	708953601038
708953601069	LOTUS BK MSH BRN RCE	1.6795	1.6795	2.75	EDIBLE GROCERY	19	3	7.00		1	708953601069
708953602028	LOTUS JD PEARL RAMEN	4.7296	4.7296	7.88	EDIBLE GROCERY	19	3	7.00		1	708953602028
708953602035	LOTUS MLLT/BRCE RAMN	4.7280	4.7280	6.75	EDIBLE GROCERY	19	6	1.00		1	708953602035
708953641010	LOTUS FRBDN THAI NDL	3.4463	3.4463	4.92	EDIBLE GROCERY	19	3	5.00		1	708953641010
708953641065	OG1 LOTUS BRN UDN RC NDL	3.4463	3.4463	0.00	EDI/UNKNOWN	99	0	0.00		1	708953641065
708953651019	LOTUS RMNCP BRN RCE MISO	2.2594	2.2594	3.48	EDIBLE GROCERY	19	6	0.00		1	708953651019
708953651033	LOTUS RMNCP BRN RICE TOM	2.4203	2.6079	3.70	EDIBLE GROCERY	19	3	8.00		1	708953651033
708953651040	LOTUS SPCY KMCHI RMN	2.5544	2.6079	3.70	EDIBLE GROCERY	19	6	8.00		1	708953651040
708953651057	LOTUS GAR VEG BRN RC	2.2594	2.2594	3.77	EDIBLE GROCERY	19	6	0.00		1	708953651057
709326001073	UINTA CUT THROAT	15.2900	15.2900	23.49	BEER-GS	4	0	4.00		1	709326001073
709326001080	UNITA CUTTHROAT 6PK	8.7900	8.7900	13.09	BEER-GS	4	5	4.00		1	709326001080
709326004012	UINTA GLD SPIKE HEF 12 Pk CAN	16.4450	16.4450	23.49	BEER-GS	4	0	0.00		1	709326004012
709326004081	UINTA GLD SPIKE HEF 6PK CAN	8.7900	8.7900	13.09	BEER-GS	4	5	7.00		1	709326004081
709326005071	UINTA TRADER IPA CAN 12 PK	15.2900	15.2900	23.49	BEER-GS	4	5	12.00		1	709326005071
709326005088	UINTA TRADER 6PK	8.7900	8.7900	12.73	BEER-GS	4	5	4.00		1	709326005088
709326014028	UINTA SAMPLER 12PK CAN	15.2900	15.2900	23.52	BEER-GS	4	5	2.00		1	709326014028
709326015070	UINTA DUO ORG SMPLR 12 PK	15.2900	15.2900	23.49	BEER-GS	4	5	4.00		1	709326015070
709326018088	UINTA HOP NOSH 355ML 6PK	12.9000	12.9000	12.90	LIQUOR STORE	5	1	-1.00		1	709326018088
709326023020	UINTA SEASONAL	8.7900	8.7900	13.09	BEER-GS	4	5	0.00		1	709326023020
709326024089	UINTA BABA 6 PK CAN	7.9925	7.9925	11.42	BEER-GS	4	0	0.00		1	709326024089
709326030073	UINTA DUO COMPASS 12 PK	16.3000	16.4450	23.49	BEER-GS	4	5	0.00		1	709326030073
709326100172	UINTA 801 12PK CANS	15.2900	15.2900	23.52	BEER-GS	4	0	6.00		1	709326100172
709326101186	UINTA LIME PILS 6PK	8.7900	8.7900	13.09	BEER-GS	4	5	7.00		1	709326101186
709326013083	UINTA HOODO 6PK	8.7900	8.7900	13.09	BEER-GS	4	0	8.00		1	709326101384
709326128084	UINTA TROP NOSH 355ML 6PK	12.9000	12.9000	12.90	LIQUOR STORE	5	1	0.00		1	709326128084
709326251522	UINTA CLEAR DAZE 355ML 6PK	12.9000	12.9000	12.90	LIQUOR STORE	5	1	0.00		1	709326251522
709326251928	UINTA HAZY NOSH 6PK	8.7900	8.7900	13.09	BEER-GS	4	0	16.00		1	709326251928
709326251966	UINTA HAZY NOSH	15.2900	15.2900	23.49	BEER-GS	4	0	8.00		1	709326251966
709326252567	UINTA WEST WATER SLT	15.4400	15.4400	22.06	BEER-GS	4	5	0.00		1	709326252567
709326252628	UINTA WAS ANGELES 6 PK CAN	6.7925	6.7925	9.70	BEER-GS	4	0	0.00		1	709326252628
709326252963	UINTA POW PACK 12PK	15.2900	15.2900	20.63	BEER-GS	4	5	0.00		1	709326252963
709326253601	UNITA FREEZE IPA 4PK	11.1000	11.1000	13.12	BEER-GS	4	5	0.00		1	709326253601
709326253694	UINTA FREEZE FRAME SNGL	3.7000	3.7000	5.60	BEER-GS	4	5	0.00		1	709326253694
709326253861	VIOLET FIRE	15.2900	15.2900	23.52	BEER-GS	4	5	0.00		1	709326253861
709418151037	THE ORIGINAL WAG BAG SINGLE	2.1700	2.1700	4.34	CAMPING & OUTDOORS	43	1	10.00		1	709418151037
709586514870	POPPI GNGR LM PREB SODA	1.7498	1.8591	2.78	COLD BEVERAGES	7	1	0.00		1	709586514870
710282429320	CFF MPL SYR GR A DRK	24.5594	24.0341	42.63	EDIBLE GROCERY	19	5	7.00		1	710282429320
710282439084	CFF MPL SYR GF A DRK	8.8400	8.8400	13.60	EDIBLE GROCERY	19	5	0.00		1	710282439084
710282930062	CFF MAPLE SUGAR	5.9094	6.0117	9.87	EDIBLE GROCERY	19	5	7.00		1	710282930062
711069535005	GT GRAPE TOMATOES	2.9417	2.9417	4.20	PRODUCE	18	2	0.00		1	711069535005
711381000090	STONEWALL RED PEPP JELLY	0.0000	0.0000	10.69	EDIBLE GROCERY	19	7	0.00		1	711381000090
711535501923	CARROTS BABY WH 1LB	1.5633	1.5633	2.08	PRODUCE	18	2	0.00		1	711535501923
711535501947	POTATOES  WILD HARVEST	5.3300	5.3300	7.61	PRODUCE	18	1	0.00		1	711535501947
711535501978	ARUGULA  CLAMSHELL	2.9333	2.9333	4.19	PRODUCE	18	2	0.00		1	711535501978
711535502012	ROMAINE WH 3CT	2.9083	2.9083	4.48	PRODUCE	18	2	0.00		1	711535502012
711535502067	WILD HARV SPIN CLAMSHELL	2.9333	2.9333	4.19	PRODUCE	18	2	0.00		1	711535502067
711535502081	SALAD SPRING MIX WILD HARVEST	2.9333	2.9333	4.19	PRODUCE	18	2	0.00		1	711535502081
711535504221	WILD HARV RED POTS	4.0646	4.1438	5.92	PRODUCE	18	2	2.00		1	711535504221
711535504849	WH RAISINS	3.5700	3.5700	5.95	SNACKS - OTHER	17	4	0.00		1	711535504849
711535511922	POTATOES  YELLOW WH	3.4313	3.4312	4.58	PRODUCE	18	2	-8.00		1	711535511922
711535513452	WILD HARVEST SALMON DOG FOOD	1.5204	1.5039	2.51	HOUSEHOLD/CLEANING	20	5	0.00		1	711535513452
711535516446	GRAPES RED WILD HRVST	4.6900	4.6900	10.82	PRODUCE	18	1	0.00		1	711535516446
711535516453	GRAPES GREEN WILD HRVST	3.8900	3.8900	5.19	PRODUCE	18	1	0.00		1	711535516453
711535516460	WILD HARVEST BLACK GRAPES	4.9300	4.9300	6.57	PRODUCE	18	1	0.00		1	711535516460
711535516477	GRAPES WH	7.3286	7.3286	10.18	PRODUCE	18	1	2.00		1	711535516477
711535516484	GRAPES GREEN	6.4125	6.4125	9.16	PRODUCE	18	1	0.00		1	711535516484
711535516491	BLACK GRAPES	6.4250	6.4250	8.29	PRODUCE	18	1	-7.00		1	711535516491
711535516675	CELERY WH HEARTS	2.5333	2.5333	3.62	PRODUCE	18	2	1.00		1	711535516675
711535516682	CAULI WH OG	3.1583	3.1583	4.51	PRODUCE	18	2	-1.00		1	711535516682
711535516835	YAMS  RED POTS BAG	6.1544	8.3800	11.17	PRODUCE	18	2	17.00		1	711535516835
711535516866	BROCCOLI BUNCH	2.7357	2.7357	3.91	PRODUCE	18	2	5.00		1	711535516866
711535517443	WILD HARVEST REDBITESIZE TAT	3.7750	3.7750	5.39	PRODUCE	18	2	0.00		1	711535517443
711535517504	CHERRIES	7.3583	7.3583	10.51	PRODUCE	18	1	-12.00		1	711535517504
711535517528	MELON WATERMELON	5.9833	5.9833	8.55	PRODUCE	18	1	17.00		1	711535517528
711535517825	PEPPERS SWEET MINI WH	4.1083	4.1083	5.87	PRODUCE	18	2	0.00		1	711535517825
711535518242	SALAD  BAABY SPRING WH	4.2667	4.2667	6.10	PRODUCE	18	2	4.00		1	711535518242
711535518273	WILD HARVEST SPINACH	4.1000	4.1000	5.86	PRODUCE	18	2	1.00		1	711535518273
712131747432	BLUE COPPER GOLD BREW	2.2500	2.2500	3.75	COLD BEVERAGES	7	1	0.00		1	712131747432
714656218879	THE CHAIR LEAF GREEN/BLACK	20.5600	20.5600	37.38	CAMPING & OUTDOORS	43	1	0.00		1	714656218879
715126555012	KAIEKN MALBEC 750ML	18.9900	18.9900	16.99	LIQUOR STORE	5	2	0.00		1	715126555012
715373113300	BSF EGGS	0.0000	0.0000	5.15	DAIRY - OTHER	10	2	0.00		1	715373113300
715373113331	BSFF FREE RANGE BRN EGGS	4.2732	4.2732	6.10	DAIRY - OTHER	10	2	0.00		1	715373113331
715373115625	BSF WHITE EGGS	0.0000	0.0000	5.15	DAIRY - OTHER	10	2	0.00		1	715373115625
715756100040	BERRIES RAS DRISC	2.2417	2.2417	5.32	PRODUCE	18	1	0.00		1	715756100040
715756100576	DRISCOLL BLACKBERRY	1.7417	1.7417	2.32	PRODUCE	18	1	-1.00		1	715756100576
715756100590	RASPBERRY DRISCOLL	3.8378	3.9917	5.32	PRODUCE	18	1	0.00		1	715756100590
715756200115	STRAWBERRIES DRISC OG	4.4757	5.0375	6.72	PRODUCE	18	1	7.00		1	715756200115
715756200375	BERRIES  STRAW DRISC CLAM	2.3625	2.3625	3.38	PRODUCE	18	1	0.00		1	715756200375
715756300099	BERRIES BLUEBERRIES DRISC	4.3583	4.3583	5.81	PRODUCE	18	1	0.00		1	715756300099
715897009233	MORGAN CHARDONNAY 750ML	23.9400	23.9400	25.95	LIQUOR STORE	5	2	0.00		1	715897009233
716270001301	CHOCOLOV MILK CHOC	3.3065	3.3065	4.72	CANDY	8	2	3.00		1	716270001301
716270001325	CH LOVE MLK CHOC HZLNUT	0.0000	0.0000	0.00	CANDY	8	2	0.00		1	716270001325
716270001349	CHOCOLOVE TOFFEE ALM	3.3065	3.3065	3.80	CANDY	8	2	8.00		1	716270001349
716270001356	CHOCOLOV PRTZL	2.2813	2.2813	3.80	CANDY	8	2	0.00		1	716270001356
716270001370	CH LOVE BAR MLK CHOC ALM	3.3065	3.3065	4.72	CANDY	8	2	12.00		1	716270001370
716270001479	CHOCOLOV RUBY CACAO BEAN	2.3916	2.4014	4.00	CANDY	8	2	0.00		1	716270001479
716270001516	CHOCOLOV PPRMNT DARK CHOC	2.2814	2.2813	3.80	CANDY	8	2	0.00		1	716270001516
716270001523	CH LOVE DRK CH CHRY/ALMD	3.3065	3.3065	4.72	CANDY	8	2	-3.00		1	716270001523
716270001530	CHOCOLOV DK CHOC ORNG PEL	2.7169	2.7189	4.07	CANDY	8	2	0.00		1	716270001530
716270001547	CHOCOLOV DRK CHOC RASP	3.3065	3.3065	4.72	CANDY	8	2	9.00		1	716270001547
716270001561	CH LOV COF CNCH DRKCH BR	3.3065	3.3065	4.72	CANDY	8	0	8.00		1	716270001561
716270001585	CHOCOLOV CHILI CHERRY DK CHOCO	2.4442	2.4442	4.07	CANDY	8	2	0.00		1	716270001585
716270001653	CHOCOLOV ROCH DARK	2.2597	2.2579	3.76	CANDY	8	2	0.00		1	716270001653
716270001660	CH LOVE DRK CHOC GINGER	2.6865	2.7189	4.07	CANDY	8	2	0.00		1	716270001660
716270001721	CH LOVE CHLI MOLE DKCHOC	2.4014	2.4014	4.00	CANDY	8	2	0.00		1	716270001721
716270001738	CH LOVE BAR DK CHOC MAPL	2.4442	2.4442	4.07	CANDY	8	2	0.00		1	716270001738
716270001882	CHOCOLOV EXTRM DK CHC 88%	3.3065	3.3065	5.09	CANDY	8	2	5.00		1	716270001882
716270002711	CH LOVE CHRY DK CHOC	3.1485	3.1485	5.25	CANDY	8	2	0.00		1	716270002711
71627001374		0.0000	0.0000	0.00	CIGARETTES	2	0	0.00		1	71627001374
716270015001	CH LOVE MLK CHOC PB	2.9830	2.9830	4.97	CANDY	8	0	0.00		1	716270015001
716270015056	CHoco LOVE MLK CHOC PSTCHIO	2.9629	2.9629	4.99	CANDY	8	2	0.00		1	716270015056
716270015070	CHOCOLOV XO ELDBRY&BLBRY	3.5796	3.5796	4.97	CANDY	8	2	0.00		1	716270015070
716270021507	CH LOVE ALM TOFF DARK BR	3.3065	3.3065	5.51	CANDY	8	2	-1.00		1	716270021507
716270021606	CHOCOLOVE CHERRY CORDIAL	2.4400	2.4400	3.49	CANDY	8	2	0.00		1	716270021606
716270021613	CHOCOLOVE CINNA GANACHE	2.4400	2.4400	3.49	CANDY	8	2	0.00		1	716270021613
716270021620	CHOCOLOVE RASPBERRY ROSE	2.4400	2.4400	3.49	CANDY	8	2	0.00		1	716270021620
716270021637	CH LOVE BARS CHOCO 3PK	7.3327	7.3326	12.22	CANDY	8	2	0.00		1	716270021637
716270040010	CH LOVE SLT ALMBTR DKCHC	3.3065	3.3065	5.51	CANDY	8	2	10.00		1	716270040010
716270040065	CH LOVE SLTD PBTR FILLED	3.3065	3.3065	5.51	CANDY	8	2	17.00		1	716270040065
716270051542	CHOCOLOV RASPDRK	1.7084	1.7084	2.63	CANDY	8	2	0.00		1	716270051542
716270080023	CH LOVE GRMT BAR TOFFEE	1.1066	1.0518	1.75	CANDY	8	0	0.00		1	716270080023
716281000720	SLIME TIRE SEALANT	6.8900	6.8900	11.48	AUTOMOTIVE PRODUCTS	24	3	0.00		1	716281000720
716281507854	FIX A FLAT W/HOSE	10.2206	10.2200	17.03	AUTOMOTIVE PRODUCTS	24	3	6.00		1	716281507854
716445111002	HPYSNK CIRCUS ANML CRKER	0.8380	0.8380	1.40	SNACKS - BAKERY	16	3	0.00		1	716445111002
716582017700	LIVING LETTUCE	3.0750	3.0750	4.39	PRODUCE	18	2	0.00		1	716582017700
716582110029	LIVING LETTUCE LOCAL BOUNTI	2.6083	2.6083	3.73	PRODUCE	18	2	6.00		1	716582110029
717071911714	WILLAMETTE WHL CLST PINOT NOIR 750M	22.9900	22.9900	24.99	LIQUOR STORE	5	2	12.00		1	717071911714
717256000196	BK LNDRY LIQ FREE/CLEAR	26.3844	26.4325	36.71	HOUSEHOLD/CLEANING	20	1	5.00		1	717256000196
717256000417	BK LAUNDRY POWDER	11.7137	11.9228	18.34	HOUSEHOLD/CLEANING	20	1	0.00		1	717256000417
717256000431	BK FREE & CLR LNDRY PWDR	20.1891	20.1891	28.84	HOUSEHOLD/CLEANING	20	1	0.00		1	717256000431
717256000493	BK OXYGEN BLEACH PLUS	6.2263	6.6486	10.23	HOUSEHOLD/CLEANING	20	4	1.00		1	717256000493
717256000608	BK LAUNDRY LIQUID CITRUS	7.2160	7.2160	11.10	HOUSEHOLD/CLEANING	20	1	0.00		1	717256000608
717256000622	BK ENRGY SVR LAUNDRY LQ	10.0870	10.0870	16.81	HOUSEHOLD/CLEANING	20	1	0.00		1	717256000622
717256000639	BK FREE & CLR LNDRY LQ	13.6928	13.6928	19.56	HOUSEHOLD/CLEANING	20	1	5.00		1	717256000639
717256000806	BK SPRAY GLASS CLEANER	3.8612	4.2044	6.44	HOUSEHOLD/CLEANING	20	4	0.00		1	717256000806
717256000905	BK LAUNDRY 5LB	15.1700	15.1700	22.75	HOUSEHOLD/CLEANING	20	1	0.00		1	717256000905
717995997023	BLUE COPPER HOUSE BLEND	10.4000	10.4000	16.00	EDIBLE GROCERY	19	1	10.00		1	717995997023
717995997368	BLUE COPPER SOMEWHAT DARK	10.4000	10.4000	18.00	EDIBLE GROCERY	19	1	0.00		1	717995997368
718148700019	RED BARN APL CDR	11.3625	11.3625	15.78	COLD BEVERAGES	7	4	0.00		1	718148700019
718334222004	DESERT ECO HRV TEA TREE	8.0753	8.0753	13.46	HEALTH & BEAUTY CARE	21	6	0.00		1	718334222004
718334334332	DESERT TT MTHWSH ULTRA	4.7575	5.0569	7.69	HEALTH & BEAUTY CARE	21	8	0.00		1	718334334332
719098111030	CAFE DELIGHT BLUE PCKT	0.0000	0.0143	0.00		3001	0	0.00		1	719098111030
719212799700	DPTC CHILE CON QUESO	4.8431	4.8430	7.00	EDIBLE GROCERY	19	7	6.00		1	719212799700
719212799731	DPTC SPICY BLK BEAN DIP	4.3043	4.2499	7.00	EDIBLE GROCERY	19	7	0.00		1	719212799731
719212950040	DPTC CANTINA MED RD SLSA	3.5366	3.5366	5.44	EDIBLE GROCERY	19	7	0.00		1	719212950040
719410500016	5HR ENRG C/U BERRY	1.9592	1.9592	3.29	COLD BEVERAGES	7	3	0.00		1	719410500016
719410700010	5HR ENRG C/U BERRY XSTR	2.2067	2.2067	3.69	COLD BEVERAGES	7	3	0.00		1	719410700010
719870600233	FAU SHIITAKE MUSH	5.3901	5.3901	8.11	EDIBLE GROCERY	19	0	3.00		1	719870600233
720112004597	ROLAIDS ROLLS FRUIT ULT S	0.9483	0.9483	1.59	HEALTH & BEAUTY CARE	21	1	11.00		1	720112004597
720379001230	M.I.N. MEDJOOL DATES	0.0000	0.0000	0.00	EDI/UNKNOWN	99	0	0.00		1	720379001230
720379001353	M.I.N. PUFF FRT MDLY	4.8982	4.8982	7.54	SNACKS - OTHER	17	4	4.00		1	720379001353
720379001841	M.I.N. STRBRY PUFFED	0.0000	0.0000	0.00	SNACKS - OTHER	17	4	0.00		1	720379001841
720379501105	M.I.N. DRIED MANGOS	4.1477	4.1477	6.83	SNACKS - OTHER	17	4	2.00		1	720379501105
720379501167	M.I.N. SPRBRY FUSION	0.0000	0.0000	0.00	SNACKS - OTHER	17	4	0.00		1	720379501167
720379501181	M.I.N. TRKSH APRICOT	4.2239	4.2239	6.67	SNACKS - OTHER	17	4	5.00		1	720379501181
720379501235	M.I.N. APPLE SLICES	4.1477	4.1477	6.61	SNACKS - OTHER	17	4	6.00		1	720379501235
720379501266	M.I.N. PINEAPPLE BIT	0.0000	0.0000	0.00	SNACKS - OTHER	17	4	0.00		1	720379501266
720379501273	M.I.N. PLUMS	4.1963	4.1963	6.67	SNACKS - OTHER	17	4	5.00		1	720379501273
720379501280	M.I.N. FIGS SMYRNA	4.2498	4.2498	6.69	SNACKS - OTHER	17	4	6.00		1	720379501280
720379504014	M.I.N. DRIED CRAN	4.1980	4.1979	6.13	SNACKS - OTHER	17	4	4.00		1	720379504014
720379504311	M.I.N. GOLDEN PINEAP	7.2727	7.2727	11.19	SNACKS - OTHER	17	4	4.00		1	720379504311
720379504328	M.I.N. MANGO	7.2889	7.2889	10.41	SNACKS - OTHER	17	4	10.00		1	720379504328
720379504335	M.I.N. BANANA	7.3959	7.3958	10.57	SNACKS - OTHER	17	4	5.00		1	720379504335
720379504519	MIN FIGGY POP CHERRY	4.0310	4.0310	6.40	SNACKS - OTHER	17	4	1.00		1	720379504519
720379504526	M.I.N FGGY POP CHOCO	3.5090	3.5147	5.86	SNACKS - OTHER	17	4	0.00		1	720379504526
720379505165	M.I.N RASP RAZZY POP	3.8624	3.8624	6.44	SNACKS - OTHER	17	4	0.00		1	720379505165
720379505318	M.I.N. DATE DGLET NR	4.2709	4.2709	7.12	SNACKS - OTHER	17	4	4.00		1	720379505318
720379505363	M.I.N. CHILI LME MNG	0.0000	0.0000	0.00	SNACKS - OTHER	17	4	0.00		1	720379505363
720379505943	M.I.N. RAISIN 6 PKS	0.0000	0.0000	0.00	SNACKS - OTHER	17	4	0.00		1	720379505943
721059001311	APEROL 750Ml	0.0000	29.9900	26.99	LIQUOR STORE	5	3	3.00		1	721059001311
721059047500	CAMPARI 750ML	0.0000	34.9900	34.99	LIQUOR STORE	5	3	3.00		1	721059047500
721059707503	ESPOLON TEQUILA  BLANCO 750ML	31.9900	31.9900	31.99	LIQUOR STORE	5	3	11.00		1	721059707503
721094199059	GOSLINGS BLK RUM 750ML	0.0000	20.0000	18.99	LIQUOR STORE	5	3	13.00		1	721094199059
721332820059	AMY BRIAN COC H20 PULP	1.5621	1.4753	3.85	COLD BEVERAGES	7	0	0.00		1	721332820059
721332820073	AMY BRIAN COC H20 ORIG	2.2307	2.4094	3.42	COLD BEVERAGES	7	0	0.00		1	721332820073
721357125733	TERRA AR HKR CRW MD 2PK	14.4200	14.4200	33.73	GENERAL MERCHANDISE	22	7	0.00		1	721357125733
721357125788	TERRAMAR WL HIKER SOCK LG	18.5500	18.5500	37.99	GENERAL MERCHANDISE	22	7	0.00		1	721357125788
721357242737	TERRA MERINO HIKER SOCK	18.5500	18.5500	37.99	GENERAL MERCHANDISE	22	7	0.00		1	721357242737
721357242744	TERRAMAR MERINO MENS SK	18.5500	18.5500	37.99	GENERAL MERCHANDISE	22	7	0.00		1	721357242744
721357256604	TERRA WL BLND 4PK LG	13.3100	13.3100	22.18	GENERAL MERCHANDISE	22	7	0.00		1	721357256604
721512000691	FREY ORGANIC RED WINE 750ML	0.0000	11.1500	13.25	LIQUOR STORE	5	2	7.00		1	721512000691
721512010195	KWAYA  ORG CHARDONNAY 750ML	0.0000	16.9200	16.92	LIQUOR STORE	5	2	7.00		1	721512010195
722031418516	COUNTER ASSAULT KOZEE TOTE	19.2200	19.2200	25.00	CAMPING & OUTDOORS	43	0	0.00		1	722031418516
722160221841	ODELL MYRC 355ML 6PK	17.9400	17.9400	17.94	LIQUOR STORE	5	1	0.00		1	722160221841
722160222541	ODELL IPA 355ML 6PK	14.9400	14.9400	14.94	LIQUOR STORE	5	1	8.00		1	722160222541
722160222800	ODELL SIPPIN PRETTY 6PK	7.9925	7.9925	13.09	BEER-GS	4	0	5.00		1	722160222800
722160222916	ODELL GOOD BEH 6PK	7.5875	7.5875	8.55	BEER-GS	4	0	0.00		1	722160222916
722160224880	ODELL BIG SIP 355ML 6PK	17.9400	17.9400	17.94	LIQUOR STORE	5	1	4.00		1	722160224880
722160225078	ODELL PILSNER	7.9925	7.9925	11.42	BEER-GS	4	5	10.00		1	722160225078
722160225351	ODELL SIPIN BLCKBRY	7.9925	7.9925	11.99	BEER-GS	4	5	7.00		1	722160225351
722252100900	CLIF CHOCCHIP	1.1704	1.1000	1.83	SNACKS - OTHER	17	3	0.00		1	722252100900
722252101204	CLIF PEANUT BUTTERCRNCHY	1.7351	1.7351	2.75	SNACKS - OTHER	17	3	-3.00		1	722252101204
722252101303	CLIF BAR CHOC CHIP PEANUT	1.4550	1.4550	2.49	SNACKS - OTHER	17	3	0.00		1	722252101303
722252101808	CLIF BAR CHOC BROWNIE	1.7351	1.7351	2.64	SNACKS - OTHER	17	3	1.00		1	722252101808
722252102003	CLIF BAR MINT CHOC	1.3716	1.3716	2.29	SNACKS - OTHER	17	3	0.00		1	722252102003
722252102607	CLIF BLUEBERRY CRISP	1.2805	1.2793	2.13	SNACKS - OTHER	17	3	0.00		1	722252102607
722252103307	LUNA LEMONZEST	0.0000	0.0000	1.64	SNACKS - OTHER	17	3	0.00		1	722252103307
722252160195	CLIF PB BANANA DARK C	1.7351	1.7351	2.48	SNACKS - OTHER	17	3	10.00		1	722252160195
722252160300	CLIF COCONUT CHOC CHI	1.1851	1.2793	2.13	SNACKS - OTHER	17	3	0.00		1	722252160300
722252161017	CLIF BAR NUTS&SEEDS OG3	1.2862	1.2793	2.13	SNACKS - OTHER	17	3	0.00		1	722252161017
722252161055	CLIF SIERRA TRAIL MIX	1.3716	1.3716	2.29	SNACKS - OTHER	17	3	0.00		1	722252161055
722252161093	CLIF WHT MAC NUT	1.7351	1.7351	2.89	SNACKS - OTHER	17	3	-1.00		1	722252161093
722252162939	CLIF SWT/SLTY PBTR H	1.3716	1.3716	2.29	SNACKS - OTHER	17	3	0.00		1	722252162939
722252192042	ZBAR CHOCO CHIP BOX	4.2300	4.2300	7.05	SNACKS - OTHER	17	3	0.00		1	722252192042
722252194145	ZBAR CHOCO CHIP	0.7400	0.7400	1.23	SNACKS - OTHER	17	3	0.00		1	722252194145
722252268006	CLIF NUT BTR CHOC HZL	1.6117	1.6119	2.69	SNACKS - OTHER	17	3	0.00		1	722252268006
722252268013	CLIF CHOC PEANUT	1.6117	1.6117	2.69	SNACKS - OTHER	17	3	0.00		1	722252268013
722252268020	CLIF CNUT ALM BTR	1.5965	1.5953	2.66	SNACKS - OTHER	17	3	0.00		1	722252268020
722252268037	CLIF PBTR FLD BAR	2.0957	2.0957	3.49	SNACKS - OTHER	17	3	0.00		1	722252268037
722252500038	CLIF OATML RSN WLNUT	1.7351	1.7351	2.48	SNACKS - OTHER	17	3	11.00		1	722252500038
722252601414	CLIF BUILDERS CHO PB BAR	0.0000	0.0000	2.69	SNACKS - OTHER	17	3	0.00		1	722252601414
722252601452	CLIF BUILD VAN ALM BAR	2.0957	2.0957	3.49	SNACKS - OTHER	17	3	0.00		1	722252601452
722252618726	CLIF SWEET N SALT CHOC	1.3716	1.3716	2.29	SNACKS - OTHER	17	3	0.00		1	722252618726
722252867247	CLIF DRKCHO ALM SSLT	1.2793	1.2793	2.13	SNACKS - OTHER	17	3	0.00		1	722252867247
722430000169	GTS KMBCHA PURE	3.1120	3.1120	4.45	COLD BEVERAGES	7	6	0.00		1	722430000169
722430001166	GTS KOMB SEASONAL 16 OZ	3.1120	3.1120	4.83	COLD BEVERAGES	7	6	1.00		1	722430001166
722430110165	GTS KOMB SYNRGY TRILOGY 16 OZ	3.1120	3.1120	4.56	COLD BEVERAGES	7	6	1.00		1	722430110165
722430110486	GTS KMB SNG TRILGY	7.6374	7.6374	10.91	COLD BEVERAGES	7	6	0.00		1	722430110486
722430140162	GTS KMBCHA MARN GRN	3.0658	3.0658	5.11	COLD BEVERAGES	7	6	0.00		1	722430140162
722430160030	GTS ADAPTGN TEA ROOTBEER	3.1120	3.1120	5.19	COLD BEVERAGES	7	6	-2.00		1	722430160030
722430160078	GTS ALIVE MATCHA CRM SDA	3.1120	3.1120	4.56	COLD BEVERAGES	7	6	0.00		1	722430160078
722430160160	GTS KOMB LAVEN LOVE 16 OZ	3.0658	3.0658	4.56	COLD BEVERAGES	7	6	0.00		1	722430160160
722430160207	GTS COLA ADAPTOGENIC TEA	3.1120	3.1120	4.79	COLD BEVERAGES	7	6	0.00		1	722430160207
722430170169	GTS KOMB  HIBIS GNGR 16 OZ	3.1120	3.1120	4.56	COLD BEVERAGES	7	6	0.00		1	722430170169
722430170480	GTS KMBUCH HBSCS GIN	7.5255	7.5255	11.58	COLD BEVERAGES	7	6	0.00		1	722430170480
722430191164	GTS KMB SNG PNK LMAD	3.1120	3.1120	4.26	COLD BEVERAGES	7	6	0.00		1	722430191164
722430200163	GTS KOMB GNGRADE 16 OZ	3.1120	3.1120	4.56	COLD BEVERAGES	7	6	1.00		1	722430200163
722430220161	GTS KOMB RASP CHIA 16 OZ	3.1084	3.1120	4.56	COLD BEVERAGES	7	6	0.00		1	722430220161
722430290164	GTS KOMB CAYENNEADE 16 OZ	2.7550	2.7383	4.56	COLD BEVERAGES	7	6	0.00		1	722430290164
722430320168	GTS KOMB TANT TURM 16 OZ	3.1118	3.1120	4.56	COLD BEVERAGES	7	6	0.00		1	722430320168
722430340166	GTS KOMB WTRMLN WNDR 16 OZ	3.1120	3.1120	4.56	COLD BEVERAGES	7	6	2.00		1	722430340166
722430371122	GTS ADK DRAGPNFRT	2.3502	2.3502	3.62	COLD BEVERAGES	7	0	-12.00		1	722430371122
722430400167	GTS KOMBSTRWBRY 16 OZ	3.1120	3.1120	4.56	COLD BEVERAGES	7	6	0.00		1	722430400167
722430420165	GTS KMBCHA GLD PNAPL	3.0658	3.0658	4.56	COLD BEVERAGES	7	6	0.00		1	722430420165
722430500164	GTS KMBCH MYSTC MNGO	3.0658	3.0658	4.38	COLD BEVERAGES	7	6	0.00		1	722430500164
722430570167	GTS AGUA KEFIR PEACH	2.7383	2.7383	4.56	COLD BEVERAGES	7	6	0.00		1	722430570167
722430580166	GTS AGUA KEFIR HIBCS	2.7383	2.7383	4.56	COLD BEVERAGES	7	6	0.00		1	722430580166
722430600161	GTS KOMB GNGRBRY 16 OZ	3.1120	3.1120	4.56	COLD BEVERAGES	7	6	0.00		1	722430600161
722430600482	GTS SYNERGY GINGRBRY	7.6374	7.6374	10.91	COLD BEVERAGES	7	6	0.00		1	722430600482
722430610160	GTS SYNRGY TANG DRM	3.1120	3.1120	4.83	COLD BEVERAGES	7	6	0.00		1	722430610160
722430620169	GTS KOMB ROSE BERRY 16 OZ	2.7383	2.7383	4.56	COLD BEVERAGES	7	6	0.00		1	722430620169
722430630168	GTS KOMB POM PWR 16 OZ	3.0658	3.0658	5.07	COLD BEVERAGES	7	6	0.00		1	722430630168
722430700168	GTS KMBCHA PSSNBERRY	2.7383	2.7383	4.56	COLD BEVERAGES	7	6	0.00		1	722430700168
722430710167	GTS KMB SNG LMBRY	3.1120	3.1120	5.19	COLD BEVERAGES	7	6	0.00		1	722430710167
722430740164	GTS KMBCH ELBRY JNPR	3.1120	3.1120	4.79	COLD BEVERAGES	7	6	0.00		1	722430740164
722430750163	GTS KMCH PCH SYNERGY	3.1120	3.1120	4.72	COLD BEVERAGES	7	6	0.00		1	722430750163
722430760162	GTS SYNRGY BLD ORANG	3.1120	3.1120	4.79	COLD BEVERAGES	7	6	3.00		1	722430760162
722430830162	GTS KMBCHA ISLND BLS	0.0000	0.0000	0.00	COLD BEVERAGES	7	6	0.00		1	722430830162
722430850160	GTS ADK GUAVA PALOMA	2.9994	2.9994	4.66	COLD BEVERAGES	7	6	0.00		1	722430850160
722430890166	GTS ADK  DRAGPNFRT	2.9994	2.9994	4.61	COLD BEVERAGES	7	6	0.00		1	722430890166
722430900100	GTS KMB SNG GVAGDS	2.3356	2.3356	3.59	COLD BEVERAGES	7	6	0.00		1	722430900100
722430900162	GTS KOMB GUAVA 16 OZ	3.1120	3.1120	4.56	COLD BEVERAGES	7	6	0.00		1	722430900162
723830000094	LAGUNITAS IPA 355ML 6PK BTL	13.1400	13.1400	13.14	LIQUOR STORE	5	1	4.00		1	723830000094
723830014060	LAGUNITAS LITTLE SUMPIN 355OZ 6PK	13.1400	13.1400	13.14	LIQUOR STORE	5	1	4.00		1	723830014060
723830137004	NA LAGUNITAS	7.1500	7.1500	10.79	BEER-GS	4	0	88.00		1	723830137004
723830212121	LAGUNITAS IPA 355ML 12PK	26.2800	26.2800	26.28	LIQUOR STORE	5	1	-1.00		1	723830212121
724696878193	HOLLOW TREE  PRK CITY 5.25OZ	5.4933	4.5000	7.50	EDIBLE GROCERY	19	5	0.00		1	724696878193
724696878216	HOLLOW TREE HONEY 8 OZ	5.9900	5.9900	8.56	EDIBLE GROCERY	19	5	23.00		1	724696878216
724696878254	HOLLOW TREE 5LB WILDFLOWER	28.6200	28.6200	40.89	EDIBLE GROCERY	19	5	0.00		1	724696878254
724696878322	HOLLOW TREE HONEY 12.5OZ	8.7400	8.7400	12.49	EDIBLE GROCERY	19	5	22.00		1	724696878322
724696878353	HOLLOW TREE 32oz HONEY	17.4900	17.4900	26.01	EDIBLE GROCERY	19	5	32.00		1	724696878353
724696878421	HOLLOWTREE 3PACK	22.0000	22.0000	31.43	EDIBLE GROCERY	19	5	0.00		1	724696878421
724742003425	ALBA UNSCNT CREAM SHAVE	4.7117	4.7360	7.81	HEALTH & BEAUTY CARE	21	6	0.00		1	724742003425
724742003784	ALBA SNSCRN SPRY F/F 50	11.6602	11.6602	16.66	HEALTH & BEAUTY CARE	21	6	0.00		1	724742003784
724742003791	ALBA DEET FREE BUG SPRAY	10.1452	10.1626	16.94	HEALTH & BEAUTY CARE	21	6	0.00		1	724742003791
724742003814	ALBA SNCRN SPR SNS FF 50	11.6602	11.6602	16.66	HEALTH & BEAUTY CARE	21	6	0.00		1	724742003814
724742003890	ALBA SNSCRN LT MIN FF 30	9.6763	9.6763	13.78	HEALTH & BEAUTY CARE	21	6	7.00		1	724742003890
724742003906	ALBA SUNSCRN LT SPRT 50	8.9761	8.9761	12.82	HEALTH & BEAUTY CARE	21	5	0.00		1	724742003906
724742003944	ALBA LIP SPF	2.4895	2.4896	4.11	HEALTH & BEAUTY CARE	21	6	0.00		1	724742003944
724742004002	ALBA SUNSCRN SPORT SPF45	9.4023	9.4138	15.53	HEALTH & BEAUTY CARE	21	6	0.00		1	724742004002
724742004026	ALBA 85% ALOE AFTER SUN	6.2045	6.2045	8.63	HEALTH & BEAUTY CARE	21	6	0.00		1	724742004026
724742004040	ALBA SNSCRN MNRL FF SP30	11.6991	11.6991	16.66	HEALTH & BEAUTY CARE	21	6	0.00		1	724742004040
724742004361	ALBA VRY EMOLLNT BDY LTN	12.4820	12.6327	17.62	HEALTH & BEAUTY CARE	21	6	0.00		1	724742004361
724742008246	ALBA INTENS HYDRT WHIPED	9.8611	9.8611	0.00	EDI/UNKNOWN	99	0	0.00		1	724742008246
724742008284	ALBA COCOA BTR LOTION	7.2743	7.2743	10.39	HEALTH & BEAUTY CARE	21	6	0.00		1	724742008284
724742008376	ALBA COCONUT LIP BALM	2.4603	2.4839	3.73	HEALTH & BEAUTY CARE	21	6	26.00		1	724742008376
724742008529	ALBA PLUMERIA HAIR WASH	7.6244	7.6244	0.00	EDI/UNKNOWN	99	0	0.00		1	724742008529
724742010522	ALBA SNSCRN MNRL FC 50	9.0145	9.0150	12.85	HEALTH & BEAUTY CARE	21	6	6.00		1	724742010522
724742019464	ALBA HWN AV SNSCRN SPF30	2.6841	2.6841	4.13	HEALTH & BEAUTY CARE	21	6	0.00		1	724742019464
725342260737	MUIR DICED TOMATOES	4.2393	4.2393	6.06	EDIBLE GROCERY	19	9	4.00		1	725342260737
725342381715	MUIR GLEN TOMATO PASTE	1.8600	1.8600	2.79	EDIBLE GROCERY	19	9	2.00		1	725342381715
725622008325	BOOTA BAG FOOTBAG	2.7162	2.7600	6.99	GENERAL MERCHANDISE	22	12	11.00		1	725622008325
727760514232	GASPARD SAUV BLANC 750ML	18.9900	18.9900	18.99	LIQUOR STORE	5	2	0.00		1	727760514232
727888403739	M.R TORT FLR 10  6CT	3.6723	3.6914	5.07	BREADS	14	2	7.00		1	727888403739
728028023183	SEASNAX ORIGINAL	0.9457	0.9457	1.58	SNACKS - SALTY	15	0	0.00		1	728028023183
728119098441	C AMORE GENOVESE PESTO	3.0715	3.0715	5.28	EDIBLE GROCERY	19	7	5.00		1	728119098441
728119098687	CAM ARTICHOKE BRSHTA	3.0989	3.0715	4.70	EDIBLE GROCERY	19	9	3.00		1	728119098687
728119515368	K LOVE CAULIFLOWER RICE	2.4150	2.4572	3.72	EDIBLE GROCERY	19	6	0.00		1	728119515368
728119516310	K LOVE JCKFRT SWT BQ	0.0000	0.0000	0.00	EDIBLE GROCERY	19	6	0.00		1	728119516310
728229013150	TERRA BEET AND SWEET	3.6055	3.6055	6.01	SNACKS - SALTY	15	0	0.00		1	728229013150
728498000219	B BAKER CAKE BANANA NUT	1.9578	1.9578	3.26	SNACKS - BAKERY	16	2	0.00		1	728498000219
728498000417	B BAKER MUFFIN BLUEBERRY	2.1283	2.1283	3.30	SNACKS - BAKERY	16	2	2.00		1	728498000417
728498000424	B BAKER MUFFIN BANANA NUT	2.1117	2.1283	3.30	SNACKS - BAKERY	16	2	1.00		1	728498000424
728498000448	B BAKER MUFFIN ALMOND POP	2.1283	2.1283	3.30	SNACKS - BAKERY	16	2	7.00		1	728498000448
728498000455	B BAKER MUFFIN DBL CHOC	1.9790	1.9817	3.30	SNACKS - BAKERY	16	2	0.00		1	728498000455
728498000493	B BAKER MUFFIN STRWBY CRM	2.1283	2.1283	3.30	SNACKS - BAKERY	16	2	1.00		1	728498000493
728498000721	B BAKER MUFFIN CRM CHEESE	1.9817	1.9817	3.30	SNACKS - BAKERY	16	2	0.00		1	728498000721
728498000905	B BAKER DANISH BERRIES/CH	1.8089	1.8089	3.07	SNACKS - BAKERY	16	1	0.00		1	728498000905
728498000943	B BAKER DANISH APPLE TURN	1.8256	1.8256	3.09	SNACKS - BAKERY	16	2	0.00		1	728498000943
728498000950	B BAKER DANISH RASPBERRY	1.9744	1.8256	3.09	SNACKS - BAKERY	16	1	0.00		1	728498000950
728498000967	B BAKER CINN ROLL	1.8333	1.8333	3.11	SNACKS - BAKERY	16	1	0.00		1	728498000967
728997412001	ECOVER TOILET CLEANER	3.7438	3.7457	6.15	HOUSEHOLD/CLEANING	20	3	5.00		1	728997412001
728997500005	ECOVER LAUNDRY LIQ ZERO	13.1067	13.1871	21.65	HOUSEHOLD/CLEANING	20	1	0.00		1	728997500005
729998228691	MERINO FRANZ HAT BLACK	19.5000	19.5000	39.99	GENERAL MERCHANDISE	22	7	0.00		1	729998228691
729998228707	MERINO FRANZ HAT ROYAL	20.0000	20.0000	39.99	GENERAL MERCHANDISE	22	7	0.00		1	729998228707
730429950029	TRUE MYTH CAB SAUV 750ML	21.9900	21.9900	22.99	LIQUOR STORE	5	2	15.00		1	730429950029
731015072194	DOG LEASH	1.6000	1.6000	2.67	HOUSEHOLD/CLEANING	20	5	0.00		1	731015072194
731015160587	CLOTHESPINS	1.7500	1.7500	2.99	HOUSEHOLD/CLEANING	20	1	0.00		1	731015160587
731015167364	DOG TOY KNOTTED ROPE	1.9500	1.9500	3.99	HOUSEHOLD/CLEANING	20	5	1.00		1	731015167364
731984100607	BIOP CONC DISHWASH LIQ	13.5038	16.2796	20.45	HOUSEHOLD/CLEANING	20	2	0.00		1	731984100607
732153015920	EPIC SNK STRP WAGYU BEEF	1.7166	1.7208	2.87	SNACKS - OTHER	17	1	0.00		1	732153015920
732153015944	EPIC SNK STRP VNSN STEAK	1.7399	1.7427	2.65	SNACKS - OTHER	17	1	4.00		1	732153015944
732153015951	EPIC SNK STRP SALMN FLLT	1.7427	1.7427	2.83	SNACKS - OTHER	17	1	20.00		1	732153015951
732153015999	EPIC BAR BITES VENISON	5.9687	5.9687	9.95	SNACKS - OTHER	17	0	0.00		1	732153015999
732153024915	EPIC PORK CRKLNG MPL BCN	3.2260	3.2260	5.38	SNACKS - SALTY	15	0	0.00		1	732153024915
732153028609	EPIC BITES SALM MPL GLZD	5.9687	5.9687	9.95	SNACKS - OTHER	17	1	0.00		1	732153028609
732153029156	EPIC BAR BISON BACON CRNB	1.9883	1.9883	3.31	SNACKS - OTHER	17	3	0.00		1	732153029156
732153029163	EPIC BACON MAPLE BAR	2.4897	2.4904	4.04	SNACKS - OTHER	17	1	10.00		1	732153029163
732153029187	EPIC BEEF BACON APL BAR	2.1557	2.1557	3.59	SNACKS - SALTY	15	0	0.00		1	732153029187
732153029224	EPIC BSON UNCRD BCN CBRY	2.4904	2.4904	4.10	SNACKS - OTHER	17	1	-1.00		1	732153029224
732153029248	EPIC BAR VENISON SEA SLT/	2.1617	2.1617	3.60	SNACKS - OTHER	17	3	0.00		1	732153029248
732153102064	EPIC BK PK RND HIM SSALT	3.2113	3.2260	5.38	SNACKS - SALTY	15	0	0.00		1	732153102064
732153117389	EPIC CRISP CHCKN CRK PPR	0.0000	0.0000	0.00	SNACKS - OTHER	17	1	0.00		1	732153117389
732153119239	EPIC PK RND HIMSLT &SSLT	5.7993	5.7993	9.41	SNACKS - SALTY	15	0	3.00		1	732153119239
732153125230	EPIC CHKN SRIRACHA BAR	0.0000	0.0000	0.00	SNACKS - OTHER	17	1	0.00		1	732153125230
732153125384	EPIC BAR BISON UNCRD BCN	9.5560	9.5560	15.93	SNACKS - OTHER	17	1	0.00		1	732153125384
732153142565	EPIC BIRRIA BEEF STRIPS	0.0000	0.0000	0.00	SNACKS - OTHER	17	1	0.00		1	732153142565
732153233980	EPIC BISON STRIPS	1.6956	1.6956	2.83	SNACKS - OTHER	17	1	0.00		1	732153233980
732153234017	EPIC CHICKEN SRIRACHA ST	1.7196	1.7208	2.83	SNACKS - OTHER	17	1	0.00		1	732153234017
732153241190	EPIC BAR BEEF JALAPENO	2.4588	2.4588	4.10	SNACKS - OTHER	17	1	0.00		1	732153241190
732153241220	EPIC BAR BEEF SSLT PEPPR	2.4904	2.4904	4.04	SNACKS - OTHER	17	1	6.00		1	732153241220
732153244030	EPIC BEEF BARBACOA	2.4904	2.4904	4.04	SNACKS - OTHER	17	1	12.00		1	732153244030
732153247444	EPIC BAR CHICKEN BBQ	2.4901	2.4904	4.04	SNACKS - OTHER	17	1	0.00		1	732153247444
732153248816	EPIC VEN SSALT+PPR BAR	2.4904	2.4904	4.10	SNACKS - OTHER	17	3	12.00		1	732153248816
732153248823	EPIC BEEF BACON APL BAR	2.4888	2.4904	3.51	SNACKS - OTHER	17	3	15.00		1	732153248823
732153256941	EPIC SSLT PEP BF BSN BAR	2.4904	2.4904	4.15	SNACKS - OTHER	17	1	12.00		1	732153256941
732494000524	CRETOR POPCRN THE MIX	3.6970	3.6970	6.69	SNACKS - SALTY	15	4	0.00		1	732494000524
732913137039	7 GEN BATH TISSUE 2 PLY	1.4850	1.4850	2.48	HOUSEHOLD/CLEANING	20	3	58.00		1	732913137039
732913137206	7 GEN NATL PAPER TOWELS	3.1663	3.1726	5.17	HOUSEHOLD/CLEANING	20	2	0.00		1	732913137206
732913137329	7 GEN RECYC BATH TISSUE	4.4549	4.4549	6.23	HOUSEHOLD/CLEANING	20	3	17.00		1	732913137329
732913137336	7 GEN RCYC BATH TISSUE	12.0152	12.0152	20.03	HOUSEHOLD/CLEANING	20	3	0.00		1	732913137336
732913227693	7 GEN LNDRY CONC F&C	8.1026	8.1026	13.50	HOUSEHOLD/CLEANING	20	1	0.00		1	732913227693
732913228126	7 GEN MULT SURFACE WIPES	4.7928	4.7928	7.73	HOUSEHOLD/CLEANING	20	4	0.00		1	732913228126
732913228133	7 GEN MULT SURFACE WIPES	7.0069	7.0068	10.01	HOUSEHOLD/CLEANING	20	4	1.00		1	732913228133
732913342082	7 GEN F&C BBY WIPE WDGT	3.4427	3.4426	5.30	HEALTH & BEAUTY CARE	21	5	0.00		1	732913342082
732913342198	7 GEN F&C BBY WIPE REFIL	0.0000	0.0000	0.00	HEALTH & BEAUTY CARE	21	5	0.00		1	732913342198
732913447114	7 GEN GLASS CLEANER F&C	4.6302	4.6392	7.73	HOUSEHOLD/CLEANING	20	4	0.00		1	732913447114
732913447121	7 GEN GLASS CLEANER SPK	4.7804	4.7920	7.21	HOUSEHOLD/CLEANING	20	4	-1.00		1	732913447121
732913447145	7 GEN ALL PURP CLEANER	4.7920	4.7920	7.73	HOUSEHOLD/CLEANING	20	4	15.00		1	732913447145
7330933177269	ECO FLUSHABLE WIPES	3.7185	3.8706	6.45	HOUSEHOLD/CLEANING	20	3	0.00		1	7330933177269
7330933178402	ECONTY DIAPERS 24-25 LB	12.5960	12.5777	21.27	HEALTH & BEAUTY CARE	21	5	0.00		1	7330933178402
7330933245012	ECONTY WIPES SNSTV UNSCE	3.1112	3.1112	4.72	HEALTH & BEAUTY CARE	21	5	0.00		1	7330933245012
734027551459	GP ORIGINAL GINGER CHEWS	0.1171	0.1306	0.22	CANDY	8	0	-29.00		1	734027551459
734027904019	GP MINCED GINGER	3.6409	3.6769	5.09	EDIBLE GROCERY	19	0	3.00		1	734027904019
734027905016	GP GINGER CRYSTALLIZED	2.5082	2.5082	3.76	CANDY	8	0	-1.00		1	734027905016
734027905023	GINGER CHEWS ORGNL 3 OZ	2.5001	2.5001	3.55	CANDY	8	3	0.00		1	734027905023
734027905030	GP GINGINS SPCY APL CHWS	2.5001	2.5001	3.74	CANDY	8	3	0.00		1	734027905030
734027905047	GP GINGINS PNT GNGR CHWS	2.2449	2.2448	3.74	CANDY	8	3	0.00		1	734027905047
734027905054	GP GINGINS DBL STRNG HRD	2.2449	2.2448	3.74	CANDY	8	3	0.00		1	734027905054
734027905108	GP GINGINS CHWY SPCY TRM	2.4866	2.5001	3.85	CANDY	8	3	9.00		1	734027905108
734027905115	GP GUMMIES SWEET GINGER	0.0000	0.0000	0.00	CANDY	8	3	0.00		1	734027905115
734027905139	GP GINGINS CHEW LEMON	2.5082	2.5082	3.58	CANDY	8	0	0.00		1	734027905139
734027909229	GP WILD TMERIC GNGR SHOT	1.8993	1.8993	3.31	COLD BEVERAGES	7	3	0.00		1	734027909229
734756000082	STUBBS BBQ SCE HKRY BRBN	4.5789	4.5788	6.94	EDIBLE GROCERY	19	7	0.00		1	734756000082
735506000000	CATL CAT LITTER HEALTHY	0.0000	0.0000	0.00	HOUSEHOLD/CLEANING	20	5	0.00		1	735506000000
735506000048	CATL CAT LITTER MULTI	0.0000	0.0000	0.00	HOUSEHOLD/CLEANING	20	5	0.00		1	735506000048
736211605382	R.BOAT PREM FISH SAUCE	5.8479	5.8431	9.54	EDIBLE GROCERY	19	7	0.00		1	736211605382
736449000102	DUF CLEAN PUFF PASTRY	9.0995	9.0995	15.17	FROZEN FOODS	13	0	0.00		1	736449000102
736473100090	BASS BRSH BMB BRS LG PDL	12.5355	12.5355	16.07	HEALTH & BEAUTY CARE	21	6	2.00		1	736473100090
736473100595	BASS HAIR BRUSH LGE VNTD	4.5707	4.5707	0.00	EDI/UNKNOWN	99	0	0.00		1	736473100595
736473113830	BASS BIO FLX SWRL HR BRS	5.1445	5.1445	7.35	HEALTH & BEAUTY CARE	21	6	0.00		1	736473113830
736558000659	ASPARAGUS MAJ  ORG	5.1727	5.1727	6.90	PRODUCE	18	2	2.00		1	736558000659
736798901846	GDFDS GUACAMOLE CHNKY GF	3.6202	3.8037	5.68	GRAB & GO FOODS	11	3	0.00		1	736798901846
7374	NECK CHILLER	7.0000	7.0000	10.00	CAMPING & OUTDOORS	43	1	0.00		1	7374
737483020934	3LADIES MED STK RCE NDLE	2.4121	2.4121	4.02	EDIBLE GROCERY	19	3	17.00		1	737483020934
737483778088	3LADIES RICE PAPER	3.7305	3.7406	6.13	EDIBLE GROCERY	19	0	3.00		1	737483778088
7375	ROCK MAGNET	3.0000	3.0000	4.29	GENERAL MERCHANDISE	22	6	-2.00		1	7375
737539191205	SUNBTR NAT SUN BUTTER	6.1740	6.1818	9.37	EDIBLE GROCERY	19	8	0.00		1	737539191205
737628029501	TK LEMON GRASS/CHILI NDL	1.1281	1.1281	0.00	EDI/UNKNOWN	99	0	0.00		1	737628029501
737628030002	TK GARLIC & VEG NOODLES	1.1281	1.1281	0.00	EDI/UNKNOWN	99	0	0.00		1	737628030002
737628046508	TK ONION NOODLES	1.3001	1.3040	2.01	EDIBLE GROCERY	19	6	0.00		1	737628046508
738041111002	CLUX LGHT BLB 100W FULL	0.0000	0.0000	0.00	GENERAL MERCHANDISE	22	10	0.00		1	738041111002
739018460147		0.0000	0.0000	0.00	CIGARETTES	2	0	0.00		1	739018460147
739042642793	READING GLASSES	1.5000	1.5000	3.75	HEALTH & BEAUTY CARE	21	7	3.00		1	739042642793
739184601009	MORA KNIFE ORANGE	14.3600	14.3600	0.00	CAMPING & OUTDOORS	43	0	0.00		1	739184601009
7391846010081	MORA KNIFE ORANGE	14.3600	14.3600	25.99	CAMPING & OUTDOORS	43	0	0.00		1	7391846010081
7391846010128	MORA KNIFE CMPANION GREEN	13.2700	13.2700	25.52	CAMPING & OUTDOORS	43	0	5.00		1	7391846010128
7391846013389	MORA KNIFE PINK	14.3600	14.3600	25.99	CAMPING & OUTDOORS	43	0	0.00		1	7391846013389
7391846013419	MORA KNIFE GREEN	14.3600	14.3600	25.99	CAMPING & OUTDOORS	43	0	0.00		1	7391846013419
7391846013426	MORA KNIFE BLUE	14.3600	14.3600	25.99	CAMPING & OUTDOORS	43	0	0.00		1	7391846013426
7391846014201	MORA KNIFE BLACK	13.2700	13.2700	25.52	CAMPING & OUTDOORS	43	0	5.00		1	7391846014201
7391846020851	MORA KNIFE COMPANION TAN	13.2700	13.2700	25.52	CAMPING & OUTDOORS	43	0	5.00		1	7391846020851
7391846020868	MORAKNIV MISC	14.3600	14.3600	25.99	CAMPING & OUTDOORS	43	0	0.00		1	7391846020868
739184602679	MORA KNIFE RED	12.0400	12.0400	24.08	CAMPING & OUTDOORS	43	0	-4.00		1	739184602679
739949010404	GAZELA VINHO VERDE 750ML	9.9900	9.9900	9.99	LIQUOR STORE	5	2	0.00		1	739949010404
739958064801	FRANCIS COPPOLA CAB SAUV 750ML	19.9900	19.9900	15.99	LIQUOR STORE	5	2	16.00		1	739958064801
740075000009	STRAWBERRY OG CLAM	4.0523	4.2875	5.72	PRODUCE	18	1	0.00		1	740075000009
740075001624	BERRIES  STRAWBERRIES	3.7756	3.7375	5.34	PRODUCE	18	1	0.00		1	740075001624
740522110886	BELL'S TWO HEARTED 355ML 6PK	14.1000	14.1000	14.10	LIQUOR STORE	5	1	3.00		1	740522110886
74124300025		0.0000	0.0000	0.00	CIGARETTES	2	0	0.00		1	74124300025
741243000500	TOMATOES WHOLSUM HARV	5.0375	5.0375	2.77	PRODUCE	18	2	1.00		1	741243000500
741243000517	TOMATOES WHOLSUM CAMP	4.7667	4.7667	5.30	PRODUCE	18	2	0.00		1	741243000517
741243000821	CHERRY TOMATOES	5.8250	5.8250	8.32	PRODUCE	18	2	0.00		1	741243000821
741243002894	WHOLESUM CHERRY TOM	1.5500	1.5500	2.21	PRODUCE	18	2	0.00		1	741243002894
741243003341	TOMATOES CHERRY WHOLESUM	5.0375	5.0375	7.20	PRODUCE	18	2	0.00		1	741243003341
741243005086	WHOLESOME CUC ENG	1.3583	1.3583	1.89	PRODUCE	18	2	-13.00		1	741243005086
741273003908	BACH RESCUE REMEDY	11.3393	11.3393	16.20	HEALTH & BEAUTY CARE	21	2	1.00		1	741273003908
741273015000	BACH RESCUE REMEDY PET	11.0880	11.0880	15.84	HOUSEHOLD/CLEANING	20	5	0.00		1	741273015000
742042875481	ORNITHOLOGY BIRDS NOTEBOOK	9.5000	9.5000	15.83	GENERAL MERCHANDISE	22	4	3.00		1	742042875481
742042883196	WOODLANDMUSHROOM BOOK BIG	12.5000	12.5000	20.83	GENERAL MERCHANDISE	22	4	0.00		1	742042883196
742042883455	HONEYBEE BOOK	6.0000	6.0000	10.00	GENERAL MERCHANDISE	22	4	0.00		1	742042883455
742042883486	GEM&MINERALS BOOK	6.0000	6.0000	10.00	GENERAL MERCHANDISE	22	4	0.00		1	742042883486
742042883493	INTOTHEFOREST BOOK	6.0000	6.0000	10.00	GENERAL MERCHANDISE	22	4	0.00		1	742042883493
742042883523	BIRDS&FEATHERS BOOK	6.0000	6.0000	10.00	GENERAL MERCHANDISE	22	4	0.00		1	742042883523
742042883578	WOODLANDMUSHROOM BOOK	6.0000	6.0000	10.00	GENERAL MERCHANDISE	22	4	0.00		1	742042883578
742042883615	MEDICINALBOTANY BOOK	6.0000	6.0000	10.00	GENERAL MERCHANDISE	22	4	-1.00		1	742042883615
742042887811	BUTTERFLYS&BEETLE BOOK	6.0000	6.0000	10.00	GENERAL MERCHANDISE	22	4	0.00		1	742042887811
742365004209	HORIZ 1% PLAIN ASEP	9.6569	9.6569	13.80	DAIRY - FLUID	9	1	0.00		1	742365004209
742365004346	HORIZ LF PLAIN CLBPK	19.5180	19.5180	30.03	DAIRY - FLUID	9	1	1.00		1	742365004346
742365004353	HORIZ 1% CHC MLK DHA	1.7200	1.7200	2.50	DAIRY - FLUID	9	1	0.00		1	742365004353
742365208256	HORIZON MILK 8OZ SHELF	1.6300	1.6300	2.50	DAIRY - FLUID	9	1	-12.00		1	742365208256
743490004133	D.B DARK CHOC BAN HALVES	4.5148	4.5148	6.45	FROZEN FOODS	13	2	0.00		1	743490004133
744473000333	SO DEL COC YOG UNS VAN	5.8800	5.8800	8.79	DAIRY - OTHER	10	4	0.00		1	744473000333
744473470211	SO DEL CHOC	0.0000	0.0000	5.17	ICE CREAM	12	3	0.00		1	744473470211
744473476138	SO DEL CSHW MLK SLT CRML	5.4290	5.4290	7.24	ICE CREAM	12	3	0.00		1	744473476138
745432119004	BREC SAMPLER 15CAN	14.4400	14.4400	20.62	BEER-GS	4	0	0.00		1	745432119004
745998206286	EE DRIED MANGO	5.5708	5.5708	8.57	SNACKS - OTHER	17	4	0.00		1	745998206286
745998500087	EE BLACK TEA	4.4143	4.4168	6.46	EDIBLE GROCERY	19	1	4.00		1	745998500087
745998500179	EE EARL GREY TEA	4.0389	3.9420	6.46	EDIBLE GROCERY	19	1	0.00		1	745998500179
745998902027	EE HOT COCOA MIX	7.4595	7.4595	10.66	EDIBLE GROCERY	19	11	0.00		1	745998902027
745998990093	EE DRK CHOC COCO MIX	8.3570	8.3570	11.94	EDIBLE GROCERY	19	11	6.00		1	745998990093
746775054540	PHASE 10 GAME	6.0572	6.2700	13.99	GENERAL MERCHANDISE	22	12	13.00		1	746775054540
746805182120	MATCHES 2 PK	0.0000	0.0000	2.75	GENERAL MERCHANDISE	22	1	0.00		1	746805182120
747599610653	GHIR  CHIPS WHITE CHOC	4.1217	4.1217	6.34	EDIBLE GROCERY	19	4	0.00		1	747599610653
747599617034	GHIR UNSWEETNED COCOA	6.3196	6.3196	8.43	EDIBLE GROCERY	19	4	5.00		1	747599617034
747599618284	GHIR	3.5428	3.5845	4.78	EDIBLE GROCERY	19	4	19.00		1	747599618284
748528277671	TAPROOT LMNGRSS GNGR	1.6900	1.6900	3.38	COLD BEVERAGES	7	2	21.00		1	748528277671
748528277688	TAPROOT LMN LIME LAV	1.6847	1.6900	3.38	COLD BEVERAGES	7	2	0.00		1	748528277688
748528277695	TAPROOT BLCKBRY MINT	1.6900	1.6900	3.38	COLD BEVERAGES	7	2	33.00		1	748528277695
74852827771		0.0000	0.0000	0.00	CIGARETTES	2	0	0.00		1	74852827771
748528277718	TAPROOT ROOTBEER	1.6900	1.6900	3.38	COLD BEVERAGES	7	2	38.00		1	748528277718
748528277725	TAPROOT STRWBRY FIELD	1.6900	1.6900	3.38	COLD BEVERAGES	7	2	1.00		1	748528277725
748528277732	TAPROOT CHRY LMADE	1.6900	1.6900	3.38	COLD BEVERAGES	7	2	31.00		1	748528277732
748528277749	TAPROOT PEACH HAB	1.6900	1.6900	3.38	COLD BEVERAGES	7	2	42.00		1	748528277749
748528277893	AUGURY BEVCO EARLGREYHONEY	1.7000	1.7000	2.83	COLD BEVERAGES	7	6	0.00		1	748528277893
749174096777	ECOS HYPOAL PET SHAMPOO	5.1108	5.1108	7.30	HOUSEHOLD/CLEANING	20	5	0.00		1	749174096777
749174097569	ECOS LEMNGRASS ULTRA	5.4288	5.4288	7.76	HOUSEHOLD/CLEANING	20	1	0.00		1	749174097569
749717009882	CANYONLANDS	7.1700	7.1700	11.95	MAPS & PUBLICATIONS	23	4	0.00		1	749717009882
9781566953436	NAT GEO GLEN CANYON MAP	7.1800	7.1800	14.95	MAPS & PUBLICATIONS	23	4	12.00		1	749717009912
9781566953207	NAT GEO BRYCE MAP	7.1800	7.1800	14.95	MAPS & PUBLICATIONS	23	4	12.00		1	749717009974
9781566956703	NAT GEO CAP REEF MAP	7.1800	7.1800	14.95	MAPS & PUBLICATIONS	23	4	6.00		1	749717010444
9781566954150	NAT GEO MT DUTTON MAP	7.1800	7.1800	14.95	MAPS & PUBLICATIONS	23	4	0.00		1	749717010864
9781566953245	NAT GEO CANYONS ESC MAP	7.1800	7.1800	15.76	MAPS & PUBLICATIONS	23	4	-30.00		1	749717010918
9781566956864	NAT GEO GRND STRCS MAP	7.1800	7.1800	14.95	MAPS & PUBLICATIONS	23	4	5.00		1	749717010956
750046451822	PINEAPPLE ORG	3.9500	3.9500	5.64	PRODUCE	18	1	0.00		1	750046451822
7500464518224	PINEAPPLE ORG	4.6571	4.6571	6.21	PRODUCE	18	1	0.00		1	7500464518224
750301578035	PARADISE RASPBERRIES ORG	0.0000	0.0000	5.39	PRODUCE	18	1	0.00		1	750301578035
7503015780392	PARADISE RASPBERRIES ORG	3.9917	3.9917	5.39	PRODUCE	18	1	0.00		1	7503015780392
7503015780408	BLUEBERRIES PARADISE OG CLAM	3.6314	3.6333	5.19	PRODUCE	18	1	0.00		1	7503015780408
7503016186018	WAHAKA MEZ ESP 750ML	31.9900	31.9900	34.99	LIQUOR STORE	5	3	5.00		1	7503016186018
7503018074146	BERRIES BLACK KAMPO	3.7400	3.7400	5.05	PRODUCE	18	1	-12.00		1	7503018074146
7503018074290	BERRIES  STRAW ORGANIC	2.4500	2.4500	4.08	PRODUCE	18	1	0.00		1	7503018074290
750301807432	RASPBERRIES ORG	3.9296	3.9917	5.32	PRODUCE	18	1	47.00		1	750301807432
7503018074306	RASPBERRIES  OG	4.6917	4.6917	6.26	PRODUCE	18	1	-45.00		1	7503018074306
750557003213	SEWING SAFETY PINS AST	0.7300	0.7300	1.29	GENERAL MERCHANDISE	22	8	2.00		1	750557003213
750557006467	RUBBER BANDS	1.1000	1.1000	1.99	GENERAL MERCHANDISE	22	0	15.00		1	750557006467
750557007693	PUSH PINS 60CT	1.2500	1.2500	2.49	GENERAL MERCHANDISE	22	4	0.00		1	750557007693
751228037100	OG COFFEE JAVA LUV ORG	11.0152	11.0152	15.43	EDIBLE GROCERY	19	1	7.00		1	751228037100
751228037124	OCC ZEN BLEND GRND	9.4427	9.4202	18.09	EDIBLE GROCERY	19	1	0.00		1	751228037124
751228037155	OG COFFEE BREAK BLEND	11.0137	11.0152	15.43	EDIBLE GROCERY	19	1	9.00		1	751228037155
751228037209	OCC GRIND COFF RNFRS	10.8188	11.0152	16.10	EDIBLE GROCERY	19	1	0.00		1	751228037209
751228037582	OCC FT FRCH RST GRND	10.7143	11.0152	18.09	EDIBLE GROCERY	19	1	6.00		1	751228037582
751228037865	OCC GRND GORLLA DCAF	12.0795	12.2243	17.86	EDIBLE GROCERY	19	1	2.00		1	751228037865
751228551019	OCC FRENCH ROAST	10.9555	11.0152	18.09	EDIBLE GROCERY	19	1	3.00		1	751228551019
751228571017	OCC FRENCH RST COFF	23.0288	23.3935	35.43	EDIBLE GROCERY	19	1	0.00		1	751228571017
751228572014	OG COFFEE ZEN BLEND BEANS 2 2LB	17.4251	23.3935	27.20	STORE USE/SUPPLY	94	0	0.00		1	751228572014
751228572038	OG COFFEE JAVA LOVE BEANS	20.0084	23.3935	27.20	STORE USE/SUPPLY	94	0	0.00		1	751228572038
751228577019	OG2 OCC GORILLA DECAF	23.3935	23.3935	0.00	EDI/UNKNOWN	99	0	0.00		1	751228577019
753656710969	THINK THIN BAR SLTD CARAM	1.3600	1.4670	2.45	SNACKS - BAKERY	16	0	0.00		1	753656710969
753950002562	DOCBST VIT C 500 MG	12.4162	12.4162	17.74	HEALTH & BEAUTY CARE	21	2	0.00		1	753950002562
754527000660	NEW BELG VOO RANGER 355ML 6PK	12.3000	12.3000	12.30	LIQUOR STORE	5	1	10.00		1	754527000660
754527004217	NEW BELG VOO IMP BTL 355ML 6PK	14.1000	14.1000	14.10	LIQUOR STORE	5	1	0.00		1	754527004217
754527008857	NEW BELG VOO JUICY 355 ML 6PK	14.1000	14.1000	14.10	LIQUOR STORE	5	1	18.00		1	754527008857
754527011727	NEW BELG VOO JUICE FRC 355ML 6PK	14.1000	14.1000	14.10	LIQUOR STORE	5	1	10.00		1	754527011727
754527011734	NEWBEL VODO JUI FORC CAN SINGLE	2.3500	2.3500	2.35	LIQUOR STORE	5	1	0.00		1	754527011734
754527012205	NEW BELG VOO FRUIT FRC 355ML 6PK	14.1000	14.1000	14.10	LIQUOR STORE	5	1	10.00		1	754527012205
755491315903	LOCAL CD DUST	6.0000	6.0000	10.00	GENERAL MERCHANDISE	22	0	7.00		1	755491315903
7565	APPLE LOCAL	0.4000	0.4000	0.55	PRODUCE	18	3	-1.00		1	7565
756560157530	FUN BUBBLES 4 OZ	0.9000	0.9000	0.00	GENERAL MERCHANDISE	22	12	24.00		1	756560157530
757645016100	NMS GINGER MINTS TIN	1.6186	1.6186	2.70	CANDY	8	1	0.00		1	757645016100
757645016209	NMS PPRMT MINTS TIN	1.6186	1.6186	2.70	CANDY	8	1	0.00		1	757645016209
757645021005	NMS FF FIG NEWMANS	3.8802	3.8802	6.47	SNACKS - BAKERY	16	0	0.00		1	757645021005
757645021401	NEWMAN OS VAN CREME	4.9250	4.9354	7.59	SNACKS - BAKERY	16	3	2.00		1	757645021401
757645021425	NEWMAN OS CHOC	4.7813	4.9354	7.35	SNACKS - BAKERY	16	3	0.00		1	757645021425
757645021449	NEWMAN OS MNT COOKIE	4.4260	4.4103	7.05	SNACKS - BAKERY	16	3	1.00		1	757645021449
757645021487	NEWMAN OS VAN WF DF	4.1590	4.1565	6.93	SNACKS - BAKERY	16	3	0.00		1	757645021487
757645021500	NEWMAN OS PNTBTTR	4.8291	4.9549	8.26	SNACKS - BAKERY	16	3	0.00		1	757645021500
757645021524	NEWMAN OS VAN VAN	4.7690	4.9354	8.33	SNACKS - BAKERY	16	3	0.00		1	757645021524
757645612050	NMS CHICKEN DOG FOOD	2.7206	2.7206	4.19	HOUSEHOLD/CLEANING	20	5	0.00		1	757645612050
757645612159	NMS DOG DIN	0.0000	0.0000	2.79	HOUSEHOLD/CLEANING	20	5	0.00		1	757645612159
757645612555	NMS CHKN LVR GRNFREE	3.3538	3.3446	5.18	HOUSEHOLD/CLEANING	20	5	0.00		1	757645612555
757645613101	NMS PBTR MED DOG TRT	3.9825	3.9825	5.69	HOUSEHOLD/CLEANING	20	5	0.00		1	757645613101
757645614603	NMS BFJRKY DOG TRT ORIG	6.0133	6.0133	9.25	HOUSEHOLD/CLEANING	20	5	0.00		1	757645614603
760263529327	BCREEK SP MX CHKN NOODLE	5.0035	5.0035	8.34	EDIBLE GROCERY	19	0	4.00		1	760263529327
760263529389	BCREEK SP MX MINESTRONE	5.0035	5.0035	8.34	EDIBLE GROCERY	19	6	1.00		1	760263529389
761073425908	BUGLER ORIG PCKT PCH	9.8533	9.8533	10.91	CIGARETTES	2	0	0.00		1	761073425908
762765973493	MIMI SALAD CHKN DJN	7.9400	7.9400	11.99	GRAB & GO FOODS	11	2	0.00		1	762765973493
762765973509	MIMI SALAD VEG GREEN	6.4900	6.4900	9.99	GRAB & GO FOODS	11	2	0.00		1	762765973509
762765973516	MIMI SALAD POTATO CHIVE	4.1500	4.1500	5.99	GRAB & GO FOODS	11	2	0.00		1	762765973516
762765973592	MIMI GRAIN SALAD & SIDES	4.1500	4.1500	5.99	GRAB & GO FOODS	11	2	0.00		1	762765973592
762765973714	MIMI QUICHE WHOLE	25.0000	25.0000	35.99	GRAB & GO FOODS	11	0	0.00		1	762765973714
762765973769	MIMI SNDWCH $8.99	5.8400	5.8400	8.99	GRAB & GO FOODS	11	1	0.00		1	762765973769
762765973776	MIMI SNDWCH $10.49	7.0000	7.0000	10.49	GRAB & GO FOODS	11	1	0.00		1	762765973776
762765973783	MIMI SNDWCH MOZ PESTO	7.1400	7.1400	10.99	GRAB & GO FOODS	11	1	0.00		1	762765973783
762765973790	MIMI SNDWCH PORK LOIN	7.7900	7.7900	11.99	GRAB & GO FOODS	11	1	0.00		1	762765973790
762765973806	MIMI SNDWCH $10.99	7.1400	7.1400	10.99	GRAB & GO FOODS	11	1	0.00		1	762765973806
762765973813	MIMI SNDWCH TRKY CRAN	7.1400	7.1400	10.99	GRAB & GO FOODS	11	1	0.00		1	762765973813
762765973820	MIMI SNDWCH $11.99	7.7900	7.7900	11.99	GRAB & GO FOODS	11	1	0.00		1	762765973820
7627659738202	MIMI SNDWCH $11.99	7.7900	7.7900	11.99	GRAB & GO FOODS	11	1	0.00		1	7627659738202
762765973837	MIMI SNDWCH TRKY AVO	7.1400	7.1400	10.99	GRAB & GO FOODS	11	1	0.00		1	762765973837
762765973844	MIMI SNDWCH $12.99	7.5733	7.1400	12.99	GRAB & GO FOODS	11	1	0.00		1	762765973844
762765973851	MIMI CHKN PESTO	7.7900	7.7900	11.99	GRAB & GO FOODS	11	1	0.00		1	762765973851
762765973868	MIMI CURRY	5.1900	5.1900	7.99	GRAB & GO FOODS	11	0	0.00		1	762765973868
762765973905	MIMI SNDWCH $9.99	0.0000	0.0000	12.99	GRAB & GO FOODS	11	1	0.00		1	762765973905
762765973912	MIMI HALF SNDWCH $5.99	3.5700	4.1500	5.99	GRAB & GO FOODS	11	2	0.00		1	762765973912
762765973929	MIMI QUICHE SLICE	3.0500	3.0500	4.69	GRAB & GO FOODS	11	0	0.00		1	762765973929
762765973936	MIMI HALF SNDWCH $6.49	4.2200	4.2200	6.49	GRAB & GO FOODS	11	1	0.00		1	762765973936
763027701885	DEWBK CKY THN TSTD CCNUT	3.7769	3.7911	6.22	SNACKS - BAKERY	16	3	0.00		1	763027701885
763027701892	DEWBK CKY THIN MEYER LEM	3.7788	3.8138	5.84	SNACKS - BAKERY	16	3	0.00		1	763027701892
763027701939	DEWBK CKY BROWNIE CRISP	3.8138	3.8138	6.36	SNACKS - BAKERY	16	3	9.00		1	763027701939
763027701946	DEWBK CKY THIN TRPL GNGR	3.3666	3.3666	6.22	SNACKS - BAKERY	16	3	0.00		1	763027701946
763027701977	DEWBK CKY THIN SLTD CRML	3.3666	3.3666	6.22	SNACKS - BAKERY	16	3	0.00		1	763027701977
763027701984	DEWBK APL CIDER CKY THIN	0.0000	0.0000	0.00	SNACKS - BAKERY	16	3	0.00		1	763027701984
763027702011	DEWBK HOT COCOA CKY THIN	3.7344	3.7344	6.22	SNACKS - BAKERY	16	3	0.00		1	763027702011
763027702080	DEWBK GNGRBRD CKY THIN	3.7344	3.7344	6.22	SNACKS - BAKERY	16	3	0.00		1	763027702080
763027703223	DEWBK CKY PBTR THIN	3.7344	3.7344	6.22	SNACKS - BAKERY	16	3	0.00		1	763027703223
763027703285	DEWEYS G&G BROWNIE CRISP	1.1438	1.1438	1.91	SNACKS - BAKERY	16	3	0.00		1	763027703285
763061701094	CABLE NYLON HOOKUP IPHONE	5.5933	5.5933	9.39	GENERAL MERCHANDISE	22	10	0.00		1	763061701094
763061708048	DUAL CAR CHARGER	3.1072	3.1072	4.99	GENERAL MERCHANDISE	22	10	0.00		1	763061708048
763061708185	DUAL WALL	2.7972	3.1072	7.99	GENERAL MERCHANDISE	22	10	-1.00		1	763061708185
763176120070	DESCHUTES FRESH SQ 355ML 6PK	17.9400	17.9400	17.94	LIQUOR STORE	5	1	3.00		1	763176120070
763176126126	DESCHUTES TROP IPA 355ML	17.9400	17.9400	17.94	LIQUOR STORE	5	1	4.00		1	763176126126
763176180074	DESCHUTTES FRESH HAZE 355ML 6PK	17.9400	17.9400	17.94	LIQUOR STORE	5	1	17.00		1	763176180074
763176201205	DESCHUTES BL BUTTE 355ML 6PK	12.6000	12.6000	12.60	LIQUOR STORE	5	1	5.00		1	763176201205
763332070843	KLEAN KANTEEN 27OZ	11.9700	11.9700	21.76	CAMPING & OUTDOORS	43	0	4.00		1	763332070843
763332070904	KLEAN KANT 64 OZ	22.1700	22.1700	36.95	CAMPING & OUTDOORS	43	1	3.00		1	763332070904
763476016158	GS GLV GTSKN STRCH BK 16V	9.7700	9.7700	14.99	GENERAL MERCHANDISE	22	8	0.00		1	763476016158
763476031045	GS GLV HI-VIZ LATEX DIP 3	3.0400	3.0400	4.99	GENERAL MERCHANDISE	22	8	0.00		1	763476031045
763476031052	GS GLV HI-VIZ LATEX DIP 3	3.0400	3.0400	4.99	GENERAL MERCHANDISE	22	8	0.00		1	763476031052
763501010083	ECOLAB FLOOR CLEANER	13.6550	13.6550	22.84	STORE USE/SUPPLY	94	0	0.00		1	763501010083
763501012278	ECOLAB CLEANER W/BLEACH	3.0517	3.0517	5.09	STORE USE/SUPPLY	94	0	0.00		1	763501012278
763641000135	KALE LAKESIDE	1.4292	1.4292	2.04	PRODUCE	18	2	3.00		1	763641000135
763641000203	KALE LAKESIDE OG	1.7333	1.7333	2.83	PRODUCE	18	2	4.00		1	763641000203
763641000289	LAKESIDE CILANTRO	2.0600	2.0600	2.94	PRODUCE	18	2	1.00		1	763641000289
763641000302	LAKESIDE PARSLEY	0.9533	0.9533	1.19	PRODUCE	18	2	0.00		1	763641000302
763641946273	KALE	1.4833	1.4833	2.12	PRODUCE	18	2	0.00		1	763641946273
764608005088	NOTEBOOK BLACK MARBLE 100	2.9700	2.9700	4.99	GENERAL MERCHANDISE	22	4	0.00		1	764608005088
765171855513	ROLTINI MOZZARELLA & PROS	1.6100	1.6100	2.36	GRAB & GO FOODS	11	5	2.00		1	765171855513
765171855520	ROLTINI SALAMI SPCY & MOZ	1.6043	1.6100	2.39	GRAB & GO FOODS	11	5	27.00		1	765171855520
765171855544	ROLTINI MOZZARELLA & PEPP	1.6100	1.6100	2.36	GRAB & GO FOODS	11	5	-3.00		1	765171855544
765171855582	ROLTINI CHORIZO W/OAXACA	1.5775	1.5775	2.25	GRAB & GO FOODS	11	5	0.00		1	765171855582
765667100707	ANNIE PNUT SES NDL BOWL	3.6793	3.6793	6.21	EDIBLE GROCERY	19	6	0.00		1	765667100707
765667100806	ANNIE PAD THAI NDL BOWL	3.6793	3.6793	5.58	EDIBLE GROCERY	19	6	0.00		1	765667100806
765667110751	ANNIE SEAWEED SNX SSLT	0.4574	0.4327	0.72	SNACKS - SALTY	15	0	0.00		1	765667110751
765667111826	ANNIE THAI PEANUT SCE GF	4.5418	4.5643	7.61	EDIBLE GROCERY	19	6	0.00		1	765667111826
765667111857	ANNIE KOREAN SPICY RAMEN	3.5302	3.5302	5.88	EDIBLE GROCERY	19	6	-1.00		1	765667111857
765667527931	ANNIE ORIG PAD THAI	3.2530	3.2530	5.42	EDIBLE GROCERY	19	6	0.00		1	765667527931
765667628591	ANNIE MISO SOUP BOWL	3.6474	3.6793	6.21	EDIBLE GROCERY	19	6	7.00		1	765667628591
765667725986	ANNIE UDON SOUP BOWL	3.6748	3.6793	6.21	EDIBLE GROCERY	19	6	5.00		1	765667725986
765667900109	ANNIE WONTON CHKN/CIL	2.6852	2.6852	3.84	FROZEN FOODS	13	1	0.00		1	765667900109
765667900406	ANNIE PSTKR CHKN/VEG	3.1034	3.1034	5.12	FROZEN FOODS	13	1	0.00		1	765667900406
765667900505	ANNIE PSTKR PORK/VEG	3.1034	3.1034	5.17	FROZEN FOODS	13	1	0.00		1	765667900505
765667900703	ANNIE PSTKR SHTK/VEG	3.1034	3.1034	5.17	FROZEN FOODS	13	1	0.00		1	765667900703
765857449425	SOLSTICE 70% WASATCH DARK	5.0000	5.0000	8.33	CANDY	8	2	0.00		1	765857449425
767226021027	SUKHIS POTATO SAMOSAS	7.4558	7.4558	9.99	FROZEN FOODS	13	1	2.00		1	767226021027
767226023717	SUKHIS CHICKEN SAMOSAS	6.9939	6.9939	9.99	FROZEN FOODS	13	1	0.00		1	767226023717
767707001067	IRISH BUTTER	5.4975	5.5491	7.71	DAIRY - OTHER	10	3	5.00		1	767707001067
767707001180	KG DUBLINER CHEESE	3.9300	4.1567	5.89	DAIRY - OTHER	10	1	0.00		1	767707001180
767707001241	KG AGED CHEDDAR EW	3.3933	3.9025	5.66	DAIRY - OTHER	10	1	0.00		1	767707001241
767707001388	KG CHEDDAR RESERVE	3.9025	3.9025	0.00	EDI/UNKNOWN	99	0	0.00		1	767707001388
767749016043	L'ENVOY MORGAN COTE 750ML	18.9900	18.9900	18.99	LIQUOR STORE	5	2	0.00		1	767749016043
767778000020	LA MICHOACANA BAR STRAWBE	1.2383	1.2383	2.06	ICE CREAM	12	2	0.00		1	767778000020
767778000037	LA MICHOACANA BAR BUBBLE	1.0111	1.0188	1.70	ICE CREAM	12	2	0.00		1	767778000037
767778000075	LA MICHOACANA BAR COOKIES	0.9650	0.9650	1.61	ICE CREAM	12	2	0.00		1	767778000075
767778000082	LA MICHOACANA BAR MANGO	1.2383	1.2383	2.06	ICE CREAM	12	2	0.00		1	767778000082
767778000501	LA MICHOACANA BAR LIME	1.2383	1.2383	2.06	ICE CREAM	12	2	0.00		1	767778000501
768675960127	KING EST PINOT GRIS 750ML	21.0800	21.0800	21.08	LIQUOR STORE	5	2	0.00		1	768675960127
769933005017	LAKE CHAMPLAIN CARAMEL	0.0000	0.0000	3.29	CANDY	8	2	0.00		1	769933005017
770009001116	IUC BSKT COFFEE FLTR 8 	2.7912	2.7912	5.12	HOUSEHOLD/CLEANING	20	2	7.00		1	770009001116
770009001123	IUC CFFEEE FLTR	3.4378	3.5172	5.44	HOUSEHOLD/CLEANING	20	2	11.00		1	770009001123
770009001147	IUC #4 FLTRS	3.6065	3.6606	6.17	HOUSEHOLD/CLEANING	20	2	12.00		1	770009001147
770009010200	IUC PARCH PAPER 13X65	5.0373	5.0164	7.21	HOUSEHOLD/CLEANING	20	2	3.00		1	770009010200
770009010484	IUC LG 2.5  BAKING CUPS	1.7835	1.8056	2.58	HOUSEHOLD/CLEANING	20	2	20.00		1	770009010484
770009050015	IUC NAT COOKING TWINE	3.0682	3.0682	4.72	HOUSEHOLD/CLEANING	20	2	19.00		1	770009050015
770009050046	IUC CHEESECLOTH UNBL	2.9014	2.9014	4.46	HOUSEHOLD/CLEANING	20	2	21.00		1	770009050046
770009120114	IUC 100% RECYC ALUM FOIL	5.7715	6.1320	9.43	HOUSEHOLD/CLEANING	20	2	8.00		1	770009120114
770009250187	IUC MINI BAKING CUPS	0.0000	0.0000	0.00	HOUSEHOLD/CLEANING	20	2	0.00		1	770009250187
770009250194	IUC BAKING CUPS	1.4008	1.4008	2.16	HOUSEHOLD/CLEANING	20	2	0.00		1	770009250194
770009250255	IUC WAX PAPER	5.4537	5.6980	8.14	HOUSEHOLD/CLEANING	20	2	5.00		1	770009250255
770009250286	IUC HSHLD GLOVES MEDIUM	2.9906	3.0757	4.13	HOUSEHOLD/CLEANING	20	2	9.00		1	770009250286
770009250293	IUC HSHLD GLOVES LARGE	3.3451	3.3503	5.58	HOUSEHOLD/CLEANING	20	2	0.00		1	770009250293
770009250330	IUC FIRELIGHTERS	6.0570	6.0570	8.65	CAMPING & OUTDOORS	43	0	-1.00		1	770009250330
770009250637	30GAL REC TRSH BAG	4.2975	4.2975	7.16	HOUSEHOLD/CLEANING	20	2	0.00		1	770009250637
778000113654	BURRITO - SWK - 1 EA	5.0000	5.0000	8.00	SWK - CONSIGNMENT	105	0	0.00		1	7780
778000113678	CHILI - SWK - LOCAL - 1 EA	5.0000	5.0000	8.00	SWK - CONSIGNMENT	105	0	0.00		1	7781
779172722699	HAPPLT OAT MILK ORIG	2.5851	2.5851	3.69	DAIRY - FLUID	9	4	0.00		1	779172722699
780292244862	12' HD 2 PACK CINCH STRAP YLW/BLK	10.7700	10.7700	17.95	AUTOMOTIVE PRODUCTS	24	0	0.00		1	780292244862
780292245821	15' HD 2 PACK CINCH STRAP BLUE/GREY	11.7700	11.9700	19.95	AUTOMOTIVE PRODUCTS	24	0	0.00		1	780292245821
780292246842	CINCH STRAP 18  GREEN 2 PK	12.5800	12.5800	20.97	AUTOMOTIVE PRODUCTS	24	0	2.00		1	780292246842
780292307154	5 GAL SOLAR SHOWER	20.5600	20.5600	29.95	CAMPING & OUTDOORS	43	1	-1.00		1	780292307154
780292857840	CINCH STRAP 18  GREEN 1PK	6.2900	6.2900	10.48	AUTOMOTIVE PRODUCTS	24	0	3.00		1	780292857840
780872080125	ORGANIX CHX DOG COOKIES	5.7300	5.7300	9.55	HOUSEHOLD/CLEANING	20	5	0.00		1	780872080125
780999000938	STIRRING BLOOD ORNG BITTERS	4.7000	4.7000	7.83	EDIBLE GROCERY	19	11	0.00		1	780999000938
780999000945	STIR SIMPLE SYRUP	4.6228	4.7523	6.96	EDIBLE GROCERY	19	11	5.00		1	780999000945
780999003410	STIR BLOODY MARY MIXER	6.9777	6.9777	10.31	EDIBLE GROCERY	19	11	2.00		1	780999003410
780999003519	STIR MOJITO MIXER	6.7005	6.7005	11.17	EDIBLE GROCERY	19	11	0.00		1	780999003519
780999003618	STIR MARGARITA MIXER	6.4334	6.4334	10.72	EDIBLE GROCERY	19	11	0.00		1	780999003618
780999003816	STIR COSMOPOLITAN MIXER	6.7005	6.7005	11.17	EDIBLE GROCERY	19	11	0.00		1	780999003816
782126001009	NATRA REGULAR TAMPON	5.3068	5.3115	8.17	HEALTH & BEAUTY CARE	21	3	10.00		1	782126001009
782126002006	NATRA SUPER TAMPON	5.8423	5.8423	8.17	HEALTH & BEAUTY CARE	21	3	-1.00		1	782126002006
782126003027	NATRA MAXI PADS	5.0902	5.0902	7.27	HEALTH & BEAUTY CARE	21	3	10.00		1	782126003027
782126003058	NATRA REG ULTRA W/WINGS	5.1101	5.1461	7.20	HEALTH & BEAUTY CARE	21	3	11.00		1	782126003058
782126003072	NATRA PANTY LINER TANGA	3.0090	3.0137	4.52	HEALTH & BEAUTY CARE	21	3	16.00		1	782126003072
782126191038	NATRA SUPER TAMPON	2.7287	2.8450	4.38	HEALTH & BEAUTY CARE	21	3	7.00		1	782126191038
782733000013	TASTY BOMBAY POTATOES	3.4621	3.4621	5.77	EDIBLE GROCERY	19	6	8.00		1	782733000013
782733000044	TASTY PUNJAB EGGPLANT	3.4621	3.4621	4.95	EDIBLE GROCERY	19	6	3.00		1	782733000044
782733000204	TASTY SPINACH DAL	3.4621	3.4621	5.77	EDIBLE GROCERY	19	6	0.00		1	782733000204
782733000259	TASTY  VEGETABLE KORMA	2.3010	2.3010	3.84	EDIBLE GROCERY	19	6	0.00		1	782733000259
782733000266	TASTY CHANNA MASALA	3.7603	3.7603	6.27	EDIBLE GROCERY	19	6	3.00		1	782733000266
782733000280	TASTY MUSHROOM MASALA	3.4621	3.4621	5.77	EDIBLE GROCERY	19	6	10.00		1	782733000280
782733000341	TASTY VEG TIKKA MASALA	3.4621	3.4621	5.33	EDIBLE GROCERY	19	6	2.00		1	782733000341
782733000365	TASTY HOT/SPCY CNUT VEGS	3.4049	3.4621	5.77	EDIBLE GROCERY	19	6	8.00		1	782733000365
782733000372	TASTY HOT/SPCY VINDALOO	3.4376	3.4621	4.95	EDIBLE GROCERY	19	6	0.00		1	782733000372
782733000396	TASTY MDRS LNTLS 3BN	3.4768	3.4799	5.80	EDIBLE GROCERY	19	6	0.00		1	782733000396
782733012139	TASTY BASMATI RICE	2.7514	2.7514	4.59	EDIBLE GROCERY	19	6	0.00		1	782733012139
782733012146	TASTY JASMINE RICE	2.7514	2.7514	4.59	EDIBLE GROCERY	19	6	15.00		1	782733012146
782733012276	TASTY ANCIENT GRAINS	2.8842	3.0926	4.22	EDIBLE GROCERY	19	6	0.00		1	782733012276
782733020134	TASTY INDIAN COCONUT SQUASH	3.7603	3.7603	6.27	EDIBLE GROCERY	19	6	0.00		1	782733020134
782733020929	TASTY TKA MSALA CHKP	3.7603	3.7603	6.27	EDIBLE GROCERY	19	6	0.00		1	782733020929
782733020936	TASTY CNUT CKP CURRY	3.7603	3.7603	6.27	EDIBLE GROCERY	19	6	0.00		1	782733020936
782733021124	TASTY LNTL MDRAS FAM	6.0052	6.0052	8.58	EDIBLE GROCERY	19	6	0.00		1	782733021124
782733050018	TASTY ENT BTR CHKPEA VEG	3.2206	3.2206	4.60	EDIBLE GROCERY	19	6	0.00		1	782733050018
782733311119	TASTY BRN RCE LENTIL	2.2201	2.2201	4.22	EDIBLE GROCERY	19	6	0.00		1	782733311119
784762071002	ZIG ZAG CGR WRP GRAPE	1.2630	1.2704	1.67	TOBACCO, OTHER	3	2	22.00		1	784762071002
784762071033	ZIG ZAG CGR WRP PEACH	1.1704	1.1704	1.99	TOBACCO, OTHER	3	2	7.00		1	784762071033
784762071088	ZIG ZAG CGR WRP STRGHT UP	1.1704	1.1704	1.67	TOBACCO, OTHER	3	2	8.00		1	784762071088
784762072504	ZIG ZAG CIGRLO GRAPE	1.1327	1.1327	1.51	TOBACCO, OTHER	3	2	0.00		1	784762072504
784762072528	ZIG ZAG CIGRLO STRAIGHT U	1.1327	1.1327	1.89	TOBACCO, OTHER	3	2	0.00		1	784762072528
784830000118	OG2 STRAUS WHL MLK GLASS	5.1367	5.1367	0.00	EDI/UNKNOWN	99	0	0.00		1	784830000118
784830000163	OG2 STRAUS WHOLE MILK	0.0000	0.0000	0.00	EDI/UNKNOWN	99	0	0.00		1	784830000163
784830000507	OG2 STRAUS BUTTER LS	9.3794	9.3794	0.00	EDI/UNKNOWN	99	0	0.00		1	784830000507
784830000606	STRAUS BUTTER SWEET	9.3794	9.3794	12.51	DAIRY - OTHER	10	3	1.00		1	784830000606
784830000804	STRAUS WHL MLK YOGRT	5.4022	5.4022	7.50	DAIRY - OTHER	10	4	1.00		1	784830000804
784830001108	STRAUS SOUR CREAM	4.4281	4.4281	6.15	DAIRY - OTHER	10	0	0.00		1	784830001108
784830100009	STRAUS VAN CCHP ICRM	5.6587	5.6587	8.08	ICE CREAM	12	1	0.00		1	784830100009
784830100108	STRAUS DTCH CHOC ICE	5.6587	5.6587	7.54	ICE CREAM	12	1	0.00		1	784830100108
784830100306	STRAUS VAN BEAN ICRM	5.6587	5.6587	7.13	ICE CREAM	12	1	0.00		1	784830100306
784830100320	STRAUS VAN BEAN ICRM	8.5499	8.5499	11.40	ICE CREAM	12	1	0.00		1	784830100320
784830100405	STRAUS COFFEE ICRM	5.6587	5.6587	7.86	ICE CREAM	12	1	11.00		1	784830100405
784830100504	STRAUS MNT CHOC CHP	5.6587	5.6587	7.45	ICE CREAM	12	1	2.00		1	784830100504
784830100528	STRAUS MNT CCHP ICRM	8.5499	8.5499	11.40	ICE CREAM	12	1	0.00		1	784830100528
784830100726	STRAUS CRML SWL ICRM	5.2989	5.2989	7.07	ICE CREAM	12	1	0.00		1	784830100726
784830100900	STRAUS CKYS CRM ICRM	5.6587	5.6587	8.08	ICE CREAM	12	1	6.00		1	784830100900
784830100986	STRAUS MPL CRM ICECR	5.2989	5.2989	7.07	ICE CREAM	12	1	0.00		1	784830100986
784830101013	STRAUS SNKRDDL ICRM	4.2458	4.2458	5.66	ICE CREAM	12	1	0.00		1	784830101013
784830101020	STRAUS VAN FDG ICECR	5.2989	5.2989	7.07	ICE CREAM	12	1	0.00		1	784830101020
784830101037	STRAUS LMN CKIE ICRM	5.2989	5.2989	7.07	ICE CREAM	12	1	0.00		1	784830101037
784830101044	STRAUS CKIEDOGH ICRM	5.0985	5.0985	8.08	ICE CREAM	12	1	6.00		1	784830101044
785002324131	FILLO DOUGH	5.1024	5.1024	7.85	FROZEN FOODS	13	0	1.00		1	785002324131
786150000304	LEFFE BELG ALE 355ML 6PK BTL	14.3400	14.3400	14.34	LIQUOR STORE	5	1	4.00		1	786150000304
786216729705	BUG INSCT REPL SPRAY LTN	5.1745	5.2007	8.67	HEALTH & BEAUTY CARE	21	6	0.00		1	786216729705
786311006169	SPIN REEL FISH KIT	10.7500	10.7500	19.99	CAMPING & OUTDOORS	43	2	0.00		1	786311006169
786311102052	KIDS SMORE BACKPACK	9.9000	9.9000	18.99	CAMPING & OUTDOORS	43	1	0.00		1	786311102052
786311102151	2 MAN TENT	59.9000	59.9000	80.00	CAMPING & OUTDOORS	43	1	0.00		1	786311102151
786311103509	DAYPACK IN SACK	11.2500	11.2500	19.99	CAMPING & OUTDOORS	43	1	0.00		1	786311103509
786311103677	MINI BACKPACK	6.6500	6.6500	9.99	CAMPING & OUTDOORS	43	1	0.00		1	786311103677
786311103707	BACKPACK RAIN COVER	3.8500	3.8500	6.99	CAMPING & OUTDOORS	43	1	6.00		1	786311103707
786311103998	7X7 DOME TENT	38.0143	37.9000	64.99	CAMPING & OUTDOORS	43	1	0.00		1	786311103998
786311104186	TARP 6X8 Green/Brown Utility Poly	3.0446	2.9800	5.99	CAMPING & OUTDOORS	43	1	11.00		1	786311104186
786311104193	TARP 8'X10  GREEN/BROWN	5.1000	5.1000	9.99	CAMPING & OUTDOORS	43	0	0.00		1	786311104193
786311104209	TARP 10'X12 	6.5000	6.5000	14.99	CAMPING & OUTDOORS	43	1	8.00		1	786311104209
786311104360	12 X16  TARP	11.4167	11.4500	19.99	CAMPING & OUTDOORS	43	1	6.00		1	786311104360
786311104377	TARP 16'X20' GREEN/BROWN	18.6625	17.5000	33.99	CAMPING & OUTDOORS	43	0	3.00		1	786311104377
786311104834	SMORE SLEEPING BAG	13.4500	13.4500	25.99	CAMPING & OUTDOORS	43	1	0.00		1	786311104834
786311105039	HIKING POLE CORK HANDLE	8.7500	8.7500	18.99	CAMPING & OUTDOORS	43	1	0.00		1	786311105039
786311106098	BINOCULARS	9.5500	9.5500	18.99	CAMPING & OUTDOORS	43	1	0.00		1	786311106098
786311106128	EMERGENCY BLANKET	1.5847	1.6200	3.29	CAMPING & OUTDOORS	43	1	17.00		1	786311106128
786311106166	SEWING KIT	3.1000	3.1000	2.99	GENERAL MERCHANDISE	22	8	0.00		1	786311106166
786311106289	3IN1OPENER	1.5000	1.5000	2.99	CAMPING & OUTDOORS	43	1	0.00		1	786311106289
786311106326	9PC MESS KIT	13.5000	13.5000	24.99	CAMPING & OUTDOORS	43	5	3.00		1	786311106326
786311106371	BEAR BELL	0.0000	0.0000	5.99	CAMPING & OUTDOORS	43	1	0.00		1	786311106371
786311106531	WILCOR FLASK STAINLESS	5.9000	5.9000	10.99	CAMPING & OUTDOORS	43	5	0.00		1	786311106531
786311106593	WTRPRF CELLHOLDR	2.8696	5.5000	9.99	CAMPING & OUTDOORS	43	1	4.00		1	786311106593
786311106692	WATERPROOF WAIST PACK	6.5500	6.5500	10.99	CAMPING & OUTDOORS	43	1	3.00		1	786311106692
786311106838	DRY BAG	0.0000	3.0000	5.00	CAMPING & OUTDOORS	43	1	0.00		1	786311106838
786311107248	CLIP ON CRBNR TOOL	5.4500	5.4500	10.99	CAMPING & OUTDOORS	43	1	4.00		1	786311107248
786311107378	HIKER WATER BOTTLE/SLING	7.9500	7.9500	15.99	CAMPING & OUTDOORS	43	1	0.00		1	786311107378
786311107415	TRAVEL CUTLERY W/STRAW	3.5000	3.5000	7.04	CAMPING & OUTDOORS	43	5	0.00		1	786311107415
786311109006	SHOVEL MINI FOLDING	3.2000	3.2000	6.99	CAMPING & OUTDOORS	43	1	-4.00		1	786311109006
786311109020	FOLDING SAW	6.8500	6.8500	12.99	CAMPING & OUTDOORS	43	1	5.00		1	786311109020
786311110002	ADULT RAIN PONCHO	0.0000	0.0000	5.99	CAMPING & OUTDOORS	43	0	0.00		1	786311110002
786311110033	PONCHO  RAIN EMERGENCY PONCHO	0.7847	0.8000	1.99	CAMPING & OUTDOORS	43	1	9.00		1	786311110033
786311110057	PONCHO ADULT PVC CLEAR	2.8500	2.8500	5.99	CAMPING & OUTDOORS	43	1	0.00		1	786311110057
786311111078	CANDLES  TUB CANDLES TEALIGHT	1.5682	1.3500	2.79	CAMPING & OUTDOORS	43	1	0.00		1	786311111078
786311115229	CANDLE QUICK WICK	0.7200	0.7200	1.38	CAMPING & OUTDOORS	43	1	0.00		1	786311115229
786311116004	TABLE CLAMPS	0.0000	0.0000	3.49	CAMPING & OUTDOORS	43	5	0.00		1	786311116004
786311116912	SPOON NYLON	1.5800	1.5800	2.99	CAMPING & OUTDOORS	43	5	0.00		1	786311116912
786311117285	GRIDDLE  CAST IRON GRIDDLE	17.9500	17.9500	29.99	CAMPING & OUTDOORS	43	5	0.00		1	786311117285
786311117308	CAST IRN DUTCH	0.0000	0.0000	29.99	CAMPING & OUTDOORS	43	1	0.00		1	786311117308
786311117476	SKILLET  GRILLING SKILLET NONSTICK	7.4500	7.4500	13.99	CAMPING & OUTDOORS	43	5	0.00		1	786311117476
786311117483	CMPFR LNG RST FRK	2.9800	2.9800	5.99	CAMPING & OUTDOORS	43	1	0.00		1	786311117483
786311117773	COOLER BACK PACK	12.4500	12.4500	23.99	CAMPING & OUTDOORS	43	5	3.00		1	786311117773
786311117803	COOLER BAG ARGYLE	7.1000	7.1000	12.99	CAMPING & OUTDOORS	43	5	0.00		1	786311117803
786311117810	COOLER BAG 18CAN	6.6500	6.6500	12.99	CAMPING & OUTDOORS	43	5	0.00		1	786311117889
786311118992	HEAD NET NYLON MESH	2.4000	2.4000	4.99	CAMPING & OUTDOORS	43	1	0.00		1	786311118992
786311119029	MOSQ HEAD NET	3.1000	3.1000	6.99	CAMPING & OUTDOORS	43	1	7.00		1	786311119029
786311119562	MESH MOSQ JACKET	11.9000	11.9000	22.99	CAMPING & OUTDOORS	43	1	1.00		1	786311119562
786311202837	ROPE BRAIDED .5	12.4500	12.4500	22.99	CAMPING & OUTDOORS	43	1	0.00		1	786311202837
786311202844	ROPE BRAIDED 3.8	8.4500	8.4500	15.99	CAMPING & OUTDOORS	43	1	0.00		1	786311202844
786311202851	ROPE  BRAIDED ROPE	1.2800	1.2800	2.79	CAMPING & OUTDOORS	43	1	0.00		1	786311202851
786311202882	PARACORD 4MM X 50'	3.6092	3.6200	6.99	CAMPING & OUTDOORS	43	1	23.00		1	786311202882
786311204060	PEELER  VEGETABLE  PEELER	1.3823	1.3500	2.79	CAMPING & OUTDOORS	43	5	0.00		1	786311204060
786311204367	SCISSORS STAINLESS 8.5 	2.2067	2.3200	3.99	GENERAL MERCHANDISE	22	4	17.00		1	786311204367
786311204428	KNIFE SET 2P	2.3000	2.3000	4.99	CAMPING & OUTDOORS	43	5	0.00		1	786311204428
786311404002	BANDANA	1.4000	1.4000	2.99	GENERAL MERCHANDISE	22	7	-5.00		1	786311404002
786311404040	BANDANA CAMO	1.4000	1.4000	2.99	GENERAL MERCHANDISE	22	7	0.00		1	786311404040
786311406006	UMBRELLA	3.2300	3.9800	5.38	CAMPING & OUTDOORS	43	0	0.00		1	786311406006
786311406518	VORTEX SPEAKER	19.9500	19.9500	37.99	GENERAL MERCHANDISE	22	10	0.00		1	786311406518
786311426189	TIEDYE WILLIE BEAR CARDS	1.4000	1.4000	2.99	GENERAL MERCHANDISE	22	12	0.00		1	786311426189
786311426233	BIGFOOT SCENE PLAYING CARDS	1.5100	1.5100	3.29	GENERAL MERCHANDISE	22	12	11.00		1	786311426233
786311426301	HPY CMPR PLAYING CARDS	1.4014	1.4000	3.99	GENERAL MERCHANDISE	22	12	0.00		1	786311426301
786311426363	LAKE LIFE PLAYING CARDS	1.4000	1.4000	3.99	GENERAL MERCHANDISE	22	12	4.00		1	786311426363
786311426691	CARABINERS 8CM	0.9984	1.0368	1.60	CAMPING & OUTDOORS	43	0	100.00		1	786311426691
786311426714	CARABINER	1.0000	1.0000	2.00	CAMPING & OUTDOORS	43	1	-3.00		1	786311426714
786311427551	FLASHLIGHT RECHRG	8.9500	8.9500	15.50	CAMPING & OUTDOORS	43	1	4.00		1	786311427551
786311428299	BICYCLE LIGHTS	1.5650	2.6083	5.58	CAMPING & OUTDOORS	43	3	8.00		1	786311428299
786311428503	2N1 FLASHLIGHT	3.6000	3.6000	6.99	CAMPING & OUTDOORS	43	1	0.00		1	786311428503
786311428855	FLASHLIGHT 9 LED	3.2400	3.2400	5.22	CAMPING & OUTDOORS	43	1	15.00		1	786311428855
786311428930	WORK LIGHT	0.0000	0.0000	6.29	GENERAL MERCHANDISE	22	10	0.00		1	786311428930
786311430124	KNIFE BLACK G10	9.9300	9.9300	19.99	CAMPING & OUTDOORS	43	5	0.00		1	786311430124
786311528838	DYNAMO BIKE FLASHLIGHT	4.7500	4.7500	7.99	CAMPING & OUTDOORS	43	3	4.00		1	786311528838
786311612339	MEMORY MATCH GAME	0.0000	0.0000	0.00	GENERAL MERCHANDISE	22	12	0.00		1	786311612339
786311612384	KIDZ CARD GAME TIN	0.0000	0.0000	0.00	GENERAL MERCHANDISE	22	12	0.00		1	786311612384
786311612667	MANCALA GAME	6.6250	6.6000	14.99	GENERAL MERCHANDISE	22	12	2.00		1	786311612667
786311900504	BOOSTER CABLES 12' 10GAUGE	9.5667	8.9000	14.83	AUTOMOTIVE PRODUCTS	24	0	1.00		1	786311900504
786311951315	HAPPY CAMPER NOTEBK	3.5000	3.5000	8.99	GENERAL MERCHANDISE	22	4	29.00		1	786311951315
786311992523	COLOR BOOK WILLIE BEAR	1.9500	1.9500	3.79	GENERAL MERCHANDISE	22	12	7.00		1	786311992523
786311994091	PLAYING CARDS  GSM	0.0000	0.0000	0.00	GENERAL MERCHANDISE	22	12	0.00		1	786311994091
786549852651	BANDANA	0.6244	0.6244	2.49	GENERAL MERCHANDISE	22	7	-3.00		1	786549852651
786969030059	NAPA RED WINE VINEGR	5.2266	5.2410	8.42	EDIBLE GROCERY	19	7	6.00		1	786969030059
786969030080	NAPA GRND RSRV BALS VNGR	7.9947	7.9948	12.73	EDIBLE GROCERY	19	7	14.00		1	786969030080
786969030097	NAPA CHAMPAGNE VINEGAR	5.9966	6.2540	8.28	EDIBLE GROCERY	19	7	11.00		1	786969030097
786969100011	OG2 NAPA XVR OLIVE OIL	76.6865	76.6865	0.00	EDI/UNKNOWN	99	0	0.00		1	786969100011
787325700234	BUBBIES MOCHI GRN T IND	0.9978	0.9978	1.54	ICE CREAM	12	0	0.00		1	787325700234
787325700937	BUBBIES MOCHI PSNFRT IND	0.9978	0.9978	1.43	ICE CREAM	12	0	48.00		1	787325700937
787325701132	BUBBIES MOCHI PISTCH IND	0.9978	0.9978	1.66	ICE CREAM	12	0	13.00		1	787325701132
787325701644	BUBBIES MOCHI BLOOD ORNG	0.9978	0.9978	1.43	ICE CREAM	12	0	46.00		1	787325701644
788434108812	ONE CHOCOLATE CHIP COOKIE BAR	0.0000	0.0000	2.56	SNACKS - OTHER	17	3	0.00		1	788434108812
789502016015	PRIME TIME LIL CGR RASPBE	0.5788	0.5788	0.77	TOBACCO, OTHER	3	2	0.00		1	789502016015
789502020012	PRIME TIME PEACH LTL CIGARS	0.5788	0.5788	0.77	TOBACCO, OTHER	3	2	0.00		1	789502020012
789502021071	PRIME TIME LIL CGR GRAPE	0.5788	0.5788	0.77	TOBACCO, OTHER	3	2	0.00		1	789502021071
7896	PORK CHOPS FIVEFORKS	10.0000	10.0000	14.00	FROZEN FOODS	13	5	0.00		1	7896
7897	SAUSAGE FIVEFORKS	9.9438	10.0000	14.00	FROZEN FOODS	13	5	0.00		1	7897
790002000039	WEED/GRASS KILLER	2.3800	2.3800	5.95	HOUSEHOLD/CLEANING	20	6	1.00		1	790002000039
790429100022	I F CHRY CHOC NUT TRAIL M	2.0800	2.0800	3.49	SNACKS - OTHER	17	2	0.00		1	790429100022
790429100091	I F BANANA CHIPS	1.2583	1.2583	2.09	SNACKS - OTHER	17	4	0.00		1	790429100091
790429100107	I F CASHEWS FIRE RST SS	4.1467	4.1467	6.89	SNACKS - OTHER	17	5	0.00		1	790429100107
790429213876	I F TROPICAL MIX	2.0675	2.0675	3.45	SNACKS - OTHER	17	2	0.00		1	790429213876
790429218949	I F ORIENTAL SNACK MIX @$3.99	2.7658	2.7700	3.99	SNACKS - OTHER	17	2	12.00		1	790429218949
790429225466	I F MANGO CHILE  @2.99	2.0675	2.0675	3.45	SNACKS - OTHER	17	4	0.00		1	790429225466
790429230118	I F GRANOLA FRUIT & NUTS @3.99	3.4333	3.4333	4.90	SNACKS - OTHER	17	2	26.00		1	790429230118
790429231269	I F CHOC NUT TRAIL MIX     @2.99	2.3139	2.3267	3.32	SNACKS - OTHER	17	2	6.00		1	790429231269
790429231337	I F WASABI PEAS            @2.99	2.2333	2.4267	2.99	SNACKS - OTHER	17	2	11.00		1	790429231337
790429231351	I F PRETZEL YOGURT @2.99	2.4325	2.4325	2.99	SNACKS - OTHER	17	2	5.00		1	790429231351
790429231580	I F PEANUT BRITTLE CRUNCH	2.0550	2.0550	2.99	SNACKS - OTHER	17	0	0.00		1	790429231580
790429231641	I F CHERRY DELIGHT         @2.99	2.7675	2.7675	4.57	SNACKS - OTHER	17	2	-1.00		1	790429231641
790429231672	I F CRANBERRY HEALTH	2.0675	2.0675	3.45	SNACKS - OTHER	17	2	0.00		1	790429231672
790429231696	I F CARMEL APPLE CRUNCH @2.99	2.0759	2.0850	2.99	SNACKS - OTHER	17	2	8.00		1	790429231696
790429232235	I F ALMONDS DARK CHOC @3.99	3.4448	3.4625	4.57	SNACKS - OTHER	17	2	16.00		1	790429232235
790429232242	I F RAISINS YOGURT COV @2.99	2.3958	2.4067	4.01	SNACKS - OTHER	17	2	13.00		1	790429232242
790429232303	I F TOFFEE CASHEWS  @3.99	3.1043	3.1092	5.14	SNACKS - OTHER	17	2	8.00		1	790429232303
790429232679	I F SOUR NEON WORMS @2.99	2.4262	2.4267	3.73	CANDY	8	3	7.00		1	790429232679
790429232716	I F PRETZEL PB FILLED	2.5883	2.5883	4.31	SNACKS - OTHER	17	2	0.00		1	790429232716
790429232747	I F BANANA CHIPS	1.3820	1.3820	2.30	SNACKS - OTHER	17	4	0.00		1	790429232747
790429232761	I F DELUXE MIXED FRUIT     @3.99	2.7442	2.7442	4.57	SNACKS - OTHER	17	2	0.00		1	790429232761
790429232853	I F PUMPKIN SEEDS R/S	2.0675	2.0675	2.99	SNACKS - OTHER	17	5	0.00		1	790429232853
790429232860	I F SESAME STICK SALTED @1.99	1.6275	1.6275	2.33	SNACKS - OTHER	17	2	0.00		1	790429232860
790429241497	I F PISTACHIO R/S @3.99	2.7675	2.7675	3.99	SNACKS - OTHER	17	5	11.00		1	790429241497
790429241503	I F SURVIVAL MIX @2.99	2.2943	2.4267	2.99	SNACKS - OTHER	17	2	6.00		1	790429241503
790429245204	I F APRICOTS JUMBO	2.0675	2.0675	3.45	SNACKS - OTHER	17	4	0.00		1	790429245204
790429246980	I F WHOLE ALMONDS @2.99	2.0759	2.0850	2.99	SNACKS - OTHER	17	5	11.00		1	790429246980
790429246997	I F FIRE RSTD ALMND W/SSL	2.0675	2.0675	3.45	SNACKS - OTHER	17	5	0.00		1	790429246997
790429259522	I F FIRE RSTD CASHW W/SSL	4.1442	4.1442	6.85	SNACKS - OTHER	17	5	11.00		1	790429259522
790429266261	I F YOGURT PRETZELS	2.1050	2.1050	4.29	SNACKS - OTHER	17	0	1.00		1	790429266261
790429266339	I F OMEGA-3 MIX	4.4600	4.4600	7.49	SNACKS - OTHER	17	2	0.00		1	790429266339
790429270534	I F DELUXE MIXED FRUIT@5.99	4.5961	4.8392	5.99	SNACKS - OTHER	17	4	5.00		1	790429270534
790429270541	I F BANANA CHIPS @2.49	1.6364	1.6340	2.49	SNACKS - OTHER	17	4	2.00		1	790429270541
790429270602	I F PRTZL PB FILLED @2.99	2.1700	2.1700	3.23	SNACKS - OTHER	17	2	-13.00		1	790429270602
790429270619	I F TROPICAL MIX @1.99	1.5711	1.7317	2.30	SNACKS - OTHER	17	2	11.00		1	790429270619
790429270626	I F PUMPKIN SEEDS R/S @2.99	2.0725	2.0733	2.99	SNACKS - OTHER	17	5	28.00		1	790429270626
7916	EMERGENCY BLANKET	17.9900	17.9900	27.68	CAMPING & OUTDOORS	43	1	1.00		1	7916
792349002004	DOZEN NIGHT CRAWLERS	2.5934	2.6000	4.00	CAMPING & OUTDOORS	43	2	64.00		1	792349002004
792554003322	LIL N AIR FRESHENER NEW C	1.3600	1.3600	2.27	AUTOMOTIVE PRODUCTS	24	3	-1.00		1	792554003322
792554102117	LIL N ELASTICS BLACK	1.8900	1.8900	3.19	HEALTH & BEAUTY CARE	21	6	0.00		1	792554102117
792554104005	LIL N FINGERNAIL CLIPPR W	1.2800	1.2800	2.13	HEALTH & BEAUTY CARE	21	6	0.00		1	792554104005
792554104043	LIL N SLANT TWEEZERS	1.1900	1.1900	1.99	HEALTH & BEAUTY CARE	21	6	0.00		1	792554104043
792554201032	LIL N CORKSCREW WAITERS	1.9800	1.9800	3.39	CAMPING & OUTDOORS	43	2	0.00		1	792554201032
792554202008	LIL N SEWING KIT	2.2200	1.5800	2.49	GENERAL MERCHANDISE	22	8	1.00		1	792554202008
792554620215	CARMEX JAR CARDED .25Z	1.5619	1.5850	2.64	HEALTH & BEAUTY CARE	21	6	0.00		1	792554620215
792554700702	LIL N SCOPE MOUTHWASH  PE	1.8100	1.8100	3.09	HEALTH & BEAUTY CARE	21	8	7.00		1	792554700702
792554700733	LIL N RAZORS PREM 3BLADE	2.3675	2.3675	3.99	HEALTH & BEAUTY CARE	21	6	4.00		1	792554700733
792554701006	LIL N OFFICE D PENS 3PK B	1.0217	1.0217	1.79	GENERAL MERCHANDISE	22	4	0.00		1	792554701006
792554701037	LIL N CLEAR EYES .2Z	3.4035	3.4012	4.99	HEALTH & BEAUTY CARE	21	7	12.00		1	792554701037
792554701044	LIL N SHAVING KIT DELUXE	3.7900	3.7900	5.15	HOUSEHOLD/CLEANING	20	6	0.00		1	792554701044
792554701150	LIL N TOOTHPASTE/TOOTHBRU	1.7600	1.7600	2.93	HEALTH & BEAUTY CARE	21	8	13.00		1	792554701150
792554701280	LIL D BRAND HAND SANITIZE	1.5100	1.5100	2.59	HEALTH & BEAUTY CARE	21	10	2.00		1	792554701280
792554701594	OFFICE STKY NOTE	0.0000	0.0000	2.65	GENERAL MERCHANDISE	22	4	0.00		1	792554701594
792554701617	LIL N DEOD MENS OLD SPICE	3.7800	3.7800	6.29	HEALTH & BEAUTY CARE	21	6	3.00		1	792554701617
792554701624	LIL N DEOD WOMENS SECRET	3.9200	3.9200	6.53	HEALTH & BEAUTY CARE	21	6	2.00		1	792554701624
792554701730	LIL N OFFICE D MAILING TA	1.8075	1.8075	3.09	GENERAL MERCHANDISE	22	4	29.00		1	792554701730
792554702201	LIL N FIRST AID KIT	1.8900	1.8900	3.19	HEALTH & BEAUTY CARE	21	7	0.00		1	792554702201
792554711159	NEW ITEM	0.0000	0.0000	0.00	HEALTH & BEAUTY CARE	21	10	0.00		1	792554711159
792554741033	LIL N CORKSCREW	2.1100	2.1100	3.59	HOUSEHOLD/CLEANING	20	2	0.00		1	792554741033
792850026759	BURTS B L/BALM TUBE VANIL	3.0000	3.0000	5.09	HEALTH & BEAUTY CARE	21	8	1.00		1	792850026759
792850110991	BB LIP BLM BEESWAX TUBE	2.9035	2.9035	3.87	HEALTH & BEAUTY CARE	21	6	7.00		1	792850110991
792850140998	BURTS B L/BALM TUBE ORIG	3.0000	3.0000	5.00	HEALTH & BEAUTY CARE	21	6	0.00		1	792850140998
792850146990	BURTS B TUBE HONEY CARDED	3.0000	3.0000	5.09	HEALTH & BEAUTY CARE	21	8	0.00		1	792850146990
792850900462	BB MASCRA CLASSIC BLACK	9.5645	9.5645	13.60	HEALTH & BEAUTY CARE	21	6	0.00		1	792850900462
793227869283	VIRG RIV BLUE SPRUCE CANDLE	15.9167	15.9167	35.00	GENERAL MERCHANDISE	22	6	2.00		1	793227869283
793227869375	VIRG RIV CACTUS TRAV CANDLE	10.9100	10.9100	25.00	GENERAL MERCHANDISE	22	6	3.00		1	793227869375
793227869580	VIRG RIV DESERT ROSE CANDLE	15.9167	15.9167	35.00	GENERAL MERCHANDISE	22	6	1.00		1	793227869580
793227869870	VIRG RIV HIGH DESERT TRAV CANDLE	10.9100	10.9100	25.00	GENERAL MERCHANDISE	22	6	0.00		1	793227869870
793227869887	VIRG RIV HIGH DESERT CANDLE	15.9167	15.9167	35.00	GENERAL MERCHANDISE	22	6	1.00		1	793227869887
793232111551	RUSTICHELLA TROFIE	4.2200	4.2200	7.03	EDIBLE GROCERY	19	3	0.00		1	793232111551
793573000019	MICH STRAW RED QNA GRAN	0.0000	0.0000	0.00	EDIBLE GROCERY	19	2	0.00		1	793573000019
793573094186	HIDDEN SP HLF GAL DARK	29.6100	29.6100	40.00	EDIBLE GROCERY	19	5	0.00		1	793573094186
793573348678	MICH ALMOND BUTTER GRAN	6.8156	6.8156	10.54	EDIBLE GROCERY	19	2	0.00		1	793573348678
793573348692	MIHC LEM PISTACHIO GRNLA	6.8156	6.8156	10.54	EDIBLE GROCERY	19	2	4.00		1	793573348692
793573486325	MICH GINGER HEMP GRANOLA	7.0377	7.0376	10.83	EDIBLE GROCERY	19	2	0.00		1	793573486325
793573682710	MICH CINN RAISIN GRANOLA	6.8156	6.8156	9.74	EDIBLE GROCERY	19	2	4.00		1	793573682710
793573682727	MICH SLTD MAPLE GRANOLA	6.8156	6.8156	10.49	EDIBLE GROCERY	19	2	6.00		1	793573682727
793573682765	MICH COCOA CCHIP GRNLA	6.8156	6.8156	10.49	SNACKS - OTHER	17	2	0.00		1	793573682765
793573878786	HIDDEN SP PT DARK	10.6200	10.6200	15.17	EDIBLE GROCERY	19	7	0.00		1	793573878786
793573878793	HIDDEN SP QT DARK	16.7300	16.7300	23.95	EDIBLE GROCERY	19	7	0.00		1	793573878793
793661472193	BD SPOT 350 HEADLAMP	25.2400	25.2400	45.89	CAMPING & OUTDOORS	43	1	0.00		1	793661472193
793661519829	BL DMND COSMO 350	22.3700	22.3700	37.99	CAMPING & OUTDOORS	43	1	0.00		1	793661519829
793661519843	COSMO 350 OCTANE	22.3700	22.3700	34.95	CAMPING & OUTDOORS	43	1	4.00		1	793661519843
794004500009	DRAINBO DRAIN CLEANER	5.5392	5.5392	9.23	HOUSEHOLD/CLEANING	20	4	1.00		1	794004500009
794503112017	EARPLANES PLUGS PLUS ADUL	5.9900	5.9900	9.99	HEALTH & BEAUTY CARE	21	6	4.00		1	794503112017
794522003051	TAZO CHAI TEA	4.3130	4.3130	6.32	EDIBLE GROCERY	19	1	3.00		1	794522003051
795652200501	JINRO CHMISUL ORIG 375ML	0.0000	5.8500	5.85	LIQUOR STORE	5	3	16.00		1	795652200501
795709020021	WALL YOG WM PLAIN	4.7993	4.7993	6.75	DAIRY - OTHER	10	4	0.00		1	795709020021
795709075120	WALL OG GREEN NF	7.0263	7.0263	9.58	DAIRY - OTHER	10	4	-3.00		1	795709075120
795709085112	WALL GRK YOG PLAIN	7.0263	7.0263	9.58	DAIRY - OTHER	10	4	-1.00		1	795709085112
796311110032	EMERGENCY PONCHO	0.8400	0.8400	1.99	CAMPING & OUTDOORS	43	1	0.00		1	796311110032
796326027097	FISH WRNGLR GLOVE LG	2.2000	2.2000	3.79	CAMPING & OUTDOORS	43	2	7.00		1	796326027097
796363041629	AVERY ELEC SUN FRUIT	9.1625	9.1625	13.09	BEER-GS	4	0	0.00		1	796363041629
797496654274	PRESTONE WNDSHLD DEICER	0.0000	0.0000	7.61	AUTOMOTIVE PRODUCTS	24	3	1.00		1	797496654274
797884773006	PR CITY CKIE WHT CHOC MAC	1.0633	1.0633	1.77	SNACKS - BAKERY	16	3	0.00		1	797884773006
797945414060	L C CORN HUSKS	4.0699	4.0699	6.26	EDIBLE GROCERY	19	3	0.00		1	797945414060
799210555515	BIONAT SPAGHETTI	2.6457	2.6557	4.09	EDIBLE GROCERY	19	3	0.00		1	799210555515
799512001659	HIRD ICRM BRBN CHRY CHOC	0.0000	0.0000	0.00	ICE CREAM	12	1	0.00		1	799512001659
799632802808	BASIL OG	1.2667	1.2667	1.81	PRODUCE	18	2	0.00		1	799632802808
799857655203	TOMATOES  CHERRY	2.5874	2.6083	3.73	PRODUCE	18	2	1.00		1	799857655203
799857655302	TOMATO SUGAR DEL CABO	1.6400	1.6400	2.34	PRODUCE	18	1	1.00		1	799857655302
799857665066	TOMATO DEL CABO VINE	2.2750	2.2750	3.25	PRODUCE	18	1	0.00		1	799857665066
799857703041	SNAP PEAS  DEL CABO BAG OG	4.8900	4.8900	6.52	PRODUCE	18	2	0.00		1	799857703041
799857705281	DEL CABO SWEET PEPPER MEDLEY	2.9083	2.9083	5.27	PRODUCE	18	2	0.00		1	799857705281
799857705311	DEL CABO SHISHITO	2.5250	2.5250	3.51	PRODUCE	18	2	-18.00		1	799857705311
800000168218	WW ENAMEL PIN	5.0000	5.0000	9.09	GENERAL MERCHANDISE	22	0	0.00		1	800000168218
8000400203942	AVERNA LIQUER 750ML	0.0000	44.9900	44.99	LIQUOR STORE	5	3	1.00		1	8000400203942
80093	LOCAL FIREWOOD	4.0000	4.0000	6.50	FIREWOOD	37	0	244.00		1	80093
8016441150756	INDIG PROS BRUT 750ML	18.9900	18.9900	18.99	LIQUOR STORE	5	2	10.00		1	8016441150756
801654109442	BAMBOO SKEWERS	0.0000	0.0000	3.99	HOUSEHOLD/CLEANING	20	2	-1.00		1	801654109442
8016867007023	ORGANYC COTTON SWABS	3.5496	3.5496	4.94	HEALTH & BEAUTY CARE	21	6	0.00		1	8016867007023
435000000260	DEBBI BUCKET CAP	19.4670	19.5600	35.99	GENERAL MERCHANDISE	22	7	5.00		1	8026
8033116406451	FRICO LAMBRUSCA 250ML CAN 4PK	2.6500	2.6500	2.65	LIQUOR STORE	5	2	0.00		1	8033116406451
803944230447	GREEN BEANS 4EARTH	2.4083	2.4083	3.44	PRODUCE	18	2	6.00		1	803944230447
803944304513	BRUSSEL SPROUT BAG	3.4125	3.4125	4.88	PRODUCE	18	2	18.00		1	803944304513
803944306289	4 EARTH FRENCH BEANS	3.8900	3.8900	5.56	PRODUCE	18	2	0.00		1	803944306289
804551646096	HIDDEN SP PT AMBER	10.6200	10.6200	15.17	EDIBLE GROCERY	19	7	0.00		1	804551646096
804551646126	HIDDEN SP QT AMBER	16.7300	16.7300	23.95	EDIBLE GROCERY	19	7	0.00		1	804551646126
804551646157	HIDDEN SP HLF GAL AMBER	29.6100	29.6100	42.30	EDIBLE GROCERY	19	5	0.00		1	804551646157
804551646164	HIDDEN SP HLF GAL DARK	0.0000	0.0000	42.30	EDIBLE GROCERY	19	7	0.00		1	804551646164
804551646492	HIDDEN SP MAPLE CRM	10.3417	10.3417	14.77	EDIBLE GROCERY	19	5	3.00		1	804551646492
804551646805	HIDDEN SP MAPLE SUGAR	11.5700	11.5500	16.50	EDIBLE GROCERY	19	5	0.00		1	804551646805
804969600130	AMZ NAT PARK CARDS	7.1300	7.1300	15.99	GENERAL MERCHANDISE	22	12	2.00		1	804969600130
804969600406	WILD CARD GAMES - BUGS	6.1700	6.1700	13.99	GENERAL MERCHANDISE	22	12	0.00		1	804969600406
805000078543	JAM BOULDER JAM LOCAL 1 EA	3.5000	3.5000	5.00	BJAM - CONSIGNMENT	106	0	0.00		1	8050
805112068579	TRUE WIRELESS EAR BUDS FOCUS	10.9000	10.9000	19.99	GENERAL MERCHANDISE	22	10	3.00		1	805112068579
806795585698	FT SLB SUB HAM/CHEESE	4.1000	4.1000	6.49	GRAB & GO FOODS	11	1	0.00		1	806795585698
806795585735	FT ESL SNDW TRI TRKY/CHEE	3.1000	3.1000	4.49	GRAB & GO FOODS	11	1	-1.00		1	806795585735
806795612707	HOT TAKE PRTZL CHSEBRGR B	3.2725	3.2725	5.49	GRAB & GO FOODS	11	1	0.00		1	806795612707
806795614428	FT ESL SUB BEEF CHEESESTE	4.8300	4.8300	6.99	GRAB & GO FOODS	11	1	-1.00		1	806795614428
807176711682	BIBIGO POTSTICKER VEG ORG	6.5722	6.5722	10.95	FROZEN FOODS	13	1	0.00		1	807176711682
807176711705	BIBIGO MIN WNTN CHKN/VEG	8.6401	8.6401	11.52	FROZEN FOODS	13	1	9.00		1	807176711705
808124143487	MRS MYRS DRYR SHEET GER	7.3883	7.3883	12.31	HOUSEHOLD/CLEANING	20	1	0.00		1	808124143487
808124144484	MMCD DRYER SHEETS BASIL	7.2808	7.2808	12.13	HOUSEHOLD/CLEANING	20	1	0.00		1	808124144484
808124174238	MMCD LQ DISH SOAP HNYSKL	4.2352	4.2352	0.00	EDI/UNKNOWN	99	0	0.00		1	808124174238
810003440242	COMET CLEANSER PWDR PINE	0.7800	0.7800	1.73	HOUSEHOLD/CLEANING	20	4	1.00		1	810003440242
810003460318	LILYS CVRD ALMD MLK CHOC	5.3949	5.3949	8.99	CANDY	8	2	0.00		1	810003460318
810003461247	LILYS ORIG WH CHOC BAR	3.6226	3.6226	5.57	CANDY	8	2	0.00		1	810003461247
810003512512	ONCE UPON GOGO GREENS SMOOTIE	0.0000	0.0000	3.99	COLD BEVERAGES	7	4	0.00		1	810003512512
810005130578	LAIRD SUPER VAN CREAMER	0.0000	0.0000	5.69	DAIRY - FLUID	9	4	0.00		1	810005130578
810009378044	TSP SNSCRN CZ SPF 50	9.1901	9.1901	11.78	HEALTH & BEAUTY CARE	21	6	1.00		1	810009378044
810014150017	CREM BLACK PEPP MIN SALAMI	4.2900	4.2900	7.15	SNACKS - OTHER	17	1	0.00		1	810014150017
810015190128	SAUCY RED ENCHILADA SCE	3.1347	3.1347	5.22	EDIBLE GROCERY	19	7	0.00		1	810015190128
810019263231	BLACK RIFLE ESPRESSO W/CR	2.1042	2.1042	3.49	COLD BEVERAGES	7	5	0.00		1	810019263231
810021671604	SIM CRMY PBTR SNDWCH CKY	5.2102	5.2102	8.68	SNACKS - BAKERY	16	3	0.00		1	810021671604
810021671611	SIM COCOA CASHEW CRM CKY	5.4983	5.4983	8.59	SNACKS - BAKERY	16	3	0.00		1	810021671611
810027431028	SKYORG COTNSWB PRCSN	0.0000	0.0000	0.00	HEALTH & BEAUTY CARE	21	6	0.00		1	810027431028
810027431806	SKYORG PTRLM FREEJLY	9.4220	9.4220	12.56	HEALTH & BEAUTY CARE	21	0	0.00		1	810027431806
810030720072	WHISPS BITES PRTZL MUSTD	3.0472	3.0472	5.08	SNACKS - SALTY	15	3	0.00		1	810030720072
810030720096	WHISPS BTE CHS PRETZ EVR	3.0472	3.0472	5.08	SNACKS - SALTY	15	0	0.00		1	810030720096
810030722038	WHISPS CRSP CHEDDAR	5.8030	5.6417	9.40	SNACKS - SALTY	15	0	0.00		1	810030722038
810033260575	NYS READERS C/D	7.4329	7.4329	12.39	HEALTH & BEAUTY CARE	21	7	0.00		1	810033260575
810033266225	HITECH TRUE EARPHONES WIR	15.5917	15.5917	25.99	GENERAL MERCHANDISE	22	10	0.00		1	810033266225
810039910719	GO MACRO CHOC MINT	0.0000	0.0000	3.53	SNACKS - OTHER	17	3	0.00		1	810039910719
810047240891	FITAID ENRGY	0.0000	0.0000	3.15	COLD BEVERAGES	7	3	0.00		1	810047240891
810050500005	DELA BEV TRAD PAPL	2.0820	2.0820	3.47	COLD BEVERAGES	7	6	17.00		1	810050500005
810050500012	DELA BEV REGNL TMRND	2.2806	2.0820	3.71	COLD BEVERAGES	7	2	-11.00		1	810050500012
810050500029	DELA BEV ORIG GNGR	2.0820	2.0820	3.47	COLD BEVERAGES	7	6	0.00		1	810050500029
810050500036	DELA BEV PCNT MGO	2.0689	2.0820	3.09	COLD BEVERAGES	7	2	24.00		1	810050500036
810050500043	DELA BEV MOD ORNG	2.3599	2.3599	3.34	COLD BEVERAGES	7	6	0.00		1	810050500043
810050500234	DELA FBV WTRMLN JLPN	2.0351	2.0820	3.09	COLD BEVERAGES	7	2	22.00		1	810050500234
810050500258	DELA FBEV GRPFRT LME	2.0820	2.0820	3.71	COLD BEVERAGES	7	6	6.00		1	810050500258
810050500272	DELA FBEV PRKLY PEAR	2.0471	2.0820	3.63	COLD BEVERAGES	7	2	27.00		1	810050500272
810050500296	DELA FBEV CHAMOY	2.3601	2.3599	3.37	COLD BEVERAGES	7	6	0.00		1	810050500296
810050500333	DELA FBEV PINA LOCA	2.0820	2.0820	3.47	COLD BEVERAGES	7	2	0.00		1	810050500333
810050500340	DELA FBEV HIBIS CIT	1.9524	2.0820	3.37	COLD BEVERAGES	7	2	1.00		1	810050500340
810050500357	DELA FBEV PNCHE TROP	2.0674	2.0998	3.39	COLD BEVERAGES	7	2	24.00		1	810050500357
810050724203	SAALT UDWR LKPRF BRF MED	14.8020	14.8020	21.15	GENERAL MERCHANDISE	22	7	0.00		1	810050724203
810050724210	SAALT UDWR LKPRF BRF LRG	14.8020	14.8020	21.15	GENERAL MERCHANDISE	22	7	0.00		1	810050724210
810054691495	RETRO UTAH WINE TUMBLER	12.0000	12.0000	25.99	HOUSEHOLD/CLEANING	20	2	-2.00		1	810054691495
810055311019	STASHER LAV SNDWCH	8.9300	8.9300	14.99	HOUSEHOLD/CLEANING	20	2	0.00		1	810055311019
810058730169	FLYING EMBERS MBCHA GRPFRT	11.1750	11.1750	15.96	BEER-GS	4	0	0.00		1	81005873011
810075553031	OFOOD DMPL KMCHI CHK CHS	9.0062	9.0062	14.07	FROZEN FOODS	13	1	2.00		1	810075553031
810084230008	SOOM SESAME TAHINI	5.5351	5.5351	8.65	EDIBLE GROCERY	19	8	4.00		1	810084230008
810084231029	SOOMF DK CHOC SSALT SPRD	5.6243	5.6243	8.65	EDIBLE GROCERY	19	8	0.00		1	810084231029
810091780589	SIETE TORT CHP BLUE	4.4459	4.4459	6.84	SNACKS - SALTY	15	2	0.00		1	810091780589
810091780596	OG3 SIETE TORT CHP SSALT	0.0000	0.0000	0.00	EDI/UNKNOWN	99	0	0.00		1	810091780596
810094940140	eatMEATI CRISPY CUTLETS	0.0000	0.0000	8.50	FROZEN FOODS	13	1	3.00		1	810094940140
810104620611	MRY ECHINACEA LQD EX	8.4607	8.4607	12.09	HEALTH & BEAUTY CARE	21	2	2.00		1	810104620611
810105960075	WGAC TOILET PPR RECYC 8P	8.8741	8.8741	0.00	EDI/UNKNOWN	99	0	0.00		1	810105960075
810117031923	SCHMDT HMP PATCH HOP DEO	7.2256	7.2256	10.32	HEALTH & BEAUTY CARE	21	6	0.00		1	810117031923
810117031930	SCHMDT HMP SAGE VELT DEO	7.2256	7.2256	10.32	HEALTH & BEAUTY CARE	21	6	0.00		1	810117031930
810117130787	MONSTER THE BEAST VARIETY	15.3000	15.3000	23.54	BEER-GS	4	5	0.00		1	810117130787
810119021373	FCHME MINI BRSH & DSTPN	5.4188	5.4188	9.03	HOUSEHOLD/CLEANING	20	0	0.00		1	810119021373
810119027276	FRGD GALLON ZIPPER BAGS	4.7298	4.7298	7.88	HOUSEHOLD/CLEANING	20	2	0.00		1	810119027276
810119029157	FCHME CAN OPENER SMOOTH	13.3427	13.3427	17.79	HOUSEHOLD/CLEANING	20	2	0.00		1	810119029157
810122080015	HPEA CHKPEA WHT CHEDDER	3.1088	3.1088	5.18	SNACKS - SALTY	15	0	0.00		1	810122080015
810122080145	HPEA CHKPEA WHT CHEDDER	6.3407	6.3407	10.30	SNACKS - SALTY	15	0	0.00		1	810122080145
810126810090	VANL ICE CREAM CAKE	5.9736	5.9736	7.96	ICE CREAM	12	1	1.00		1	810126810090
810126810274	VANL BLUE JASMINE TEA	0.0000	0.0000	0.00	ICE CREAM	12	1	0.00		1	810126810274
810126810496	VANL BUTTER CAKE ICE CRM	5.9736	5.9736	7.96	ICE CREAM	12	1	4.00		1	810126810496
810126810502	VANL MARSH CHOC CRISPY	5.9736	5.9736	7.96	ICE CREAM	12	1	1.00		1	810126810502
810126810519	VANL ICRM CRML BAN HNYCM	5.3535	5.3535	8.53	ICE CREAM	12	1	6.00		1	810126810519
810126810533	VANL MLK WHT CHOC SWIRL	5.9736	5.9736	8.53	ICE CREAM	12	1	0.00		1	810126810533
810126810540	VANL ICRM BARS HONEYCOMB	0.0000	0.0000	0.00	ICE CREAM	12	2	0.00		1	810126810540
810126810625	VANL HGME HZLNT TRF ICRM	6.1401	6.1401	8.19	ICE CREAM	12	1	0.00		1	810126810625
810126810632	VANL BRN SGR CKYBTR ICRM	0.0000	0.0000	0.00	ICE CREAM	12	1	0.00		1	810126810632
810126810656	VANL LTSHNGOUT SMRS ICRM	6.1401	6.1401	8.19	ICE CREAM	12	1	0.00		1	810126810656
810126810670	VANL ICRM STRAW MTCHA LT	5.9736	5.9736	7.96	ICE CREAM	12	1	1.00		1	810126810670
810126810687	VANL ICRM MNGO STCKY RCE	5.4224	5.3535	7.96	ICE CREAM	12	1	5.00		1	810126810687
810130080076	MILA CHCKN SOUP DUMPLING	6.2256	6.2256	8.89	FROZEN FOODS	13	1	2.00		1	810130080076
810139552383	SEEDLINGS NITEFLOWER	9.0000	9.0000	19.99	GENERAL MERCHANDISE	22	4	0.00		1	810139552383
810139552390	SEEDLINGS WHAT SIGN	9.0000	9.0000	19.99	GENERAL MERCHANDISE	22	4	0.00		1	810139552390
810139552451	SEEDLINGS SAGUAROS	9.0000	9.0000	19.99	GENERAL MERCHANDISE	22	4	0.00		1	810139552451
810139555612	SEEDLINGS DESERT SUN TRIO	9.5000	9.5000	19.99	GENERAL MERCHANDISE	22	4	1.00		1	810139555612
810139555629	SEEDLINGS FLORA FAUNA TRIO	9.5000	9.5000	19.99	GENERAL MERCHANDISE	22	4	0.00		1	810139555629
810165010017	YUM LOLLIPOP SINGLE	0.2435	0.2435	0.41	CANDY	8	3	-42.00		1	810165010017
810165011946	YUM FRT SNACK 4FLAVR	2.5658	2.5658	4.28	CANDY	8	0	0.00		1	810165011946
810165016255	YUM SOUR JELLY BEANS	3.4851	3.4850	5.81	CANDY	8	4	0.00		1	810165016255
810165019461	YUM GIGGLES CNDY BAG	3.4851	3.4850	5.81	CANDY	8	4	0.00		1	810165019461
810165019867	YUM HALLOWEEN CANDY	10.0000	10.0000	16.67	CANDY	8	4	0.00		1	810165019867
810172432062	SEEDLINGS BLUE FLOWERS TRIO	9.5000	9.5000	19.99	GENERAL MERCHANDISE	22	4	2.00		1	810172432062
810291001002	TATE CCHIP COOKIES	5.0367	5.0367	7.74	SNACKS - BAKERY	16	3	10.00		1	810291001002
810291001019	TATE MACADMA WHTCHOC CKY	4.9670	4.9670	8.28	SNACKS - BAKERY	16	3	0.00		1	810291001019
810291001026	TATE OATMEAL RAISIN CKY	4.3474	4.4010	7.34	SNACKS - BAKERY	16	3	0.00		1	810291001026
810291001057	TATE WALNUT CCHIP COOKIE	5.0367	5.0367	7.74	SNACKS - BAKERY	16	3	12.00		1	810291001057
810291001064	TATE CHOC CHOC	5.0335	5.0367	8.40	SNACKS - BAKERY	16	3	11.00		1	810291001064
810291001071	TATE DBL CHOC CHIP GF	4.0420	4.0240	6.71	SNACKS - BAKERY	16	3	0.00		1	810291001071
810291001088	TATE GF CHOC CHIP	5.0278	5.0278	7.83	SNACKS - BAKERY	16	3	1.00		1	810291001088
810291001095	TATE GINGER GF	5.0416	5.0416	8.40	SNACKS - BAKERY	16	3	0.00		1	810291001095
810291001767	TATE COCONUT	5.0289	5.0278	8.40	SNACKS - BAKERY	16	3	0.00		1	810291001767
810291001927	TATE GF CNUT CRISP CKY	4.0345	4.0240	6.71	SNACKS - BAKERY	16	3	0.00		1	810291001927
810291002306	TATE BUTTER CRUNCH CKIES	4.9670	4.9670	8.28	SNACKS - BAKERY	16	3	0.00		1	810291002306
810291003679	TATE LEMON COOKIES	5.0278	5.0278	8.40	SNACKS - BAKERY	16	3	0.00		1	810291003679
810291004133	TATE BLUBRY CRISP CKIES	4.6954	4.6954	7.83	SNACKS - BAKERY	16	3	0.00		1	810291004133
810291004461	TATE CINN BRWN SGR CKIE	0.0000	0.0000	0.00	SNACKS - BAKERY	16	3	0.00		1	810291004461
810291006960	TATE VEGAN VAN MAPL CKY	4.9354	4.9354	8.23	SNACKS - BAKERY	16	3	0.00		1	810291006960
810291007752	TATE CKY SLTD CRML CCHIP	5.0416	5.0416	7.76	SNACKS - BAKERY	16	3	0.00		1	810291007752
810291007837	TATE SNICKERDOOLE COOKIE	5.0165	5.0165	7.17	SNACKS - BAKERY	16	3	0.00		1	810291007837
810291007950	TATE PMPKN SPICE COOKIES	5.0278	5.0278	7.18	SNACKS - BAKERY	16	3	0.00		1	810291007950
810291008940	TATE CKY SOFT BK CHC CHP	4.8044	4.8044	6.86	SNACKS - BAKERY	16	3	4.00		1	810291008940
810333029568	RENP ROSE WATER SHAMPOO	6.5254	6.5254	0.00	EDI/UNKNOWN	99	0	0.00		1	810333029568
810493030022	CHPW ICRM/SND VAN CHCHIP	4.9914	4.9914	6.66	ICE CREAM	12	2	0.00		1	810493030022
810533009940	JUICE LEMON VOLCANO	10.4301	9.3119	10.71	COLD BEVERAGES	7	4	0.00		1	810533009940
810815021035	HONEY STINGR WAFFLE HONEY	0.9847	0.9561	1.90	SNACKS - OTHER	17	3	12.00		1	810815021035
810815021097	HS WAFFLE VANILLA	0.9561	0.9561	1.90	SNACKS - OTHER	17	3	12.00		1	810815021097
810815021370	HONEY STINGR WAFFLE GF SL	0.9561	0.9561	1.99	SNACKS - OTHER	17	3	12.00		1	810815021370
810829022417	BAR & CHAIN OIL 1 QT	15.2400	15.2400	21.77	HOUSEHOLD/CLEANING	20	6	7.00		1	810829022417
810845030045	CAROLANS IRISH CREAM 750mL	0.0000	16.9900	19.99	LIQUOR STORE	5	3	9.00		1	810845030045
810981020269	PATGNA BLK BEAN SPMX	5.8723	5.8723	9.03	EDIBLE GROCERY	19	6	0.00		1	810981020269
810981020733	PATGNA RDBN CHL SPMX	5.8723	5.8723	9.03	EDIBLE GROCERY	19	6	0.00		1	810981020733
810981020757	PATGNA WLD SCKEYE SALMON	10.4567	10.3808	17.60	SNACKS - OTHER	17	1	0.00		1	810981020757
810981020771	PATGNA WLD SCKYE SALM LP	11.5744	11.6272	19.07	SNACKS - OTHER	17	1	0.00		1	810981020771
810981020870	PTGNA SRDGH SSLT CRK	4.4735	4.4735	6.39	SNACKS - SALTY	15	5	4.00		1	810981020870
810981020887	PTGNA RSMRY GRLC CRK	4.4735	4.4735	7.46	SNACKS - SALTY	15	5	0.00		1	810981020887
810981020962	PTGNA VEGAN CHD CRKR	4.4735	4.4735	6.64	SNACKS - SALTY	15	5	5.00		1	810981020962
810981021136	PATGNA SMOKED MUSSELS	5.1925	5.1951	8.36	SNACKS - OTHER	17	1	17.00		1	810981021136
810981021143	PATGNA SVRY SOFRT MUSSEL	5.0154	5.0162	8.36	SNACKS - OTHER	17	1	0.00		1	810981021143
810981021150	PATGNA LMN HERB MUSSELS	5.1626	5.1951	8.36	SNACKS - OTHER	17	1	7.00		1	810981021150
810981021655	PATGNA LEM CPR MACKEREL	5.0542	5.1951	8.36	SNACKS - OTHER	17	1	9.00		1	810981021655
810981021662	PATGNA RSTD GAR MACKEREL	5.1895	5.1951	8.36	SNACKS - OTHER	17	1	9.00		1	810981021662
810981021709	PATGNA CACAO MNGO BR	1.6659	1.6659	2.78	SNACKS - OTHER	17	3	0.00		1	810981021709
810981021853	PATGNA SMOKED MACKEREL	5.0162	5.0162	8.36	SNACKS - OTHER	17	1	0.00		1	810981021853
810981021907	PATGNA ANCHVIES RST GARL	5.0162	5.0162	8.36	SNACKS - OTHER	17	1	0.00		1	810981021907
810981022119	PATANA SPICY MUSSELS	5.1922	5.1951	7.59	SNACKS - OTHER	17	1	11.00		1	810981022119
810981022256	PATGNA SARDINE XVR OLV O	5.1951	5.1951	7.42	SNACKS - OTHER	17	1	14.00		1	810981022256
810981022294	PATGNA SARDINE CNUTCURRY	5.0468	5.1951	7.42	SNACKS - OTHER	17	1	3.00		1	810981022294
811201020014	S SNAX EVOO RSTD	1.9142	1.9142	3.12	SNACKS - SALTY	15	0	0.00		1	811201020014
811201020205	S SNAX CHMPRZ SEA SALT	2.8935	2.8935	4.82	SNACKS - SALTY	15	0	0.00		1	811201020205
811271001616	TRUWHIP NAT WHPD TOPPING	3.3592	3.3592	5.60	FROZEN FOODS	13	0	0.00		1	811271001616
811355002522	RUMIANO MILD CHEDDAR	4.5646	4.5658	6.34	DAIRY - OTHER	10	1	14.00		1	811355002522
811355002539	RUMIANO MED CHED	4.5658	4.5658	6.09	DAIRY - OTHER	10	1	-28.00		1	811355002539
811355002546	RUMIANO SHARP CHED	4.5658	4.5658	6.09	DAIRY - OTHER	10	1	1.00		1	811355002546
811355002553	RUMIANO OG MONTEREY JCK	4.5640	4.5658	6.34	DAIRY - OTHER	10	1	21.00		1	811355002553
811355002560	RUMIANO PPRJK	4.5658	4.5658	6.09	DAIRY - OTHER	10	2	-4.00		1	811355002560
811355002577	RUMIANO MOZZ	4.4908	4.5658	6.09	DAIRY - OTHER	10	1	16.00		1	811355002577
811355002607	RUMIANO MED CHDR SLC	3.3117	3.3117	4.42	DAIRY - OTHER	10	1	0.00		1	811355002607
811355003932	RUMIANO GOUDA BAR	4.5658	4.5658	6.34	DAIRY - OTHER	10	1	14.00		1	811355003932
811538010924	JOSE CUERVO ESPECIAL 200ML	0.0000	6.9900	6.99	LIQUOR STORE	5	3	30.00		1	811538010924
811538019*811	PENDLETON WHISK 375ML	14.9900	14.9900	14.99	LIQUOR STORE	5	3	8.00		1	811538019*811
811538019323	PENDLETON WHISKY 750ML	0.0000	28.9900	28.99	LIQUOR STORE	5	3	5.00		1	811538019323
811538019811	PENDLETON 375ML	14.9900	14.9900	14.99	LIQUOR STORE	5	3	15.00		1	811538019811
811660020433	NUUN ACTV DRINK TAB TRIB	4.1381	4.1381	6.90	EDIBLE GROCERY	19	11	0.00		1	811660020433
811660020440	NUUN CITRUS DRINK TABS	4.1381	4.1381	5.91	EDIBLE GROCERY	19	11	1.00		1	811660020440
811660020457	NUUN STRW/LEM DRINK TABS	4.2025	4.2025	7.00	COLD BEVERAGES	7	3	0.00		1	811660020457
811660020501	NUUN LEM/LIME DRINK TABS	4.1381	4.1381	5.91	COLD BEVERAGES	7	3	-1.00		1	811660020501
811660020648	NUUN ACTV DRNK TAB GRP	0.0000	0.0000	0.00	COLD BEVERAGES	7	3	0.00		1	811660020648
811660020778	NUUN ENRG DRK TB CHRYLMD	4.5250	4.5249	7.03	COLD BEVERAGES	7	3	0.00		1	811660020778
811660020785	NUUN ENRG DRNK TB FR LME	4.2025	4.2025	7.00	COLD BEVERAGES	7	3	0.00		1	811660020785
811660021669	NUUN BBERRY POM	4.2462	4.2462	6.25	COLD BEVERAGES	7	3	0.00		1	811660021669
811660021683	NUUN VT TANG LIME TABS	4.5250	4.5249	7.03	COLD BEVERAGES	7	3	0.00		1	811660021683
811660021744	NUUN GNGR LMNADE DRNK TB	4.4925	4.4925	6.98	COLD BEVERAGES	7	3	0.00		1	811660021744
811660021768	NUUN BLKBRY CIT DRNK TB	4.4568	4.4925	6.95	COLD BEVERAGES	7	3	0.00		1	811660021768
811660022024	NUUN IMUN BLUBRY  DRNK TB	4.1712	4.1712	6.95	COLD BEVERAGES	7	3	0.00		1	811660022024
811660022048	NUUN DRNK TB IMUN CITRUS	4.4913	4.4913	6.98	COLD BEVERAGES	7	3	0.00		1	811660022048
811660022239	NUUN DLY WLD STRW DRK TB	4.3167	4.3167	7.08	COLD BEVERAGES	7	3	0.00		1	811660022239
811660022253	NUUN DLY RSP LMND DRK TB	4.2462	4.2462	6.47	COLD BEVERAGES	7	3	0.00		1	811660022253
811660022277	NUUN LEM SPLSH DLY DRKTB	4.2715	4.2778	7.08	COLD BEVERAGES	7	3	0.00		1	811660022277
811660023120	NUUN DRNK MIX LEMON LIME	1.1718	1.1718	1.82	COLD BEVERAGES	7	3	0.00		1	811660023120
811660029894	NUUN DRNK TAB RASP LEMON	5.3135	5.3135	7.59	EDIBLE GROCERY	19	11	0.00		1	811660029894
811660029900	NUUN DRNK TAB WILD STRAW	4.7373	4.7301	7.59	EDIBLE GROCERY	19	11	8.00		1	811660029900
811717030156	GRAPE TOMATO	2.2750	2.2750	3.08	PRODUCE	18	1	0.00		1	811717030156
811737007503	DLEA LICORICE LBACK ORIG	2.4117	2.4117	4.10	CANDY	8	3	-8.00		1	811737007503
811758020017	BRUSSEL SPROUT CLAMSHELL	0.0000	0.0000	5.41	PRODUCE	18	2	0.00		1	811758020017
811961022303	NAVITAS CACAO GOJI SNK	1.2700	1.2700	2.12	SNACKS - OTHER	17	3	0.00		1	811961022303
812049009100	BERRIES BLUE NAT	2.9417	2.9417	3.92	PRODUCE	18	1	-11.00		1	812049009100
812049009209	BLUEBERRIES NATURIPE	3.5250	3.5250	5.04	PRODUCE	18	1	0.00		1	812049009209
812066020201	FAMOUS GROUSE BLND WHISK 750ML	0.0000	25.9900	25.99	LIQUOR STORE	5	3	8.00		1	812066020201
812080030316	COCO JOY COCONUT WATER	1.6100	1.6100	2.50	COLD BEVERAGES	7	3	-255.00		1	812080030316
812107021228	WP HAPPY CAMPER CREW	6.0000	6.0000	12.00	GENERAL MERCHANDISE	22	7	0.00		1	812107021228
812136030185	F.T. CUCUMBER TONIC WTR	4.3681	4.3681	6.48	COLD BEVERAGES	7	2	0.00		1	812136030185
812136030208	F.T GINGER ALE CANS	4.3937	4.3937	7.32	EDIBLE GROCERY	19	11	1.00		1	812136030208
812136030215	F.T CLUB SODA CAN	4.3937	4.3937	7.32	COLD BEVERAGES	7	2	5.00		1	812136030215
812136030598	F.T. GINGER BEER CANS	5.4716	5.4716	9.12	COLD BEVERAGES	7	1	0.00		1	812136030598
812136030659	F.T. GINGER BEER	5.2493	5.2492	8.75	COLD BEVERAGES	7	1	0.00		1	812136030659
812136030666	FEVERTREE GINGER BEER	6.0300	6.0300	8.99	COLD BEVERAGES	7	1	0.00		1	812136030666
812136030680	F.T. ELDFLWR TONIC WATER	6.1040	6.1040	8.14	COLD BEVERAGES	7	2	0.00		1	812136030680
812136030697	FT ELDERFLOWER TONIC CAN 8 PK	5.4716	5.4716	9.12	COLD BEVERAGES	7	2	0.00		1	812136030697
812136030857	F.T. SPARKLING LIME YUZU	3.7446	3.7263	6.42	COLD BEVERAGES	7	2	0.00		1	812136030857
812136031229	F.T. SPK PK GRPFRUIT CAN	0.0000	0.0000	0.00	COLD BEVERAGES	7	0	0.00		1	812136031229
812136032349	F.T.ESPRSO MARTINI MIXER	0.0000	0.0000	0.00	COLD BEVERAGES	7	0	0.00		1	812136032349
812184030045	FRONEN ND PBTR FDG ICRM	4.0801	4.2025	5.60	ICE CREAM	12	1	0.00		1	812184030045
812410000194	H&L UNCOOKED WHT SHRIMP	11.2513	11.4334	17.47	FROZEN FOODS	13	5	-3.00		1	812410000194
812410000224	H&L WILD ALASKAN SALMON	4.9099	4.9111	7.56	FROZEN FOODS	13	5	7.00		1	812410000224
812410000606	FRESHE TUNA ENTREE SICLN	0.0000	0.0000	0.00	SNACKS - OTHER	17	1	0.00		1	812410000606
812410000620	FRESHE TUNA ENTREE PROVN	4.6554	4.6554	6.65	SNACKS - OTHER	17	1	10.00		1	812410000620
812410000750	FRESHE SALON MEAL MOROCC	4.2610	4.2610	6.56	SNACKS - OTHER	17	1	0.00		1	812410000750
812410000767	FRESHE ENT BRCLNA ESCLVD	4.6554	4.6554	6.65	SNACKS - OTHER	17	1	10.00		1	812410000767
812446030004	DOZ BEANS CUBAN BLACK	2.8154	2.8154	4.02	EDIBLE GROCERY	19	6	6.00		1	812446030004
812446030011	DOZ BEANS MEXICAN PINTO	3.0984	3.1071	5.18	EDIBLE GROCERY	19	6	0.00		1	812446030011
812446030028	DOZ TRINI CHICKPEA CURRY	3.1071	3.1071	5.02	EDIBLE GROCERY	19	6	2.00		1	812446030028
812446030134	DOZ RICE CLSC BROTH RTE	2.6614	2.6614	4.44	EDIBLE GROCERY	19	6	6.00		1	812446030134
812446030158	DOZ CLSC RFRD PINTO BEAN	2.4451	2.2359	4.53	EDIBLE GROCERY	19	6	2.00		1	812446030158
812446030165	DOZ REFRIED BLACK BEANS	3.1071	3.1071	5.02	EDIBLE GROCERY	19	6	3.00		1	812446030165
812475012293	ALO ALOE WTRMLN 16.9 OZ	0.0000	0.0000	2.79	COLD BEVERAGES	7	4	-11.00		1	812475012293
812659010350	S.T. LPBLM POMGRN	1.5471	1.5471	2.58	HEALTH & BEAUTY CARE	21	6	0.00		1	812659010350
812659010367	S.T. LPBLM CNUT LIME	1.5079	1.5079	2.51	HEALTH & BEAUTY CARE	21	8	0.00		1	812659010367
812659010374	S.T. LPBLM GRPFRT	1.5471	1.5471	2.58	HEALTH & BEAUTY CARE	21	6	0.00		1	812659010374
812659010404	S.T. LPBLM LAV COCONUT	1.5511	1.5511	2.59	HEALTH & BEAUTY CARE	21	8	12.00		1	812659010404
812659011050	S.T. LPBLM LEM CARDAMOM	1.5511	1.5511	2.54	HEALTH & BEAUTY CARE	21	8	15.00		1	812659011050
812659011067	S.T. LPBLM VANILLA CHAI	1.5508	1.5511	2.51	HEALTH & BEAUTY CARE	21	8	11.00		1	812659011067
812659011074	S.T. LPBLM VEGAN UNSCENT	1.5511	1.5511	2.54	HEALTH & BEAUTY CARE	21	6	17.00		1	812659011074
812659012521	S.T. LPBLM VANILLA ROSE	1.5220	1.5220	2.54	HEALTH & BEAUTY CARE	21	8	0.00		1	812659012521
812659013399	S.T. BTH SLTS PRMT RSMRY	1.6451	1.6451	0.00	EDI/UNKNOWN	99	0	0.00		1	812659013399
812659014921	S.T. LPBM ALM MRZPN	1.5517	1.5649	2.32	HEALTH & BEAUTY CARE	21	8	10.00		1	812659014921
812668020975	MICHEL CRSNT CHP SWT CRS	3.2162	3.2162	5.41	SNACKS - SALTY	15	0	0.00		1	812668020975
812881023043	NUD BRAZILIAN COFF BOMBS	3.5658	3.5658	5.94	CANDY	8	2	0.00		1	812881023043
812907014741	OG1 NTIER CACAO POWDER	7.3910	7.3910	0.00	EDI/UNKNOWN	99	0	0.00		1	812907014741
813026020132	PUKKA SUPREME MATCHA	0.0000	0.0000	6.99	EDI/UNKNOWN	99	0	-1.00		1	813026020132
813107020044	WP FOXY LADY SOCKS	6.0000	6.0000	13.33	GENERAL MERCHANDISE	22	7	0.00		1	813107020044
813107020143	WP SHINE BRIGHT SOCKS CREW	6.0000	6.0000	13.00	GENERAL MERCHANDISE	22	7	0.00		1	813107020143
813107020716	WP WATERMELON BABIES SOCKS	6.0000	6.0000	12.00	GENERAL MERCHANDISE	22	7	0.00		1	813107020716
813107020815	WP BISON SOCKS	6.0000	6.0000	13.00	GENERAL MERCHANDISE	22	7	0.00		1	813107020815
813107020822	WP ICE CREAM CREW	6.0000	6.0000	13.00	GENERAL MERCHANDISE	22	7	0.00		1	813107020822
813107020860	WP LATER GATOR SOCKS	6.0000	6.0000	13.33	GENERAL MERCHANDISE	22	7	-1.00		1	813107020860
813107020952	CLIMB HIGHER SOCK	6.0000	6.0000	12.00	GENERAL MERCHANDISE	22	7	0.00		1	813107020952
813107021034	WP BACON & EGGS	6.0000	6.0000	13.00	GENERAL MERCHANDISE	22	7	0.00		1	813107021034
813107021041	WP UNICORNS AND RAINBOWS SOCKS	6.0000	6.0000	13.33	GENERAL MERCHANDISE	22	7	0.00		1	813107021041
813107021065	WP CACTI CREW	6.0000	6.0000	13.00	GENERAL MERCHANDISE	22	7	0.00		1	813107021065
813107021201	WP LA VIE EN ROSE SOCKS	6.0000	6.0000	13.00	GENERAL MERCHANDISE	22	7	0.00		1	813107021201
813107021218	WP AW NUTS	6.0000	6.0000	13.00	GENERAL MERCHANDISE	22	7	0.00		1	813107021218
813107021225	WP CAMPING SCENE CREW	6.0000	6.0000	13.00	GENERAL MERCHANDISE	22	7	0.00		1	813107021225
813107021324	WP POPPY & DOT SOCKS	6.0000	6.0000	13.00	GENERAL MERCHANDISE	22	7	0.00		1	813107021324
813107021713	WP HOTDOG	6.0000	6.0000	13.00	GENERAL MERCHANDISE	22	7	0.00		1	813107021713
813107021737	WP SWIM MERMAID SOCKS	6.0000	6.0000	13.00	GENERAL MERCHANDISE	22	7	0.00		1	813107021737
813107021744	WP NO PROB LLAMA CREW	6.0000	6.0000	13.00	GENERAL MERCHANDISE	22	7	0.00		1	813107021744
813107022031	WP HORSE AROUND SHORTY	4.0000	4.0000	10.00	GENERAL MERCHANDISE	22	7	0.00		1	813107022031
813107022468	WP BRIAR ROSE SOCKS	6.0000	6.0000	12.00	GENERAL MERCHANDISE	22	7	4.00		1	813107022468
813107022550	WP WHALE YOU BE MINE SOCKS	6.0000	6.0000	13.33	GENERAL MERCHANDISE	22	7	-1.00		1	813107022550
813107022598	WP PURRFECT SOCKS	6.0000	6.0000	13.33	GENERAL MERCHANDISE	22	7	-2.00		1	813107022598
813107022697	WP GOAT CREW	6.0000	6.0000	13.00	GENERAL MERCHANDISE	22	7	0.00		1	813107022697
813107022789	WP LET'S TACO BOUT IT	4.0000	4.0000	10.00	GENERAL MERCHANDISE	22	7	0.00		1	813107022789
813107022918	WP HAPPY VIBES SOCKS	10.0000	10.0000	22.00	GENERAL MERCHANDISE	22	7	0.00		1	813107022918
813107022925	WP OUTDOOR ADVENTURE NO SHOW	10.0000	10.0000	22.00	GENERAL MERCHANDISE	22	7	0.00		1	813107022925
813107023434	BUTTERFLY SOCKS	6.0000	6.0000	12.00	GENERAL MERCHANDISE	22	7	4.00		1	813107023434
813107023779	WP CANDY CORN	6.0000	6.0000	13.00	GENERAL MERCHANDISE	22	7	0.00		1	813107023779
813107023984	WP GONE FISHING SOCKS	6.4000	6.4000	15.00	GENERAL MERCHANDISE	22	7	0.00		1	813107023984
813107024042	WP SNOWFALL	6.0000	6.0000	13.00	GENERAL MERCHANDISE	22	7	0.00		1	813107024042
813107024493	WP STRIPE SHRT	12.0000	12.0000	25.00	GENERAL MERCHANDISE	22	7	0.00		1	813107024493
813107024561	WP SAVE THE BEES CREW	6.0000	6.0000	13.00	GENERAL MERCHANDISE	22	7	0.00		1	813107024561
813107025698	WP GREEN MERINO WOOL	8.0000	8.0000	17.00	GENERAL MERCHANDISE	22	7	0.00		1	813107025698
813107025728	WP MOUNTAIN MERINO WOOL	8.0000	8.0000	17.00	GENERAL MERCHANDISE	22	7	0.00		1	813107025728
813107025865	WP HEDGEHOG	9.0000	9.0000	20.00	GENERAL MERCHANDISE	22	7	0.00		1	813107025865
813107025919	WP PINK LEMONADE SOCKS	9.0000	9.0000	20.00	GENERAL MERCHANDISE	22	7	2.00		1	813107025919
813107026107	WP WILD THING SOCKS	9.0000	9.0000	20.00	GENERAL MERCHANDISE	22	7	2.00		1	813107026107
813199010503	GRN2 FACIAL TISSUE	1.5259	1.5258	2.54	HOUSEHOLD/CLEANING	20	3	38.00		1	813199010503
813199010725	GRN2 BATH TISSUE 450 SHT	1.3222	1.3222	0.00	EDI/UNKNOWN	99	0	0.00		1	813199010725
813267020007	A2 MILK WHOLE UHT	3.6918	3.6918	6.19	DAIRY - FLUID	9	0	0.00		1	813267020007
813267020243	A2 MILK WHOLE GRASS FED	5.2126	5.2126	8.04	DAIRY - FLUID	9	1	0.00		1	813267020243
813424021991	ACURE SOOTHING LOTION	8.2954	8.2954	11.92	HEALTH & BEAUTY CARE	21	6	2.00		1	813424021991
813424022622	ACURE SHMP BLDUP BAL HMP	5.9225	5.9225	0.00	EDI/UNKNOWN	99	0	0.00		1	813424022622
813424022639	ACURE COND BLDUP BAL HMP	5.9225	5.9225	0.00	EDI/UNKNOWN	99	0	0.00		1	813424022639
813424022776	ACURE SHAMP ARGAN HYDRTE	5.9225	5.9225	0.00	EDI/UNKNOWN	99	0	0.00		1	813424022776
813424022783	ACURE COND ARGAN HYDRATE	5.9225	5.9225	0.00	EDI/UNKNOWN	99	0	0.00		1	813424022783
813502008098	CP PINELEATHER INCENSE	12.0000	12.0000	24.00	GENERAL MERCHANDISE	22	0	1.00		1	813502008098
813502008111	CP OAKFIG INCENSE	12.0000	12.0000	24.00	GENERAL MERCHANDISE	22	0	0.00		1	813502008111
813502008487	CP CANDLE CIT&SS	16.0000	16.0000	32.00	GENERAL MERCHANDISE	22	0	1.00		1	813502008487
813502008500	CP CANDLE CIT&CEDAR	16.0000	16.0000	32.00	GENERAL MERCHANDISE	22	0	0.00		1	813502008500
813636020249	CALIFA ALM MILK UNSWT	4.7101	4.7101	6.73	DAIRY - FLUID	9	4	0.00		1	813636020249
813636021659	CALIFIA ALMOND MILK UNSW	3.5428	3.4492	5.18	DAIRY - FLUID	9	4	7.00		1	813636021659
813636023837	CF UNSWT ALMD MLK ST	4.4737	4.4832	6.18	DAIRY - FLUID	9	4	0.00		1	813636023837
813700020007	OG2 LI CERL BLUBRY BLAST	6.4136	6.4136	0.00	EDI/UNKNOWN	99	0	0.00		1	813700020007
813724021622	WTKINS FOOD COLORING AST	6.8172	6.8172	11.36	EDIBLE GROCERY	19	4	2.00		1	813724021622
813724024654	WTKINS DECO SPRNKL RAINB	4.7685	4.8819	6.26	EDIBLE GROCERY	19	4	4.00		1	813724024654
813805005008	GUMMI MINI BURGER       E	0.1403	0.1403	0.29	CANDY	8	3	-13.00		1	813805005008
813880000127	STRAWBERRIES ORG	3.9500	3.9500	5.64	PRODUCE	18	2	4.00		1	813880000127
814109021350	CNDYP SNICKERS POPCORN	3.0180	3.0180	5.03	SNACKS - SALTY	15	4	0.00		1	814109021350
814296010731	POTATOES  YUKON GOLD	5.6300	5.6300	7.04	PRODUCE	18	2	0.00		1	814296010731
814296010755	POTATOES RUSSET	5.6300	5.6300	7.51	PRODUCE	18	2	0.00		1	814296010755
814406010675	EMRLD PLATE ROUND 6 IN	1.6883	1.6883	2.72	HOUSEHOLD/CLEANING	20	2	14.00		1	814406010675
814406010798	EMRLD FACIAL TSS 2 PLY	1.0991	1.0991	1.83	HOUSEHOLD/CLEANING	20	3	0.00		1	814406010798
814406011641	EMRLD BTH TSS 2 PLY 500	0.9413	0.9403	1.57	HOUSEHOLD/CLEANING	20	3	0.00		1	814406011641
814406011672	EMRLD BATH TSS 2 PLY 4PK	3.9881	3.9881	6.65	HOUSEHOLD/CLEANING	20	3	0.00		1	814406011672
814417021929	JACOBSEN SALT MINI TIN	2.1500	2.1500	3.58	EDIBLE GROCERY	19	12	-11.00		1	814417021929
814422020382	WDSP HNY DROP GINGER	7.1187	7.1187	10.17	HEALTH & BEAUTY CARE	21	2	0.00		1	814422020382
814521011632	PAMPERS CHANGE KIT S	5.4800	5.4800	7.83	HEALTH & BEAUTY CARE	21	4	1.00		1	814521011632
814558020331	FORG DF CSHW YOG PLN	6.1736	6.2013	8.61	DAIRY - OTHER	10	4	8.00		1	814558020331
814558020607	FORG DF CSHW YOG PLN	1.7683	1.7683	2.53	DAIRY - OTHER	10	4	0.00		1	814558020607
814558021758	FRGR VAN BN FRZ DSRT	5.5433	5.5432	7.39	ICE CREAM	12	3	0.00		1	814558021758
8145630011254	RED GRAPES	4.8444	4.8444	6.92	PRODUCE	18	1	0.00		1	8145630011254
814563011225	GRAPES GREEN BIO OG	7.2111	7.2111	9.99	PRODUCE	18	1	1.00		1	814563011225
814563011256	GRAPES RED FFARM	7.2111	7.2111	9.98	PRODUCE	18	1	3.00		1	814563011256
814669010665	W C CMPST CLR CUPS COLD	6.7359	6.7359	11.23	HOUSEHOLD/CLEANING	20	2	2.00		1	814669010665
814767010536	TOMATOES  GRAPE A&A	1.8833	1.8833	2.69	PRODUCE	18	1	0.00		1	814767010536
814767013056	TUMERIC WELLNESS KIT	5.3625	5.3625	7.66	PRODUCE	18	2	0.00		1	814767013056
814836022002	JASPER HILL HARBISON MINI 5OZ	6.7600	6.7600	8.78	DAIRY - OTHER	10	1	0.00		1	814836022002
815099020675	LATE JULY SSLT BLUE CHIP	2.9132	2.9132	4.86	SNACKS - SALTY	15	2	0.00		1	815099020675
815263019580	SEQUOIA CHERRIES	5.9667	5.9667	8.52	PRODUCE	18	1	0.00		1	815263019580
815296020836	KRAVE PORK JRKY TERIYAKI	4.9150	4.9150	8.19	SNACKS - OTHER	17	1	0.00		1	815296020836
815296020911	KRAVE BEEF JRKY GAR PEPR	4.2615	4.2615	7.10	SNACKS - OTHER	17	1	0.00		1	815296020911
815421011043	JOVIAL EINK FUEILLI	3.3681	3.3681	5.56	EDIBLE GROCERY	19	3	0.00		1	815421011043
815421011227	JVAL RCE PNNE	3.7604	3.7692	6.28	EDIBLE GROCERY	19	3	0.00		1	815421011227
815421012118	JOVIAL CHKRBOARD CKY	3.4208	3.4208	5.70	SNACKS - BAKERY	16	3	0.00		1	815421012118
815421012132	JOVIAL CRSP COCO CKY	3.4208	3.4208	5.70	SNACKS - BAKERY	16	3	0.00		1	815421012132
815421012538	JOVIAL ENK EVRY CRKR	3.3687	3.3687	5.18	SNACKS - SALTY	15	5	0.00		1	815421012538
815421013030	OG1 JOV DCD TOMATOES	3.7782	3.7782	0.00	EDI/UNKNOWN	99	0	0.00		1	815421013030
815421013139	JOVIAL BORLOTTI BEAN	2.5458	2.5458	3.92	EDIBLE GROCERY	19	9	0.00		1	815421013139
815436018853	WHIMZEE DOG TREAT	6.8367	6.8367	9.77	HOUSEHOLD/CLEANING	20	5	0.00		1	815436018853
815652002148	P&G LARGE BROWN EGGS	6.3601	6.3601	8.83	DAIRY - OTHER	10	2	8.00		1	815652002148
815652002155	P&G EGG BRWN PSTR RAISED	0.0000	0.0000	0.00	DAIRY - OTHER	10	2	0.00		1	815652002155
815652002162	P&G PSTRSD LRG BRWN EGGS	0.0000	0.0000	0.00	DAIRY - OTHER	10	2	0.00		1	815652002162
815652002346	P&G XLRG FRE RNG EGG	5.9765	5.9765	8.54	DAIRY - OTHER	10	2	1.00		1	815652002346
815652009000	NELLIE S UNSALTED BUTTER	4.5505	4.5505	6.40	DAIRY - OTHER	10	3	0.00		1	815652009000
815652009017	NELLIE S SEA SALT BUTTER	4.5505	4.5505	6.31	DAIRY - OTHER	10	3	13.00		1	815652009017
815709021825	BULLET CCHP CKY CLGN BAR	2.3006	2.3064	3.76	SNACKS - OTHER	17	3	-1.00		1	815709021825
815709023973	BULLET DBL CHOC CLGN BAR	2.2289	2.2298	3.72	SNACKS - OTHER	17	3	0.00		1	815709023973
815709024079	BULLET COFF RTD ORIG/CLG	2.3518	2.3518	3.64	COLD BEVERAGES	7	5	0.00		1	815709024079
815709024109	BULLET COFF DRK CHOC CLG	2.3483	2.3518	3.64	COLD BEVERAGES	7	5	0.00		1	815709024109
815874002032	NIX CONDOMS SPRINT TRIO	2.3340	2.3340	3.19	HEALTH & BEAUTY CARE	21	4	3.00		1	815874002032
815887010598	HIPPIE ASP OG	4.4818	4.4818	6.40	PRODUCE	18	2	0.00		1	815887010598
816426010734	MAGNIF TOMATO OG GRAPE	1.9083	1.9083	2.54	PRODUCE	18	1	0.00		1	816426010734
816426011045	PEPPERS SWEET MINI	4.9083	4.9083	6.14	PRODUCE	18	2	0.00		1	816426011045
816426011335	BLUEBERRIES  ORG	3.1083	3.1083	4.78	PRODUCE	18	1	0.00		1	816426011335
816426012370	CUCUMBERS DIVINE	3.4737	3.5250	4.70	PRODUCE	18	2	0.00		1	816426012370
816554020025	JOSIES SWEET KALE MIX	5.2167	5.2167	6.96	PRODUCE	18	2	0.00		1	816554020025
816554020391	KALE CAESAR JOSIES	5.3833	5.3833	7.18	PRODUCE	18	2	0.00		1	816554020391
816554020513	JOSIES CAESAR SALAD	5.2167	5.2167	7.45	PRODUCE	18	2	0.00		1	816554020513
816897020775	FOUR SIG GOLDEN LATTE	1.1500	1.1500	2.09	HOT BEVERAGES	30	1	0.00		1	816897020775
816897020782	FOUR SIG GLDN LTTE TRKYT	1.1450	1.1450	2.09	HOT BEVERAGES	30	1	0.00		1	816897020782
816897020812	FOUR CHILL CHAI LATTE PKT	1.1547	1.1570	2.09	HOT BEVERAGES	30	1	-2.00		1	816897020812
816897020829	FOUR SIG TRKY TAIL REISH	16.0170	16.0170	2.09	HOT BEVERAGES	30	1	1.00		1	816897020829
816897021048	FOUR SIG THINK MATCHA LATTE	1.1562	1.1580	2.09	HOT BEVERAGES	30	1	1.00		1	816897021048
816897021055	FOUR SIG MTCHA LATT LION	12.0103	12.0103	2.09	HOT BEVERAGES	30	1	0.00		1	816897021055
816897021482	FOUR COFFEE LATTE PKT	1.1580	1.1580	2.09	HOT BEVERAGES	30	1	-5.00		1	816897021482
816897021499	FOUR COFF LATTE LION	12.0103	12.0103	2.09	HOT BEVERAGES	30	1	1.00		1	816897021499
817036011838	NANIT SKIN CONTACT MACABEO 750ML	11.9900	11.9900	14.99	LIQUOR STORE	5	2	11.00		1	817036011838
817335042120	VERMINTS PEPPERMINT	2.3194	2.3194	3.36	CANDY	8	1	4.00		1	817335042120
817335042137	VERMINTS WINTERMINT	2.3194	2.3194	3.79	CANDY	8	1	5.00		1	817335042137
817335042144	VERMINTS GINGERMINT	2.2684	2.3194	3.36	CANDY	8	1	6.00		1	817335042144
817335042151	VERMINTS CHAI PAST	2.0607	1.9805	3.79	CANDY	8	1	4.00		1	817335042151
817335042168	VERMINTS CAFE EXPRS	2.2724	2.2724	3.50	CANDY	8	1	0.00		1	817335042168
817335042175	VERMINTS CINNAMINT	2.3036	2.3194	3.36	CANDY	8	1	4.00		1	817335042175
817596020547	GOODIO CHOCOLATE DARK 71	3.8000	3.8000	6.33	CANDY	8	2	0.00		1	817596020547
817596020554	GOODIO CHOCOLATE CHAI	3.8000	3.8000	6.33	CANDY	8	2	0.00		1	817596020554
817596020707	GOODIO FOREST CHOCOLATE	5.9900	5.9900	9.98	CANDY	8	2	0.00		1	817596020707
817596020769	GOODIO FLOWER CHOCOLATE	5.9900	5.9900	9.98	CANDY	8	2	0.00		1	817596020769
817670010068	A.E. DK CHOC BLKOUT	2.6742	2.6742	4.46	CANDY	8	2	0.00		1	817670010068
817670010129	TOFFEE DARK COCONUT	3.6169	3.6169	5.26	CANDY	8	2	2.00		1	817670010129
817670010341	A.E. BLK TRFFL BOX	0.6999	0.7013	1.17	CANDY	8	2	92.00		1	817670010341
817670010358	A.E. VELVT TRFFL BOX	0.6921	0.7013	1.15	CANDY	8	2	74.00		1	817670010358
817670010495	A.E. DRK BRNBTR CHOC	3.5629	3.6169	5.22	CANDY	8	2	1.00		1	817670010495
817670010501	A.E. DK CHC BRN CRML	3.1305	3.1305	5.22	CANDY	8	2	0.00		1	817670010501
817670010556	A.E. TRFFL SSLT BOX	0.7013	0.7013	1.06	CANDY	8	5	174.00		1	817670010556
17	A.E. TRFFL SCRML BOX	0.7013	0.7013	1.17	CANDY	8	5	156.00		1	817670010563
817670010747	A.E. TRUFLE MDLE	0.6351	0.6810	1.14	CANDY	8	2	0.00		1	817670010747
817670011010	A.E. DRK MNT TRFL DS	0.7010	0.7013	1.15	CANDY	8	5	64.00		1	817670011010
817670011065	A.E. DK SALTD ALMNDS	2.9662	2.9435	4.91	CANDY	8	2	0.00		1	817670011065
817670011621	A.E. TRFFL DK CH BOX	0.7013	0.7013	0.99	CANDY	8	2	-247.00		1	817670011621
817670011898	A.E. CHOCRASP BLKOUT	2.8811	2.8811	4.80	CANDY	8	2	0.00		1	817670011898
817670012185	A.E. CHOC TTL BLKOUT	2.9435	2.9435	4.91	CANDY	8	2	0.00		1	817670012185
817670012543	A.E. TRUF DKCHC ASST	0.0000	0.0000	0.00	CANDY	8	5	0.00		1	817670012543
817670012581	A.E. TRFLTHN CRMBRLE	0.0000	0.0000	0.00	CANDY	8	2	0.00		1	817670012581
817678013771	EPSK EPSLT/LAV EO SLPFOR	3.8057	3.8057	5.85	HEALTH & BEAUTY CARE	21	6	11.00		1	817678013771
817818015115	PPRS SWT MINI TRUSWT	5.4075	5.4075	7.21	PRODUCE	18	2	0.00		1	817818015115
817904000834	ELYSIAN SPACE DUST 355ML 6PK BTL	15.9000	15.9000	15.90	LIQUOR STORE	5	1	4.00		1	817904000834
817939016565	METHOD FOAMING	5.5044	5.5043	7.88	HOUSEHOLD/CLEANING	20	3	8.00		1	817939016565
817939017432	MTHD ANTIBAC CLNR CITRON	3.7313	3.7312	5.74	HOUSEHOLD/CLEANING	20	4	0.00		1	817939017432
817946020067	BEAR FRUIT ROLL RSPBRY	4.2061	4.2060	7.01	SNACKS - OTHER	17	4	0.00		1	817946020067
817946020074	BEAR REAL FRT YOYO STWBR	4.3925	4.3924	7.01	SNACKS - OTHER	17	4	1.00		1	817946020074
818051022311	BREAD&BUTTER MERLOT 750ML	0.0000	14.9900	14.99	LIQUOR STORE	5	2	13.00		1	818051022311
818290011800	CHOBANI YOGURT DRINK	0.0000	0.0000	4.79	CIGARETTES	2	0	-2.00		1	818290011800
818336010187	I AND DOG CAN GBBLE STEW	0.0000	0.0000	0.00	HOUSEHOLD/CLEANING	20	5	0.00		1	818336010187
818336011825	I AND DOG KBBLE LMB/BSON	14.4351	14.4351	24.06	HOUSEHOLD/CLEANING	20	5	0.00		1	818336011825
818336011894	I AND CAT KBBLE SLMN/TRT	0.0000	0.0000	0.00	HOUSEHOLD/CLEANING	20	5	0.00		1	818336011894
818336013294	I AND DG KBBL CHKN TRKY	0.0000	0.0000	0.00	HOUSEHOLD/CLEANING	20	5	0.00		1	818336013294
818453013191	MOZZY NET HMK LT	28.1700	28.1700	49.95	CAMPING & OUTDOORS	43	1	2.00		1	818453013191
818453013283	TRUNK TECH HAMMOCK DOUBLE TEAL	42.1000	42.1000	69.95	CAMPING & OUTDOORS	43	1	2.00		1	818453013283
818575020749	T&T TRKY OATS DOG FD	21.2556	21.2556	30.37	HOUSEHOLD/CLEANING	20	5	0.00		1	818575020749
818780011938	ANGIES BCP SWT/SLT KCRN	3.2311	3.2311	5.26	SNACKS - SALTY	15	4	9.00		1	818780011938
818780014229	ANGIES BCP PCRN SWT&SLTY	1.5740	1.6575	2.73	SNACKS - SALTY	15	4	0.00		1	818780014229
818780014397	ANGIES BCP CHDR CHS PCRN	3.2311	3.2311	5.35	SNACKS - SALTY	15	4	12.00		1	818780014397
818876020608	BEE TEA TOWEL	6.5000	6.5000	13.00	HOUSEHOLD/CLEANING	20	2	0.00		1	818876020608
818876020912	ROADRUNNER TEA TOWEL	6.5000	6.5000	13.00	HOUSEHOLD/CLEANING	20	2	-1.00		1	818876020912
818876020929	SNAKE ROCKS GLASS	4.9500	4.9500	11.00	HOUSEHOLD/CLEANING	20	2	0.00		1	818876020929
818876021452	CACTUS TEA TOWEL	6.5000	6.5000	13.00	HOUSEHOLD/CLEANING	20	2	0.00		1	818876021452
818876022770	DESERT ROCKS GLASS	4.9500	4.9500	11.00	HOUSEHOLD/CLEANING	20	2	0.00		1	818876022770
818876023784	JACKALOPE TEA TOWEL	6.5000	6.5000	13.00	HOUSEHOLD/CLEANING	20	2	0.00		1	818876023784
818876028888	BIRD TEA TOWEL	6.5000	6.5000	13.00	HOUSEHOLD/CLEANING	20	2	0.00		1	818876028888
818881002026	TITANIUM SPN/FRK/KNIFE SET	17.0700	17.0700	29.99	HOUSEHOLD/CLEANING	20	2	3.00		1	818881002026
819215020020	WATERLOO GRPFRT SINGL	0.3988	0.3988	0.77	COLD BEVERAGES	7	2	0.00		1	819215020020
819215020037	WATERLOO LEM  LIME SNGL	0.3988	0.3988	0.77	COLD BEVERAGES	7	2	-111.00		1	819215020037
819215020051	WATERLOO BLACK CHERRY SNGL	0.4000	0.4000	0.77	COLD BEVERAGES	7	2	-99.00		1	819215020051
819215020075	WATERLOO WATERMELON SNGL	0.0000	0.4200	0.77	COLD BEVERAGES	7	2	-75.00		1	819215020075
819215020099	WATERLOO PEACH SNGL	0.4200	0.4200	0.77	COLD BEVERAGES	7	2	-92.00		1	819215020099
819215020150	WTRLOO BLK CHRY SPK WTR 8PK	3.8965	3.8965	6.49	COLD BEVERAGES	7	2	0.00		1	819215020150
819215020228	WTRLOO SPRKLNG WTR PEACH	6.0258	6.1073	9.25	COLD BEVERAGES	7	2	12.00		1	819215020228
819215020242	WATERLOO WATERMELON 12 PK	5.9932	6.1073	9.25	COLD BEVERAGES	7	2	11.00		1	819215020242
819215020266	WATERLOO BLACK CHERRY 12 PK	6.0392	6.1073	9.25	COLD BEVERAGES	7	2	12.00		1	819215020266
819215020280	WATERLOO LEM LIME 12 PK	6.0719	6.1073	9.25	COLD BEVERAGES	7	2	14.00		1	819215020280
819215020297	WATERLOO GRAPEFRUIT 12 PK	5.5530	5.5530	9.25	COLD BEVERAGES	7	2	0.00		1	819215020297
819215020457	WATERLOO GRAPE 12 P	0.0000	0.4000	0.77	COLD BEVERAGES	7	2	-26.00		1	819215020457
819215020464	WATERLOO GRAPE 12 PK	6.0345	6.1073	9.25	COLD BEVERAGES	7	2	7.00		1	819215020464
819215020471	WATERLOO STRAWBERRY 12 P	0.5089	0.5089	0.77	COLD BEVERAGES	7	2	7.00		1	819215020471
819215020501	WTRLOO SPRKLNG WTR GRAPE	4.1558	4.1558	6.93	COLD BEVERAGES	7	2	0.00		1	819215020501
819215020723	WATERLOO BLUEBERRY 12 P	0.3976	0.4223	0.77	COLD BEVERAGES	7	2	0.00		1	819215020723
819215020747	WATERLOO SUM BER SING	0.4200	0.4200	0.77	COLD BEVERAGES	7	2	-24.00		1	819215020747
819215020778	WTRLOO SPRKLNG WTR SMR B	5.8934	5.8934	9.25	COLD BEVERAGES	7	2	2.00		1	819215020778
819215020921	WATERLOO PINEAPPLE SNGL	0.4200	0.4200	0.77	COLD BEVERAGES	7	2	0.00		1	819215020921
819215020945	WTRLOO SPRKLNG WTR PNPLE	5.8929	5.8934	9.25	COLD BEVERAGES	7	2	0.00		1	819215020945
819215020990	WTRLOO PINEAPPLE 8-12OZ CAN	3.5700	3.5700	5.35	COLD BEVERAGES	7	2	0.00		1	819215020990
819215021164	WTRLOO SPRKLNG WTR CRNBR	5.5530	5.5530	9.25	COLD BEVERAGES	7	2	0.00		1	819215021164
819215021232	WTRLOO CHERRY LIMEADE	0.4200	0.4200	0.77	COLD BEVERAGES	7	2	-147.00		1	819215021232
819215021249	WTRLOO SPKLG WTR CHRY LM 12 PK	6.0084	6.1073	9.25	COLD BEVERAGES	7	2	17.00		1	819215021249
819215021294	WTRLOO SPK WTR PASSN FRT	0.0000	0.0000	0.00	COLD BEVERAGES	7	2	0.00		1	819215021294
819215021393	WTRLOO CHRY LMADE SPKWTR	3.5010	4.0942	5.83	COLD BEVERAGES	7	2	0.00		1	819215021393
819215021409	WATERLOO BLKBRY LMNDE	0.4200	0.4200	0.77	COLD BEVERAGES	7	2	-98.00		1	819215021409
819215021423	WTRLOO SPK WTR BLKBRY 12 PK	6.0479	6.1073	9.25	COLD BEVERAGES	7	2	11.00		1	819215021423
819215021850	WTRLOO SPICED APPLE SINGLE	0.4200	0.4200	0.77	COLD BEVERAGES	7	2	0.00		1	819215021850
819215021874	WTRLOO SPRK WTR SPC APPL	5.7047	5.8058	9.25	COLD BEVERAGES	7	2	0.00		1	819215021874
819215021997	WTRLOO TROP FRT SPK WTR	0.4200	0.4200	0.77	COLD BEVERAGES	7	2	0.00		1	819215021997
819215022017	WTRLOO SPK WTR GINGR CIT	0.0000	0.0000	0.00	COLD BEVERAGES	7	2	0.00		1	819215022017
819215022048	WTRLOO TROP SNGL	0.4200	0.4200	0.77	COLD BEVERAGES	7	2	-16.00		1	819215022048
819215022055	WATERLOO VANILLA ORANGE	0.4200	0.4200	0.77	COLD BEVERAGES	7	2	0.00		1	819215022055
819215022062	WATERLOO GNGR CIT SNGL	0.4200	0.4200	0.77	COLD BEVERAGES	7	2	-13.00		1	819215022062
819215022093	WTRLOO SPRK WTR TROP FRT	6.0645	6.1073	9.25	COLD BEVERAGES	7	2	5.00		1	819215022093
819215022109	WTRLOO SPRK WTR ORNG VAN	5.8934	5.8934	9.25	COLD BEVERAGES	7	2	0.00		1	819215022109
819215022116	WTRLOO GNGR CTRS SPK WTR	5.8934	5.8934	9.07	COLD BEVERAGES	7	2	1.00		1	819215022116
819215022727	WTRLOO RASP NECT	0.0000	0.0000	0.97	COLD BEVERAGES	7	2	-61.00		1	819215022727
819215022734	WTRLOO SPK WTR RASP NCTR	6.0033	6.1073	9.11	COLD BEVERAGES	7	2	7.00		1	819215022734
819215022741	WTRLOO RASP NCTR SPK WTR	4.1370	4.1558	6.93	COLD BEVERAGES	7	2	0.00		1	819215022741
819215022826	WTRLOO POM ACAI SPK WTR	4.1558	4.1558	6.93	COLD BEVERAGES	7	2	0.00		1	819215022826
819215022857	WTRLOO ROSE SPK WATER	4.1558	4.1558	5.94	COLD BEVERAGES	7	2	0.00		1	819215022857
819215022888	WTRLOO MOJITO SPK WATER	4.1558	4.1558	6.93	COLD BEVERAGES	7	2	0.00		1	819215022888
819215022918	WTRLOO PINA CLDA SPK WTR	0.0000	0.0000	0.00	COLD BEVERAGES	7	2	0.00		1	819215022918
819215023540	WTRLOO RBY RED TANGERINE	0.0000	0.0000	0.00	COLD BEVERAGES	7	2	0.00		1	819215023540
819215023588	WTRLOO SPK WTR GUAVA BRY	5.9128	6.1073	9.11	COLD BEVERAGES	7	2	11.00		1	819215023588
819215023618	WTRLOO GUAVA BERRY	0.0000	0.0000	0.97	COLD BEVERAGES	7	2	-81.00		1	819215023618
819385023319	MTHAGN FRZDR INS COF	9.8644	9.8644	14.15	EDIBLE GROCERY	19	1	5.00		1	819385023319
819385023333	MTHAGN INS COFF 25PK	7.2342	7.2342	11.04	EDIBLE GROCERY	19	1	13.00		1	819385023333
819385023340	MTHAGN COFF DECF 25P	7.1173	7.1953	10.35	EDIBLE GROCERY	19	1	8.00		1	819385023340
819396028235	NYSLIFE USB TYPE C CABLE	0.0000	0.0000	6.99	GENERAL MERCHANDISE	22	10	0.00		1	819396028235
819396028341	HITECH CBL USB C-TYPE	4.3400	4.3400	6.99	GENERAL MERCHANDISE	22	0	0.00		1	819396028341
819396028471	HITECH CAR CBL/CHRGR MICR	11.8100	11.8100	19.99	GENERAL MERCHANDISE	22	10	0.00		1	819396028471
819396028495	HITECH CAR USB DUAL ADAPT	9.4500	9.4500	14.99	GENERAL MERCHANDISE	22	10	0.00		1	819396028495
819396028518	HITECH CBL AUXILARY 6.5FT	9.4500	9.4500	14.99	GENERAL MERCHANDISE	22	10	0.00		1	819396028518
819396028525	HITECH CAR CBL/CHRGR IPHN	12.5700	12.5700	19.99	GENERAL MERCHANDISE	22	10	0.00		1	819396028525
819396028549	HITECH CBL MFI IPHONE 6.5	12.5700	12.5700	19.99	GENERAL MERCHANDISE	22	10	0.00		1	819396028549
819396028556	HITECH CBL USB MICRO 6.5F	6.8500	6.8500	10.99	GENERAL MERCHANDISE	22	10	0.00		1	819396028556
819396028587	HITECH CBL/CHRGR CAR C-TY	11.8100	11.8100	19.99	GENERAL MERCHANDISE	22	10	0.00		1	819396028587
819396028594	HITECH CBL/WALL CHRGR C-T	11.8100	11.8100	19.99	GENERAL MERCHANDISE	22	10	0.00		1	819396028594
819396028600	HITECH CBL C-TYPE 6.5FT	6.8500	6.8500	10.99	GENERAL MERCHANDISE	22	10	0.00		1	819396028600
819519027084	WP SWEET SLICE SOCKS	6.0000	6.0000	12.00	GENERAL MERCHANDISE	22	7	5.00		1	819519027084
819519027114	WP ALL CHOKED UP CREW	6.0000	6.0000	13.00	GENERAL MERCHANDISE	22	7	0.00		1	819519027114
819519027152	WP HYGGE FLORAL	6.0000	6.0000	13.33	GENERAL MERCHANDISE	22	7	-3.00		1	819519027152
819519027176	WP DANISH DEER	6.0000	6.0000	13.33	GENERAL MERCHANDISE	22	7	-4.00		1	819519027176
819525010865	SAVOR GRAIN FREE PRETZELS	0.0000	0.0000	4.58	SNACKS - SALTY	15	3	0.00		1	819525010865
819898010004	BTN RCE CRKR SSLT/CRKPPR	3.4548	3.4548	5.76	SNACKS - SALTY	15	5	0.00		1	819898010004
819898010097	BTN FLTBRD PNK HIM SSLT	2.6410	2.4862	4.14	SNACKS - SALTY	15	5	4.00		1	819898010097
819898010134	BTN CRSPY WHEAT CRACKERS	2.7281	2.4862	4.14	SNACKS - SALTY	15	5	7.00		1	819898010134
819898010141	BTN GAR HRB CRKR	0.0000	0.0000	0.00	SNACKS - SALTY	15	5	0.00		1	819898010141
819898010196	BTN PBTR CRM SNDWCH CKY	3.4502	3.1442	7.28	SNACKS - BAKERY	16	3	4.00		1	819898010196
819898010202	BTN STNGRD WHEATS	2.6621	2.4862	4.14	SNACKS - SALTY	15	5	0.00		1	819898010202
819898010233	BTN HRVST WHEAT CRACKERS	2.8835	2.8835	4.85	SNACKS - SALTY	15	5	0.00		1	819898010233
819898010264	BTN SALTINE CRACKERS	3.4835	3.5420	5.90	SNACKS - SALTY	15	5	0.00		1	819898010264
819898010400	BTN FUDGE MINT COOKIES	3.7158	3.7158	6.19	SNACKS - BAKERY	16	3	9.00		1	819898010400
819898010417	BTN FUDGE STRIPED CKY	3.7158	3.7158	6.19	SNACKS - BAKERY	16	3	4.00		1	819898010417
819898010578	BTN FLTBRD PNK HIMLN SLT	2.4862	2.4862	4.14	SNACKS - SALTY	15	5	0.00		1	819898010578
819898010745	BTN CHOCOLATE CHUNK CKY	4.3681	4.3681	6.24	SNACKS - BAKERY	16	3	2.00		1	819898010745
819898010806	BTN ORG STNGRD CRKRS WHT	2.4862	2.4862	4.14	SNACKS - SALTY	15	5	7.00		1	819898010806
819898011094	BTN FUDGE SHRTBRD CKY	5.1624	5.1624	8.60	SNACKS - BAKERY	16	3	0.00		1	819898011094
819898013432	BTN RSMRY OLV OIL CRKR	3.4548	3.4548	5.13	SNACKS - SALTY	15	5	0.00		1	819898013432
819898014019	BTN CRNBRY HZLNT CRCKRS	4.1887	4.1886	6.98	SNACKS - SALTY	15	5	0.00		1	819898014019
819898014095	BTN WHL LOTTA SEED CRKER	4.2688	4.1886	7.03	SNACKS - SALTY	15	5	0.00		1	819898014095
819898014231	BTN PBTR CHOC CHUNK CKIE	4.3681	4.3681	6.72	SNACKS - BAKERY	16	3	0.00		1	819898014231
819898014248	BTN TRAIL MIX LOADED CKY	5.1624	5.1624	7.37	SNACKS - OTHER	17	2	0.00		1	819898014248
819913011429	JUUL E-LIQ POD VA TOB 4PK	18.9550	18.9550	25.27	TOBACCO, OTHER	3	5	0.00		1	819913011429
819913011566	JUUL USB CHARGER	4.7438	4.7438	6.33	TOBACCO, OTHER	3	5	15.00		1	819913011566
819913011580	JUUL DEVICE KIT SLATE	9.0663	9.0662	11.33	TOBACCO, OTHER	3	5	0.00		1	819913011580
819913011740	JUUL E-LIQ POD VA TOB 4PK	26.3338	26.3338	32.33	TOBACCO, OTHER	3	5	8.00		1	819913011740
819913014987	JUUL E-LIQ POD VA TOB 2PK	16.5861	16.6938	19.35	TOBACCO, OTHER	3	5	20.00		1	819913014987
819913015434	JUUL DEVICE KIT SILVER	9.0663	9.0662	12.09	TOBACCO, OTHER	3	5	11.00		1	819913015434
819942000036	OSKAR BLUES DALES PALE 355ML 6PK	12.2400	12.2400	12.24	LIQUOR STORE	5	1	3.00		1	819942000036
819942002344	OSKAR BLUES DBL DALES 355ML 6PK	10.8800	12.2400	12.24	LIQUOR STORE	5	1	9.00		1	819942002344
822486103644	KATYS WHITE VINEGAR	5.8750	5.8750	9.84	HOUSEHOLD/CLEANING	20	4	4.00		1	822486103644
822486120481	BRUSSEL BOUNTIFUL BAG FRZN	3.8708	3.8708	5.50	FROZEN FOODS	13	3	0.00		1	822486120481
822486188108	VILLA FRIZZ MOZ	6.0000	6.0000	7.99	DAIRY - OTHER	10	1	1.00		1	822486188108
822486236113	VILLA BURRATA CHEESE 8OZ	3.9083	3.9083	5.14	DAIRY - OTHER	10	1	3.00		1	822486236113
824906554067	PEARSON VENISON SUMMER SAUSAGE	6.5900	6.5900	10.99	SNACKS - OTHER	17	1	2.00		1	824906554067
824906555538	PEARSON ELK JERKY .75 OZ	1.7900	1.7900	2.98	SNACKS - OTHER	17	1	0.00		1	824906555538
824906555590	PEARSON BUFFALO SUMMER SAUSAGE	7.7900	7.7900	12.98	SNACKS - OTHER	17	1	1.00		1	824906555590
824906555606	PEARSON ELK SUMMER SAUSAGE	6.5900	6.5900	9.99	SNACKS - OTHER	17	1	3.00		1	824906555606
825325241149	RED WITCH CHEESE	5.2242	5.2242	7.46	DAIRY - OTHER	10	1	0.00		1	825325241149
825325800018	PECORINO ROMANO FULVI	7.3400	7.3400	9.66	DAIRY - OTHER	10	1	2.00		1	825325800018
82540	LIMES. ORG	0.3015	0.2451	0.35	PRODUCE	18	1	270.00		1	82540
826088519155	POTATOES RUBY SENS	3.8833	3.8833	5.55	PRODUCE	18	2	0.00		1	826088519155
826088529116	POTATOES SUNBURST	3.8833	3.8833	5.55	PRODUCE	18	2	0.00		1	826088529116
826088549152	POTATOES PURPLE MAJ	3.4917	3.4917	4.99	PRODUCE	18	2	0.00		1	826088549152
826088599157	POTATOES  SUNRISE MED	3.7750	3.7750	5.39	PRODUCE	18	2	0.00		1	826088599157
826998007421	SPICELY NUTMEG WHOLE	7.6633	7.6633	12.75	EDIBLE GROCERY	19	12	0.00		1	826998007421
828904001356	KIWI 1LB BAG	2.6650	2.6650	3.81	PRODUCE	18	1	0.00		1	828904001356
828904590034	MANDARINE CLEMENTINE	4.3067	4.3067	6.15	PRODUCE	18	1	0.00		1	828904590034
828904658970	BLUEBERRIES HOMEGROWN	2.1917	2.1917	2.99	PRODUCE	18	1	8.00		1	828904658970
828904658994	BERRIES  BLUEBERRIES PINT	3.2417	3.2417	4.63	PRODUCE	18	1	0.00		1	828904658994
828904659786	blueberries 18 oz	7.4500	7.4500	9.93	PRODUCE	18	1	0.00		1	828904659786
829262000074	BOBO's CHOCOLATE CHIP OAT BAR	1.5900	1.5900	2.65	SNACKS - OTHER	17	3	0.00		1	829262000074
829262000234	BOBOS OAT LEM PPYSD GF	2.1930	2.1930	3.65	SNACKS - OTHER	17	3	0.00		1	829262000234
829262000968	BOBOS STFDBR CHOC ALMBTR	2.1504	2.1504	3.58	SNACKS - OTHER	17	3	0.00		1	829262000968
829262001279	BOBOS STRAWBERRY JAM	1.9876	1.9876	3.31	SNACKS - OTHER	17	3	0.00		1	829262001279
829262001286	BOBOS CHOC PEANUT BUTTER	1.9876	1.9876	3.34	SNACKS - OTHER	17	0	0.00		1	829262001286
829262001293	BOBOS BLUBRY LEMON PPYSD	1.9876	1.9876	3.31	SNACKS - OTHER	17	3	0.00		1	829262001293
829262004690	BOBOS PB&JS STRAW JAM	3.9386	3.9386	6.56	SNACKS - OTHER	17	3	0.00		1	829262004690
829515301460	SP VEG WAVY CHIPS	0.0000	0.0000	4.95	SNACKS - SALTY	15	4	-1.00		1	829515301460
829696000466	W P WLD AK PNK SALM NSA	5.7270	5.7223	8.85	EDIBLE GROCERY	19	9	0.00		1	829696000466
829696000473	W P WILD AK PINK SALMON	5.7224	5.7223	8.80	SNACKS - OTHER	17	1	6.00		1	829696000473
829696000800	W P WLD SARDINES IN EVOO	2.0421	2.1865	3.64	SNACKS - OTHER	17	1	0.00		1	829696000800
829696001203	W P WILD ANCHOVIES /EVOO	2.2060	2.2060	3.64	SNACKS - OTHER	17	1	12.00		1	829696001203
829696001210	W P WILD ANCHOVIES /WTR	2.0421	2.0421	3.40	SNACKS - OTHER	17	1	0.00		1	829696001210
829696001319	W P WILD SKIPJCK LT TUNA	2.3295	2.3295	3.83	SNACKS - OTHER	17	1	0.00		1	829696001319
829696001371	W P SHREDDED BEEF	3.8354	3.8341	5.49	SNACKS - OTHER	17	1	1.00		1	829696001371
829696001388	W P SHRED BEEF NOSLT	3.8458	3.8458	6.30	SNACKS - OTHER	17	1	0.00		1	829696001388
829696001708	W P SKNLS BNLS SRDN EVOO	2.3932	2.3932	3.99	SNACKS - OTHER	17	1	0.00		1	829696001708
829696001715	WILD PLAN SARDINES	2.3932	2.3932	3.99	SNACKS - OTHER	17	1	0.00		1	829696001715
829696002200	W P RSTD CHKN BREAST	4.0958	4.0958	6.33	EDIBLE GROCERY	19	9	3.00		1	829696002200
829696004501	W P WLD TUNA BN/CORN SLD	3.9246	3.9246	0.00	EDIBLE GROCERY	19	6	0.00		1	829696004501
829696004518	W P WLD TUNA QNA SALAD	3.9246	3.9246	5.64	SNACKS - OTHER	17	1	8.00		1	829696004518
829696004525	WP WILD TUNA PASTA SALAD	3.9246	3.9246	6.34	SNACKS - OTHER	17	1	11.00		1	829696004525
829696004532	W P WLD TUNA WHT BN SLD	3.9246	3.9246	6.05	SNACKS - OTHER	17	1	0.00		1	829696004532
829808001312	DELICATA SQUASH	1.2825	1.2825	1.97	PRODUCE	18	2	0.00		1	829808001312
830743009011	FORCES HEMORRH XTR	17.7773	17.7773	25.40	HEALTH & BEAUTY CARE	21	0	0.00		1	830743009011
830743009059	FORCES NAIL FUNGUS	15.9976	15.9976	22.85	HEALTH & BEAUTY CARE	21	6	0.00		1	830743009059
831128000609	BIOBAG DOG WASTE BAGS	4.1414	4.1842	6.05	HOUSEHOLD/CLEANING	20	5	3.00		1	831128000609
831153001008	MOAB JIPA CAN 4 PK	1.7854	1.7854	2.25	BEER-GS	4	6	29.00		1	831153001008
831153001206	MOAB BIKE	7.1417	7.1417	10.20	BEER-GS	4	0	10.00		1	831153001206
831153001503	MOAB DEAD HORSE AMBER	1.7854	1.7854	2.25	BEER-GS	4	6	23.00		1	831153001503
831153002906	BEER HAZY IPA MOAB 16 OZ CANs 4 PAC	7.1417	7.1417	9.61	BEER-GS	4	4	17.00		1	831153002906
831153003606	MOAB MIX UP	16.7000	16.7000	18.55	BEER-GS	4	0	0.00		1	831153003606
831153003705	MOAB ESPECIAL	1.8914	6.3100	8.05	BEER-GS	4	6	0.00		1	831153003705
831153004405	MOAB PILS 4 PK	7.1399	7.1417	10.20	BEER-GS	4	6	39.00		1	831153004405
831153005303	MOAB BOUJ	8.6644	7.9167	11.31	BEER-GS	4	0	0.00		1	831153005303
831248002002	DRAMAMINE CHEW TABS ORANG	4.6100	4.6100	6.98	HEALTH & BEAUTY CARE	21	1	3.00		1	831248002002
831248005379	DRAMAMINE NAT NON DROWSY	6.3900	6.3900	10.65	HEALTH & BEAUTY CARE	21	1	0.00		1	831248005379
831344001718	PINEAPPLE COVILLI	4.2875	4.2875	5.72	PRODUCE	18	1	0.00		1	831344001718
834183000836	ALEXIA YUKON PUFFS	5.2134	5.2134	7.45	FROZEN FOODS	13	3	0.00		1	834183000836
834183001024	ALEXIA YKN JULN SALT	5.2134	5.2134	8.53	FROZEN FOODS	13	1	0.00		1	834183001024
834183001055	ALEXIA GLDN ONIONS SSALT	5.8483	5.8496	8.36	FROZEN FOODS	13	0	0.00		1	834183001055
834183001321	ALEXIA WAFFL FRS SSN SLT	4.6234	4.6234	7.71	FROZEN FOODS	13	3	0.00		1	834183001321
834183006999	ALEXIA CRSPY SESND POTPF	6.0052	6.0052	9.07	FROZEN FOODS	13	1	0.00		1	834183006999
834183007057	ALEXIA CRSPY GLDN ON RNG	6.1746	6.1746	8.23	FROZEN FOODS	13	3	7.00		1	834183007057
834183007088	ALEXIA CRSPY POTATO PUFF	4.6234	4.6234	6.60	FROZEN FOODS	13	1	0.00		1	834183007088
834183007149	ALEXIA SWEET POT WFL CUT	6.3439	6.3439	10.57	FROZEN FOODS	13	1	0.00		1	834183007149
834183007170	ALEXIA SWT POT CRSPY PUF	6.2289	6.2289	9.82	FROZEN FOODS	13	3	0.00		1	834183007170
834183100253	ALEXIA RSMRY SSLT FRIES	4.9735	4.9735	6.63	FROZEN FOODS	13	1	12.00		1	834183100253
834706000213	BEE PROPOLIS NASAL SPRAY	8.9956	8.9956	0.00	EDI/UNKNOWN	99	0	0.00		1	834706000213
835143000019	TEAS TEA GREEN TEA	1.5018	1.2240	2.45	COLD BEVERAGES	7	6	21.00		1	835143000019
835143000026	TEAS TEA GRN T JSMNE	1.2825	1.2240	2.45	COLD BEVERAGES	7	6	7.00		1	835143000026
835143000033	TEAS TEA GLDN OOLONG	1.9821	1.9839	3.18	COLD BEVERAGES	7	6	0.00		1	835143000033
835143001795	ITO EN JASMINE GREEN TEA	1.6202	1.6202	2.73	COLD BEVERAGES	7	6	0.00		1	835143001795
835143012654	TEAS TEA CLDBW GREEN	0.0000	0.0000	0.00	COLD BEVERAGES	7	6	0.00		1	835143012654
835229001305	ABSOLUTE CITRON 750ML	0.0000	21.9900	21.99	LIQUOR STORE	5	3	10.00		1	835229001305
835302000218	CALED BEEF LIVER DOG TRT	6.7783	6.7783	10.27	HOUSEHOLD/CLEANING	20	5	0.00		1	835302000218
835302000843	CALED BF TNDRSTCK DOGTRT	6.7783	6.7783	10.43	HOUSEHOLD/CLEANING	20	5	0.00		1	835302000843
835302003134	CALED CHK JERKY DOGTRT	6.1822	6.1822	9.51	HOUSEHOLD/CLEANING	20	5	0.00		1	835302003134
836093011025	IZZE BLACKBERRY	0.9950	0.9950	1.51	COLD BEVERAGES	7	2	0.00		1	836093011025
836093011049	IZZE GRAPEFRUIT	0.9984	0.9984	1.38	COLD BEVERAGES	7	2	0.00		1	836093011049
836093011056	IZZE CLEMENTINE	0.9950	0.9950	1.51	COLD BEVERAGES	7	2	0.00		1	836093011056
836093011070	IZZE APPLE	0.5475	0.5475	0.91	COLD BEVERAGES	7	2	0.00		1	836093011070
836093011087	IZZE JCE SPK POMEGRA	0.8975	0.8975	1.50	COLD BEVERAGES	7	2	0.00		1	836093011087
836093011346	IZZE STRAW SPKLNG S62082	4.2271	4.2271	6.04	COLD BEVERAGES	7	1	0.00		1	836093011346
836093011353	IZZE STRWBRY	0.9000	0.9000	1.50	COLD BEVERAGES	7	2	0.00		1	836093011353
836093012022	IZZE SPARKLNG BLACKBERRY	3.9808	3.9808	6.63	COLD BEVERAGES	7	4	0.00		1	836093012022
836093012053	IZZE SPARKLNG CLEMENTINE	3.9808	3.9808	6.63	COLD BEVERAGES	7	4	0.00		1	836093012053
839172000200	BLM LATTE CCNT MTCHA	15.4141	15.4141	20.02	EDIBLE GROCERY	19	1	0.00		1	839172000200
839172000217	BLM BLUE LAV SPRFD	14.3024	13.7392	20.04	EDIBLE GROCERY	19	1	0.00		1	839172000217
840045200696	ROGUE PEPPERMINT	5.4280	5.4280	9.09	TOBACCO, OTHER	3	1	0.00		1	840045200696
840045200726	ROGUE WINTERGREEN 3MG	0.0000	0.0000	6.99	TOBACCO, OTHER	3	0	0.00		1	840045200726
840045200870	ROGUE POUCH SPEARMINT	5.4280	5.4280	9.09	TOBACCO, OTHER	3	1	0.00		1	840045200870
840048202963	JUUL E-LIQ POD CLS MENT 4	24.6525	24.6525	29.07	TOBACCO, OTHER	3	5	0.00		1	840048202963
840048219619	JUUL 1 PK	0.0000	0.0000	10.00	EDI/UNKNOWN	99	0	-8.00		1	840048219619
840056928466	COAL HAT GREY	14.6700	14.6700	26.00	GENERAL MERCHANDISE	22	7	2.00		1	840056928466
840056928497	COAL  BLACK HAT	14.6700	14.6700	26.00	GENERAL MERCHANDISE	22	7	3.00		1	840056928497
840056928619	COAL ORANGE HAT	14.6700	14.6700	26.00	GENERAL MERCHANDISE	22	7	0.00		1	840056928619
840095888608	RECHARG BATT AA	8.3900	8.3900	11.19	GENERAL MERCHANDISE	22	10	0.00		1	840095888608
840170600422	VELO PCH PEPPERMINT	4.4920	4.4920	7.39	TOBACCO, OTHER	3	1	0.00		1	840170600422
840170600606	VELO PCH SPEARMINT	4.4920	4.4920	7.39	TOBACCO, OTHER	3	1	0.00		1	840170600606
840170600811	VELO PCH CITRUS BURST	4.3800	4.3800	7.39	TOBACCO, OTHER	3	1	0.00		1	840170600811
840170601085	VELO PCH WINTERGREEN	4.4867	4.4920	7.39	TOBACCO, OTHER	3	1	0.00		1	840170601085
840170618021	VELO PLUS PCH WINTERGREEN	5.1660	5.1660	8.69	TOBACCO, OTHER	3	1	0.00		1	840170618021
840170618052	VELO PLUS PCH WINTERGREEN	5.1660	5.1660	8.69	TOBACCO, OTHER	3	1	0.00		1	840170618052
840170618083	VELO PLUS PCH MINT	5.1660	5.1660	8.69	TOBACCO, OTHER	3	1	2.00		1	840170618083
840170618113	VELO PLUS PCH MINT 9MG	5.1660	5.1660	8.69	TOBACCO, OTHER	3	1	4.00		1	840170618113
840170618144	VELO PLUS PCH SPEARMINT	5.1660	5.1660	8.69	TOBACCO, OTHER	3	1	-1.00		1	840170618144
840170618175	VELO PLUS PCH SPEARMINT 9	5.1660	5.1660	8.69	TOBACCO, OTHER	3	1	0.00		1	840170618175
840170618205	VELO PLUS PCH PEPPERMINT	5.1660	5.1660	8.69	TOBACCO, OTHER	3	1	3.00		1	840170618205
840170618236	VELO PLUS PCH PEPPERMINT	5.1660	5.1660	8.69	TOBACCO, OTHER	3	1	0.00		1	840170618236
840170618267	VELO PLUS PCH CITRUS CHIL	5.1660	5.1660	8.69	TOBACCO, OTHER	3	1	2.00		1	840170618267
840170618298	VELO PLUS PCH CITRUS CHIL	5.1660	5.1660	8.69	TOBACCO, OTHER	3	1	0.00		1	840170618298
840171500028	POTATOES YELLOW OG	6.4900	6.4900	10.27	PRODUCE	18	2	0.00		1	840171500028
840171500035	LIVORGANICS RED POTATOES	6.2300	6.2300	7.79	PRODUCE	18	2	0.00		1	840171500035
840171500042	YUKON GOLD  3 LB ORG	3.4125	3.4125	4.27	PRODUCE	18	2	0.00		1	840171500042
840171500059	POTATOES RED OG 3LB	3.8063	3.8062	4.94	PRODUCE	18	2	0.00		1	840171500059
840171505023	RUSSET POTS 5LB	3.7600	3.7600	5.01	PRODUCE	18	2	0.00		1	840171505023
840290700132	SIGGIS WHL MLK VAN YOG	5.6907	5.6907	0.00	EDI/UNKNOWN	99	0	0.00		1	840290700132
840379101416	JSTN DK CHOC ALMOND	1.8226	1.8226	2.60	CANDY	8	2	6.00		1	840379101416
840379101973	JSTN DK/CHC PBTR CUP	1.7505	1.7505	2.92	CANDY	8	2	0.00		1	840379101973
840379102284	JSTN DKCHOC PBTR CUP	4.3104	4.3104	7.18	CANDY	8	2	0.00		1	840379102284
840379102536	JSTN DK CHOC PBTR PC	1.8120	1.8121	2.57	CANDY	8	2	14.00		1	840379102536
841058005193	EDGE SHAVE GEL SENSITIVE	1.9000	1.9000	3.19	HEALTH & BEAUTY CARE	21	6	0.00		1	841058005193
8411493001177	CARO CHOCO ORANGE SLICE IND	0.3850	0.3850	0.64	CANDY	8	2	-1.00		1	8411493001177
841214101455	TOMATO  GRAPE ROWDY RABBIT	2.1583	2.1583	3.00	PRODUCE	18	2	2.00		1	841214101455
841320100533	ALAF SOAP BAR SHEA LAV	3.5593	3.5593	5.08	HEALTH & BEAUTY CARE	21	6	0.00		1	841320100533
841320102636	ALAF BLK SOAP ECLP TTREE	9.4429	9.4429	0.00	EDI/UNKNOWN	99	0	0.00		1	841320102636
842096100314	ALOHA BAR CHOCO CRML	2.3875	2.3875	3.41	SNACKS - OTHER	17	3	10.00		1	842096100314
842096100703	ALOG BAR LEM CASHEW	2.2446	2.2530	3.66	SNACKS - OTHER	17	3	0.00		1	842096100703
842096102226	ALOH CHOC MINT BAR	2.3683	2.3875	3.66	SNACKS - OTHER	17	3	10.00		1	842096102226
842096106101	ALOHA CCHIP CKY DGH	2.1946	2.1946	3.66	SNACKS - OTHER	17	3	0.00		1	842096106101
842234002111	GARDEIN MINI CB CAKES	0.0000	0.0000	5.21	FROZEN FOODS	13	0	0.00		1	842234002111
8427646100864	LARCHAGO RESERVA RIO 750ML	22.9900	22.9900	22.99	LIQUOR STORE	5	2	0.00		1	8427646100864
843076000136	LAKAN SF 55% CHOCOLATE	4.4203	4.4203	7.37	CANDY	8	2	0.00		1	843076000136
843076000150	LAKAN SF CHOC/COCOA NIBS	4.4662	4.4662	7.44	CANDY	8	2	0.00		1	843076000150
843369100543	BARN CHOC PB BAN BIT	4.0667	4.0667	6.78	SNACKS - SALTY	15	0	0.00		1	843369100543
843369101649	BARN HIM PNK SLT PLANTAN	2.8570	2.8570	4.76	SNACKS - SALTY	15	2	0.00		1	843369101649
843369101946	BARN SSLT PLNTN CRSP	3.7650	3.7650	6.27	SNACKS - SALTY	15	1	0.00		1	843369101946
843369102660	BARN PLNTNSCP PNKSLT	3.8041	3.8041	6.34	SNACKS - SALTY	15	0	0.00		1	843369102660
8437003304439	MIQUEL PONS CAVA BRUT 750ML	13.9900	13.9900	13.99	LIQUOR STORE	5	2	-25.00		1	8437003304439
843700766049	CONQUILLA CAVA BRUT 750ML	17.9900	17.9900	17.99	LIQUOR STORE	5	2	12.00		1	843700766049
843750100039	PRESIDENTE BRANDY	20.1800	20.1800	20.18	LIQUOR STORE	5	3	0.00		1	843750100039
845561001338	LOMA PLT BS HEARTY SPAG	0.0000	0.0000	0.00	EDIBLE GROCERY	19	6	0.00		1	845561001338
845777018038	ACA PPRMNT MOCHA BARK	5.0829	5.0829	7.29	CANDY	8	2	2.00		1	845777018038
845777018311	ACA CKIES&CRM KNOTTY GRM	3.7684	3.7684	5.51	SNACKS - BAKERY	16	3	0.00		1	845777018311
845777018977	ACA CHOC TRUFFLE CONES	0.0000	0.0000	0.00	CANDY	8	2	0.00		1	845777018977
845777180148	ACA CANDY BAR BARK	3.7393	3.7392	5.97	CANDY	8	2	0.00		1	845777180148
846036000306	NBE NAIL POLISH RMVR WIPE	3.3825	3.4000	5.19	HEALTH & BEAUTY CARE	21	10	4.00		1	846036000306
846036006629	NBE CALAMINE LOTION	3.1800	3.1800	5.09	HEALTH & BEAUTY CARE	21	10	0.00		1	846036006629
846036006919	NBE VAPO INHALER	3.7800	3.7800	6.29	HEALTH & BEAUTY CARE	21	10	0.00		1	846036006919
846558000044	POMI TOMATO SAUCE	1.7091	1.6078	4.12	EDIBLE GROCERY	19	9	12.00		1	846558000044
846647006698	KLYMIT INSULATED PAD	65.4700	65.4700	99.99	CAMPING & OUTDOORS	43	1	1.00		1	846647006698
846647009538	INSULATED STATIC v2 SAFRON	66.4000	66.4000	94.86	CAMPING & OUTDOORS	43	1	2.00		1	846647009538
846670000885	AIYA MATCHA TO GO STKS	10.4844	11.0111	16.94	EDIBLE GROCERY	19	1	1.00		1	846670000885
847159001935	DAY OWL ROSE WINE 750ML	14.9900	14.9900	12.99	LIQUOR STORE	5	2	7.00		1	847159001935
847280062362	OW STNLS STL BTL SHY MAR	18.1592	18.1592	30.27	CAMPING & OUTDOORS	43	0	0.00		1	847280062362
847280071944	OW STNLS STEEL BTL TEAL	0.0000	0.0000	0.00	CAMPING & OUTDOORS	43	5	0.00		1	847280071944
847972000009	MALDON SEA SALT FLAKES	4.9452	4.9452	7.36	EDIBLE GROCERY	19	12	7.00		1	847972000009
848206064453	LPDF CHSTNT CRSP BRD	5.0294	5.0294	8.38	SNACKS - SALTY	15	5	0.00		1	848206064453
848206095815	i<3NATURE VEGGIE DELIGHT	0.0000	0.0000	3.50	SNACKS - OTHER	17	0	0.00		1	848206095815
848375002089	HOUSE SAUV BLANC BOX 3000ML	22.9900	22.9900	22.99	LIQUOR STORE	5	2	0.00		1	848375002089
848375004564	HOUSE WINE CHARD CAN	4.9900	4.9900	4.99	LIQUOR STORE	5	2	5.00		1	848375004564
848375004991	HOUSE WINE BRUT BUB CAN 355ML SNGL	4.9900	4.9900	4.99	LIQUOR STORE	5	2	0.00		1	848375004991
848375005141	HOUSE WINE CAN BRUT BUB 355ML SNGL	4.9900	4.9900	4.92	LIQUOR STORE	5	2	0.00		1	848375005141
848375005158	WASHINGTON HILLS DRY REISLING 750ML	0.0000	12.9900	12.99	LIQUOR STORE	5	2	13.00		1	848375005158
848375008388	BROWNE FAMILY MERLOT 750ML	32.9900	32.9900	32.99	LIQUOR STORE	5	2	0.00		1	848375008388
848375008531	HOUSE WINE ROSE BUBBLES 750ML	0.0000	9.9900	9.99	LIQUOR STORE	5	2	0.00		1	848375008531
848858009710	POO POURRI AIR FRESHNER	5.7250	5.7250	9.54	HOUSEHOLD/CLEANING	20	3	0.00		1	848858009710
849205000589	VUSE SOLO OG	10.8500	15.5700	20.76	TOBACCO, OTHER	3	5	0.00		1	849205000589
849205015415	VUSE VIBE MENTHOL	23.0520	23.3760	25.97	TOBACCO, OTHER	3	5	95.00		1	849205015415
849205015422	VUSE VIBE MENTH BOX	100.3500	112.4100	130.00	TOBACCO, OTHER	3	5	-19.00		1	849205015422
849205017150	VUSE VIBE E-CIG PUK	11.7300	11.7300	13.03	TOBACCO, OTHER	3	5	0.00		1	849205017150
849205017167	VUSE VIBE POWER KIT BOX	58.6800	58.6800	67.00	TOBACCO, OTHER	3	5	0.00		1	849205017167
849327000290	NTRL GROCERS EGGS	0.0000	0.0000	4.55	DAIRY - OTHER	10	2	0.00		1	849327000290
849429002185	ZEVIA SODA	0.0000	0.0000	9.25	COLD BEVERAGES	7	1	0.00		1	849429002185
849547022485	B&L DOG FOOD WET CHIX/RIC	2.5481	2.5496	4.19	HOUSEHOLD/CLEANING	20	5	5.00		1	849547022485
849547022492	B&L DOG FOOD WET CHIX/VEG	2.2900	2.2900	4.29	HOUSEHOLD/CLEANING	20	5	13.00		1	849547022492
849547039018	B&L DG FD LAMB ML BRN RC	11.4536	11.4536	16.36	HOUSEHOLD/CLEANING	20	5	5.00		1	849547039018
849547039384	B&L CT FD DUCK ML HERRNG	14.1360	14.1360	20.19	HOUSEHOLD/CLEANING	20	5	3.00		1	849547039384
850000429093	BBELL CRML CSHW PRTN BAR	2.4677	2.4677	4.11	SNACKS - OTHER	17	3	12.00		1	850000429093
850000429222	BBELL BR PRTN HZNUT NGAT	0.0000	0.0000	0.00	SNACKS - OTHER	17	3	0.00		1	850000429222
850000429413	BBELL CRMY CRISP PRTN BR	0.0000	0.0000	0.00	EDI/UNKNOWN	99	0	0.00		1	850000429413
850001022934	HK DOG TRT LVR CHIP CHKN	7.0086	7.0086	10.01	HOUSEHOLD/CLEANING	20	5	0.00		1	850001022934
850001124027	TUCSON TAMALE GRN CHILI/C	2.6213	2.6213	4.39	FROZEN FOODS	13	1	0.00		1	850001124027
850001124034	TTC TAMALES BRKFST SAUSG	2.9175	2.9175	4.86	FROZEN FOODS	13	1	0.00		1	850001124034
850001271875	BMBNAT DIAPERS SIZE 5	11.2604	11.4479	16.41	HEALTH & BEAUTY CARE	21	5	7.00		1	850001271875
850002567458	RAAKA OG2 BAR MINI OTMLK	0.5848	0.5871	0.95	CANDY	8	2	49.00		1	850002567458
850002567809	RAAKA VAN WFL CN	2.7595	2.7595	4.60	CANDY	8	2	0.00		1	850002567809
850002567816	RAAKA DK CHOC WFL CN	2.7595	2.7595	4.60	CANDY	8	2	0.00		1	850002567816
850002887464	MS PEANUT BUTTER CEREAL	7.3227	7.3570	10.27	EDIBLE GROCERY	19	2	3.00		1	850002887464
850003023458	OG2 HRMLS CNT YOG PLAIN	6.6000	6.6341	0.00	EDI/UNKNOWN	99	0	0.00		1	850003023458
850003636061	CHEDDIES SPICY CHED CRKRS	0.0000	0.0000	5.49	SNACKS - SALTY	15	5	-1.00		1	850003636061
850003797007	CLN CS YM RASPBERRY	2.3105	2.3105	3.85	COLD BEVERAGES	7	6	0.00		1	850003797007
850003797014	CLN CS YM BLACKBERRY	2.1524	2.0577	3.85	COLD BEVERAGES	7	6	27.00		1	850003797014
850003797021	CLEAN CAUSE  YMATE PEACH	2.0819	2.0577	3.30	COLD BEVERAGES	7	6	74.00		1	850003797021
850003797038	CLEAN CAUSE YMATE LMN LIM	2.0585	2.0577	3.85	COLD BEVERAGES	7	6	41.00		1	850003797038
850003797267	CLN CS YRBA WTRML MT	1.7268	1.6630	3.43	COLD BEVERAGES	7	6	0.00		1	850003797267
850003797281	CLN CS YRBA CHRY LME	2.3105	2.3105	3.85	COLD BEVERAGES	7	6	1.00		1	850003797281
850003797304	CLN CS YRBA ORG GNGR	2.1775	2.0577	3.85	COLD BEVERAGES	7	6	32.00		1	850003797304
850003797694	CLN YRBA MTE MNT HNY	2.3105	2.3105	3.30	COLD BEVERAGES	7	6	-1.00		1	850003797694
850003797700	CLN YRBA MTE BLU BRY	2.1986	2.0577	3.43	COLD BEVERAGES	7	6	48.00		1	850003797700
850003797724	OG2 CLN YRBA MTE LMADE T	2.3105	2.3105	0.00	EDI/UNKNOWN	99	0	0.00		1	850003797724
850004207789	BEYOND MBALLS	0.0000	0.0000	7.50	FROZEN FOODS	13	0	0.00		1	850004207789
850004639450	PRIMKI BEEF MUSHRM BOWL	5.7923	5.7923	9.65	FROZEN FOODS	13	1	0.00		1	850004639450
850004681008	LEVEL CROSS SUSS RYE 473ML 4PK	9.3333	14.0000	14.00	LIQUOR STORE	5	1	9.00		1	850004681008
850004681015	LEVEL CROSS DALLAS 473ML 4PK	15.1200	18.9000	18.90	LIQUOR STORE	5	1	4.00		1	850004681015
850004681039	LEVEL CROSS JAZZ 473ML 4PK	17.9400	17.9400	17.94	LIQUOR STORE	5	1	4.00		1	850004681039
850005100232	PPBTL CLDBRW ALM THA	3.1250	3.1250	5.21	COLD BEVERAGES	7	5	-3.00		1	850005100232
850005100256	PPBTL GTEA LATE/MCHA	2.6388	2.6987	4.15	COLD BEVERAGES	7	6	35.00		1	850005100256
850005100263	PPBTL C/BRW CRMLATTE	2.5862	2.6987	3.80	COLD BEVERAGES	7	6	29.00		1	850005100263
850005100867	PPBTL LT RST CLDBREW	5.1756	5.1756	7.39	COLD BEVERAGES	7	5	0.00		1	850005100867
850005100928	PPBTL LATTE ALM PMPK	0.0000	0.0000	0.00	COLD BEVERAGES	7	5	0.00		1	850005100928
850005238003	MNNA SPRK TEA TROP	1.9798	1.9798	3.24	COLD BEVERAGES	7	6	0.00		1	850005238003
850005238027	MNNA SPRK TEA LIME	1.9798	1.9798	3.24	COLD BEVERAGES	7	6	-1.00		1	850005238027
850005414070	MUSTLOVE CREAMY CHOC ND	4.7920	4.7920	6.39	ICE CREAM	12	3	0.00		1	850005414070
850005872016	VANLEE ICRM BLK CHRY CHP	5.3535	5.3535	7.96	ICE CREAM	12	1	3.00		1	850005872016
850005872047	VANLEE ND CKIE & CRM CAR	5.7846	5.7846	7.71	ICE CREAM	12	3	0.00		1	850005872047
850005872085	VANLEE ND DSRT CCHP CKYD	5.3535	5.3535	7.14	ICE CREAM	12	3	0.00		1	850005872085
850005872108	VANLEE ND DSRT SCLPISTCH	5.3984	5.3984	7.20	ICE CREAM	12	3	0.00		1	850005872108
850005872139	VAN LEE VG FDST PB BR HCB	4.8219	4.8219	6.43	ICE CREAM	12	1	0.00		1	850005872139
850005872160	VANLEE ICE CRM EARL GREY	5.9736	5.9736	7.96	ICE CREAM	12	1	3.00		1	850005872160
850005872177	VANLEE ICRM COOKIES/CRM	5.9736	5.9736	8.53	ICE CREAM	12	1	1.00		1	850005872177
850005872184	VAN LEE VAN	5.3535	5.3535	7.96	ICE CREAM	12	1	0.00		1	850005872184
850005872191	VAN LEE HONEYCOMB	5.9736	5.9736	7.96	ICE CREAM	12	1	-1.00		1	850005872191
850005872207	VAN LEE SCLAN PSTACH	5.3984	5.3984	7.20	ICE CREAM	12	1	0.00		1	850005872207
850005872221	VANLEE ICRM CCHP CKY DGH	5.3535	5.3535	7.14	ICE CREAM	12	1	4.00		1	850005872221
850005872238	VANL ICRM STRAWBERRY	0.0000	0.0000	0.00	ICE CREAM	12	1	0.00		1	850005872238
850005872245	VAN LEE MINT CHIP	5.9736	5.9736	8.53	ICE CREAM	12	1	0.00		1	850005872245
850005872252	VANL ICE CRM PB BROWNIE	5.9736	5.9736	7.96	ICE CREAM	12	1	0.00		1	850005872252
850005872269	VANL ICRM CHOCO CARMEL	5.9736	5.9736	7.96	ICE CREAM	12	1	0.00		1	850005872269
850005872276	VANL ICRM PEPPRMNT STK	0.0000	0.0000	0.00	ICE CREAM	12	1	0.00		1	850005872276
850005872283	VANL ICRM PUMPKN CHSCK	5.3535	5.3535	7.14	ICE CREAM	12	1	0.00		1	850005872283
850005872290	VANL ICRM BRN/SGR CHNK	5.4224	5.3535	8.53	ICE CREAM	12	1	4.00		1	850005872290
850005872313	VANLEE OATMLK CRML CKY	5.3984	5.3984	7.20	ICE CREAM	12	3	0.00		1	850005872313
850005872320	VANLEE FZ DS VG BRWN SGR	5.8447	5.8447	7.79	ICE CREAM	12	1	0.00		1	850005872320
850005872337	VANLEE FZ DS CKY DGH CHK	5.7846	5.7846	7.71	ICE CREAM	12	3	0.00		1	850005872337
850005872368	VANLEE FZ DS BRN SND RSP	5.7846	5.7846	7.71	ICE CREAM	12	3	0.00		1	850005872368
850005872375	VANL ND DSRT PMKN CINN	5.9736	5.9736	7.96	ICE CREAM	12	3	0.00		1	850005872375
850005872382	VANLEE FRZ DSRT APL PIE	5.8034	5.8034	7.74	ICE CREAM	12	1	0.00		1	850005872382
850005872412	VANLEE ICRM MRNBRRY CHZK	5.8447	5.8447	7.79	ICE CREAM	12	1	0.00		1	850005872412
850005872429	VANL TOFF BRN SGR 3CT	0.0000	0.0000	0.00	ICE CREAM	12	2	0.00		1	850005872429
850005872450	VANLEE ICRM PRLN BTR CKE	5.8447	5.8447	7.79	ICE CREAM	12	1	0.00		1	850005872450
850005872566	VANLEE BTRMLK BRY CRNBRD	5.9736	5.9736	7.96	ICE CREAM	12	1	0.00		1	850005872566
850005872726	VANLEE ICRM LEM PPYSD MF	5.9736	5.9736	7.96	ICE CREAM	12	1	0.00		1	850005872726
850005872740	VANL ICRM DBLCHC CHSCK	3.4994	3.4994	4.67	ICE CREAM	12	1	1.00		1	850005872740
850005872757	VANL ICRM HNYCMB CRML	3.4994	3.4994	5.00	ICE CREAM	12	2	0.00		1	850005872757
850005872764	VANL FRDS VGNHNY SNKDL	3.4994	3.4994	5.38	ICE CREAM	12	2	1.00		1	850005872764
850005872948	VANL ICRM COFF AFFGATO	5.9736	5.9736	7.96	ICE CREAM	12	1	0.00		1	850005872948
850005872955	VANL DULCE DE BRWNI ICRM	5.3180	5.2493	7.74	ICE CREAM	12	2	6.00		1	850005872955
850006103416	LUCI LATTERN	17.6400	17.6400	29.40	CAMPING & OUTDOORS	43	1	1.00		1	850006103416
850006103423	LUCI ORGNL	17.6400	17.6400	29.40	CAMPING & OUTDOORS	43	1	2.00		1	850006103423
850006114481	JOOL MDJL DATE PITTD	4.8049	4.8398	7.98	SNACKS - OTHER	17	4	0.00		1	850006114481
850006293148	EVOLVED KETO NUT BTR CHC	3.2773	3.2773	5.46	CANDY	8	2	0.00		1	850006293148
850006389254	MATTER CUTLERY VARIETY	5.3371	5.4381	8.37	HOUSEHOLD/CLEANING	20	2	0.00		1	850006389254
850006883004	BACH ORIGNL JAPS BBQ SCE	6.5384	6.5384	9.49	EDIBLE GROCERY	19	7	6.00		1	850006883004
850006883271	BACH MISO JPNSE BBQ SCE	6.5384	6.5384	10.04	EDIBLE GROCERY	19	7	6.00		1	850006883271
850007042110	SUPER COFFFEE COC MOCHA	2.2500	2.2500	3.76	COLD BEVERAGES	7	5	0.00		1	850007042110
850008185007	SILVER REEF OKT	8.3500	8.3500	11.93	BEER-GS	4	5	0.00		1	850008185007
850008185021	SILVER R AQUA DEL DIABLO	8.3500	8.3500	12.54	BEER-GS	4	5	10.00		1	850008185021
850008185038	SILVER REEF RED 6PK CAN	8.3500	8.3500	11.93	BEER-GS	4	5	0.00		1	850008185038
850008185045	SILVER R FRESH AND JUICY IPA	8.7221	8.7500	12.50	BEER-GS	4	5	10.00		1	850008185045
850008185076	SILVER REEF AMBER 6PK CAN	8.3500	8.3500	11.93	BEER-GS	4	5	13.00		1	850008185076
850008216046	SALT ME! SOUR CREAM & ONION CHIP	0.0000	0.0000	4.15	SNACKS - SALTY	15	1	0.00		1	850008216046
850008457173	BEAN CHIPS SOUR CREAM ON	2.9759	2.9758	4.96	SNACKS - SALTY	15	1	0.00		1	850008457173
850009647993	HU COOKIES GF SNKERDOODL	4.2013	4.2013	7.00	SNACKS - BAKERY	16	3	0.00		1	850009647993
850009883049	CH DF ENJOYMINT FOR ALL	5.0193	5.0193	6.69	ICE CREAM	12	3	0.00		1	850009883049
850009883162	COOLHAUS CHURRO DG CONE	4.6848	4.6848	6.25	ICE CREAM	12	2	0.00		1	850009883162
850010149189	FLOCK CHKN SKIN CHP ORIG	4.4107	4.4107	7.35	SNACKS - SALTY	15	0	0.00		1	850010149189
850011288375	GDC COTTAGE CHS CLSSC 2%	5.1137	5.1137	0.00	EDI/UNKNOWN	99	0	0.00		1	850011288375
850011288665	GDC SOUR CREAM	3.6274	3.6274	5.18	DAIRY - OTHER	10	0	2.00		1	850011288665
850011611678	TREK INSECT REPELLENT	7.5000	7.5000	12.50	CAMPING & OUTDOORS	43	0	11.00		1	850011611678
850011828564	TNYS BR MLK CRM PRTZ SLT	4.0586	4.0586	5.80	CANDY	8	2	0.00		1	850011828564
850011910023	GRLO PCKL DE GALLO MILD	3.8511	3.8511	5.92	EDIBLE GROCERY	19	7	0.00		1	850011910023
850011910047	PICO DE GALLO HOT	3.7846	3.7846	5.76	GRAB & GO FOODS	11	3	0.00		1	850011910047
850011910061	GRLO PCKL DE GALLO MED	3.7846	3.7846	6.31	GRAB & GO FOODS	11	3	0.00		1	850011910061
850011911440	REDS SAUS EGG CHS SNDWCH	2.7728	2.7728	3.85	GRAB & GO FOODS	11	1	0.00		1	850011911440
850011911464	REDS TKY SAUS EG CHS SND	2.7326	2.7728	4.62	FROZEN FOODS	13	1	4.00		1	850011911464
850011911785	REDS TRKY SAUS EGG SNDWH	2.5342	2.5342	4.22	FROZEN FOODS	13	1	12.00		1	850011911785
850011911792	REDS CHKN MPLE EGG SNDWH	2.5342	2.5342	4.22	FROZEN FOODS	13	1	12.00		1	850011911792
850011911907	REDS CIABATTA CHKN MPL SAND	2.5300	2.5300	4.22	GRAB & GO FOODS	11	1	-6.00		1	850011911907
850011911914	REDS  TURKEY SAUSAGE SAND	2.5300	2.5300	4.22	GRAB & GO FOODS	11	1	-3.00		1	850011911914
850011996218	OG2 OM MSHRM MSTR BLND	25.6156	25.6156	0.00	EDI/UNKNOWN	99	0	0.00		1	850011996218
850012117179	TRUFRU PBTR&DK CHOC BAN	7.3132	7.3132	9.75	FROZEN FOODS	13	2	2.00		1	850012117179
850013048007	MIYOKOS OATMILK BUTT	0.0000	0.0000	5.62	DAIRY - OTHER	10	3	0.00		1	850013048007
850013048076	MIYOKOS VG CHED SHRED	0.0000	4.3700	6.24	DAIRY - OTHER	10	3	0.00		1	850013048076
850013082315	FORAGE TPCHE HIBISCS	2.1087	2.1087	3.51	COLD BEVERAGES	7	6	10.00		1	850013082315
850014619053	TOMATOES  GRAPE CACHE	2.4417	2.4417	3.49	PRODUCE	18	0	0.00		1	850014619053
850014619299	TOMATOES  GRAPE CACHE	1.9417	1.9417	2.77	PRODUCE	18	2	0.00		1	850014619299
850015096006	ALC ICRM TAHITI VANB	6.7698	6.7698	9.67	ICE CREAM	12	1	0.00		1	850015096006
850015096020	ALC SLT DK CHOC ICRM	6.6981	6.6981	8.93	ICE CREAM	12	1	0.00		1	850015096020
850015096051	ALC COFF TOFFEE ICRM	6.7010	6.6981	9.03	ICE CREAM	12	1	1.00		1	850015096051
850015096068	ALC ICRM HNY BBRY LV	6.7698	6.7698	9.03	ICE CREAM	12	1	0.00		1	850015096068
850015096075	ALC MTCHA CHC CHP IC	6.7698	6.7698	9.03	ICE CREAM	12	1	0.00		1	850015096075
850015096099	ALC ICR PBFDG HNYCMB	6.7698	6.7698	9.03	ICE CREAM	12	1	0.00		1	850015096099
850015096105	ALC MEYER LEMON CKY	6.6424	6.6981	8.93	ICE CREAM	12	1	0.00		1	850015096105
850015096112	ALC MPL CRDMM CNDPCN	6.7124	6.6981	9.03	ICE CREAM	12	1	1.00		1	850015096112
850015096136	ALC SEA SALT CARAMEL	0.0000	0.0000	0.00	ICE CREAM	12	1	0.00		1	850015096136
850015096143	ALC PCH COBBLR ICRM	0.0000	0.0000	0.00	ICE CREAM	12	1	0.00		1	850015096143
850015096150	ALC PISTACH CRNCH	0.0000	0.0000	0.00	ICE CREAM	12	1	0.00		1	850015096150
850015096174	ALC TRPL CHCBLKT CKY	6.6689	6.6689	8.89	ICE CREAM	12	1	0.00		1	850015096174
850015096181	ALC NTTY BTR BRITTLE	6.6689	6.6689	8.89	ICE CREAM	12	1	0.00		1	850015096181
850015096198	ALC PLMSPR BANCHC DT	6.7698	6.7698	9.03	ICE CREAM	12	1	0.00		1	850015096198
850015096389	ALC DARK CHOC ICRM	0.0000	0.0000	0.00	ICE CREAM	12	1	0.00		1	850015096389
850015419713	ASPR MXD BRY SPRKLN ENRG	1.8396	1.8396	2.83	COLD BEVERAGES	7	3	2.00		1	850015419713
850015419768	ASPR SPRK STRAW WTRMELON	1.8396	1.8396	2.83	COLD BEVERAGES	7	3	2.00		1	850015419768
850015640025	TEREMANA TEQUILA BLANCO 750ML	31.9900	31.9900	31.99	LIQUOR STORE	5	3	2.00		1	850015640025
850015840265	B&S JALAPENO SAUSAGE	5.4970	5.4970	8.46	FROZEN FOODS	13	5	0.00		1	850015840265
850015840272	B&S BRATWURST	6.1538	6.4040	7.90	FROZEN FOODS	13	5	8.00		1	850015840272
850015840296	B&S THAI CHICKEN SAUSAGE	6.4706	6.7660	7.84	FROZEN FOODS	13	5	9.00		1	850015840296
850015892523	CHOMPS ORIG BEEF STICK	14.5304	14.5304	20.76	SNACKS - OTHER	17	1	0.00		1	850015892523
850015892851	CHOMPS TACO BEEF STICKS	1.8299	1.8299	2.82	SNACKS - OTHER	17	1	15.00		1	850015892851
850017142060	S.D SPRKLNG PNK LEMONADE	6.2240	6.2240	10.16	COLD BEVERAGES	7	2	1.00		1	850017142060
850017142206	S.D SPK WTR BLD ORG TANG	6.2240	6.2240	10.16	COLD BEVERAGES	7	2	1.00		1	850017142206
850017142367	S.D NOJITO SPRKLNG WATER	6.2240	6.2240	8.81	COLD BEVERAGES	7	2	0.00		1	850017142367
850017142459	S.D SPRKLNG WTR GRAPEADE	6.2240	6.2240	9.58	COLD BEVERAGES	7	2	4.00		1	850017142459
850017142473	S.D SPARKLING ISLND PNCH	6.2240	6.2240	8.89	COLD BEVERAGES	7	2	1.00		1	850017142473
850017589209	HI-CHEW FNTSY MIX	0.0000	0.0000	3.79	CANDY	8	3	0.00		1	850017589209
850019179217	REC PEACH GNGR SPRKLNG	2.7060	2.7060	3.87	COLD BEVERAGES	7	2	-1.00		1	850019179217
850019179224	REC STRWBRY ROSE SPRKL	2.7060	2.7060	3.87	COLD BEVERAGES	7	2	1.00		1	850019179224
850019179231	REC BLK CHRY SPRKLNG	2.4765	2.4765	3.87	COLD BEVERAGES	7	2	0.00		1	850019179231
850019179248	REC BLOOD ORNG SPRKLNG	2.7060	2.7060	3.87	COLD BEVERAGES	7	2	21.00		1	850019179248
850019179484	REC LEM CIT MOOD STICK	1.1913	1.1913	1.99	COLD BEVERAGES	7	3	10.00		1	850019179484
850019179743	REC SPRK WTR RASP LEM	2.7052	2.7052	4.51	COLD BEVERAGES	7	2	22.00		1	850019179743
850019179750	REC SPRK WTR LIME CIT	2.6975	2.7052	3.86	COLD BEVERAGES	7	2	24.00		1	850019179750
850019179767	REC GRPFRT TNG SPK WTR	2.7060	2.7060	4.00	COLD BEVERAGES	7	2	35.00		1	850019179767
850019179842	REC WTRMLN MOJITO MCKTL	10.9844	10.9844	15.69	COLD BEVERAGES	7	0	-1.00		1	850019179842
850019179859	REC GRPFRT PALOMA MCKTL	10.9844	10.9844	15.69	COLD BEVERAGES	7	0	0.00		1	850019179859
850019179866	REC LIME MARGARITA MCKTL	10.9844	10.9844	15.69	COLD BEVERAGES	7	0	1.00		1	850019179866
850019179873	REC GNGR LIME MULE MCKTL	10.9844	10.9844	15.69	COLD BEVERAGES	7	0	0.00		1	850019179873
85002	RAAKA PURPLE CORN COFFEE	4.6767	4.6767	7.79	CANDY	8	2	0.00		1	85002
850020260119	ACTUAL VEGGIES BLACK BEAN BURGER	0.0000	0.0000	15.69	FROZEN FOODS	13	1	0.00		1	850020260119
850020883158	HOPWTR SPK VARIETY 12PK	0.0000	0.0000	0.00	COLD BEVERAGES	7	2	0.00		1	850020883158
850020883189	HOPWTR SPK CLASSIC 6PK	9.3482	9.3482	15.58	COLD BEVERAGES	7	2	0.00		1	850020883189
850020883202	HOPWTR SPK BLD ORNG 6PK	9.3065	9.3482	13.35	COLD BEVERAGES	7	2	0.00		1	850020883202
850020883219	HOPWTR SPK LIME 6PK	8.3077	8.3077	13.85	COLD BEVERAGES	7	2	0.00		1	850020883219
850021474003	LIQ IV STRWBRY 10CT	13.2295	13.2940	19.95	COLD BEVERAGES	7	3	0.00		1	850021474003
850021474638	LQIV GRAPE ELCTRLYT MIX	1.5013	1.5013	2.29	EDIBLE GROCERY	19	11	6.00		1	850021474638
850021474805	LQIV DRNK MX TROP PUNCH	1.6472	1.6836	2.81	EDIBLE GROCERY	19	11	10.00		1	850021474805
850022919817	ESP PRTZL STK SFT TRNBCK	6.0976	6.0976	8.58	FROZEN FOODS	13	0	4.00		1	850022919817
850022919916	ESP PRTZL BITE SFT OLDTM	6.0084	6.0084	8.99	FROZEN FOODS	13	1	0.00		1	850022919916
850023080554	ECO RND PLATE 9 IN BGSSE	3.0172	3.0172	4.64	HOUSEHOLD/CLEANING	20	2	0.00		1	850023080554
850023192035	NUTHOUSE GRNLA SMMR STRW	0.0000	0.0000	0.00	EDI/UNKNOWN	99	0	0.00		1	850023192035
850023446107	GIMME RST SSLT SEAWD	0.9060	0.9060	1.51	SNACKS - SALTY	15	0	9.00		1	850023446107
850023446145	GIMME SEAW SK AVO OL	0.9858	0.9858	1.41	SNACKS - SALTY	15	0	23.00		1	850023446145
850024267008	HU COOKIE GF PNUT BUTTER	4.2013	4.2013	7.00	SNACKS - BAKERY	16	3	0.00		1	850024267008
850024267022	HU COOKIES GF CHOC CHIP	4.2013	4.2013	7.00	SNACKS - BAKERY	16	3	0.00		1	850024267022
850024267961	HU MLKCHC BR CSHWBTR	3.9597	3.9597	6.89	CANDY	8	2	0.00		1	850024267961
850025895095	OG3 VHERM TORT FLOUR 10	5.7183	5.7183	0.00	EDI/UNKNOWN	99	0	0.00		1	850025895095
850026033373	NIB HT COCO XTRA CRM	6.7816	6.7816	10.43	EDIBLE GROCERY	19	1	0.00		1	850026033373
850026564044	THE DEUCE TROWEL ORG	10.8300	10.8300	19.69	CAMPING & OUTDOORS	43	1	-2.00		1	850026564044
850026564051	DUECE #2 TROWEL ICE	10.8300	10.8300	18.05	CAMPING & OUTDOORS	43	1	0.00		1	850026564051
850026564068	DUECE #2 TROWEL GREEN	10.8300	10.8300	18.05	CAMPING & OUTDOORS	43	1	0.00		1	850026564068
850026937053	AB GRNGR MEY LEM SPRK WT	1.4843	1.5139	2.41	COLD BEVERAGES	7	2	0.00		1	850026937053
850026937077	AB ELDFLWR GRPFRT SPK WT	1.5366	1.5366	2.52	COLD BEVERAGES	7	2	0.00		1	850026937077
850026985160	TOY SUPER FOOTBALL	4.2683	4.2683	7.09	GENERAL MERCHANDISE	22	12	0.00		1	850026985160
850026985306	CHARGE MAXX CBL USB C BLK	5.5100	5.5100	9.99	GENERAL MERCHANDISE	22	10	2.00		1	850026985306
850026985313	CHARGE MAXX CBL USB C WHT	5.5000	5.5000	7.99	GENERAL MERCHANDISE	22	10	2.00		1	850026985313
850027702049	OLIPOP SPK TNC TROP PNCH	1.8179	1.8356	2.99	COLD BEVERAGES	7	2	0.00		1	850027702049
850027702186	OLIPOP CREAM SODA	2.0171	2.0171	3.36	COLD BEVERAGES	7	1	11.00		1	850027702186
850027702193	OLIPOP CRISP APPLE SODA	0.0000	0.0000	0.00	COLD BEVERAGES	7	1	0.00		1	850027702193
850027702209	OLIPOP TONIC DR GOODWIN	2.0171	2.0171	3.06	COLD BEVERAGES	7	1	9.00		1	850027702209
850027702360	OLIPOP WTRMLN LIME SODA	1.8356	1.8356	3.06	COLD BEVERAGES	7	1	0.00		1	850027702360
850027702469	OLIPOP GINGER ALE SODA	2.0171	2.0171	3.36	COLD BEVERAGES	7	1	11.00		1	850027702469
850027702797	OLIPOP SODA GINGER ALE	7.2382	7.2382	10.97	COLD BEVERAGES	7	1	6.00		1	850027702797
850028051115	JP 3 FLVR FRZR POPS	11.4350	11.4350	17.04	ICE CREAM	12	3	6.00		1	850028051115
850028051252	JPP RAINBOW FRT POP	4.0372	3.9818	6.64	ICE CREAM	12	3	2.00		1	850028051252
850028051344	JPP SUMMER SUNRISE	4.1440	4.1440	6.91	ICE CREAM	12	2	0.00		1	850028051344
850028051481	JPP BLUE WAVE POP	5.5319	5.5319	8.51	ICE CREAM	12	2	-1.00		1	850028051481
850028051511	JPP TROP PUNCH POP	5.7572	5.7572	8.22	ICE CREAM	12	2	1.00		1	850028051511
850028051528	JPP BERRY BURST POP	0.0000	0.0000	0.00	ICE CREAM	12	2	0.00		1	850028051528
850028051818	JPP ICE POP VERY BRY	5.7572	5.7572	8.22	ICE CREAM	12	2	5.00		1	850028051818
850028337097	MNKA VAN CHOCHO PRTN PWD	28.8832	28.8832	0.00	EDI/UNKNOWN	99	0	0.00		1	850028337097
850028337226	MKNA PRT PWDR VAN CHOCHO	37.5287	37.5287	0.00	EDI/UNKNOWN	99	0	1.00		1	850028337226
850029895206	EPIC SPACE DEBRIS 355ML 6PK	16.3200	16.3200	16.36	LIQUOR STORE	5	1	5.00		1	850029895206
850029903505	BTRB GUVA CLR KMBCHA	2.8713	2.8713	4.79	COLD BEVERAGES	7	6	0.00		1	850029903505
850029903512	BTRB STRAW LM KMBCHA	3.1582	3.1582	5.26	COLD BEVERAGES	7	6	0.00		1	850029903512
850029953074	SAFF GNRL TSO WHT RCE	5.0205	5.0205	8.03	FROZEN FOODS	13	1	0.00		1	850029953074
850029953081	SAFF DRUNKEN NDLS W/CHKN	5.0205	5.0205	7.17	FROZEN FOODS	13	1	-4.00		1	850029953081
850029953111	SAFF MTBALL CHKN KOR	5.0205	5.0205	8.37	FROZEN FOODS	13	1	3.00		1	850029953111
850031342132	TALISMAN BEL'S FURY 473ML 4PKD	15.9600	15.9600	15.96	LIQUOR STORE	5	1	2.00		1	850031342132
850031342156	TALISMAN HAZARDS 4PK	27.9600	27.9600	27.96	LIQUOR STORE	5	1	-1.00		1	850031342156
850031882034	TATE SALSA TOMATILLO	6.0198	6.0198	8.60	EDIBLE GROCERY	19	7	3.00		1	850031882034
850031990098	GDL MAC CHS DWN THE HATC	3.2652	3.2652	4.66	EDIBLE GROCERY	19	6	5.00		1	850031990098
850032507257	VERSE MEDAL DK CHOC ORIG	5.7485	5.7484	0.00	EDI/UNKNOWN	99	0	8.00		1	850032507257
850032507264	VERSE MEDALL DKCHOC MINT	6.4221	6.4221	0.00	EDI/UNKNOWN	99	0	0.00		1	850032507264
850032607155	HIDDEN SP QT VS DARK	16.7300	16.7300	23.95	EDIBLE GROCERY	19	7	2.00		1	850032607155
850032676304	TNYS MILK CCHIP CKY BAR	4.5156	4.5156	6.45	CANDY	8	2	0.00		1	850032676304
850032676601	TNYS DK MKCHC PRETZ TOFF	1.7738	1.7738	2.53	CANDY	8	2	15.00		1	850032676601
850032825009	MNORF OAT MILK	3.2792	3.2919	4.70	DAIRY - FLUID	9	4	0.00		1	850032825009
850032825023	MINORF OAT MILK	3.5174	3.5318	5.45	DAIRY - FLUID	9	4	8.00		1	850032825023
850032825085	MINORF COFF OAT LATTE	1.7870	1.9628	2.99	COLD BEVERAGES	7	5	0.00		1	850032825085
850032825108	MINORF TEA OMLK CHAI LAT	1.9628	1.9628	2.99	COLD BEVERAGES	7	6	0.00		1	850032825108
850032825115	MINORF TEA OAT MTCHA LAT	1.9418	1.9418	2.99	COLD BEVERAGES	7	5	0.00		1	850032825115
850032994149	YO AGUA SALSA	4.5789	4.5788	6.54	EDIBLE GROCERY	19	7	6.00		1	850032994149
850033206005	MP ENERGY DRINK CLSC	1.6801	1.6801	2.40	COLD BEVERAGES	7	3	0.00		1	850033206005
850033206234	MP DRNK YRBA MAT CIT	2.0948	2.0948	2.99	COLD BEVERAGES	7	6	0.00		1	850033206234
850033785425	OG2 SIMP REGEN CHIA SD	7.3907	7.3907	0.00	EDI/UNKNOWN	99	0	0.00		1	850033785425
850034509006	5 STAR DIESEL EXHAUST FLU	13.3600	13.3600	22.27	AUTOMOTIVE PRODUCTS	24	2	0.00		1	850034509006
850034509044	5 STAR WINDSHIELD WASH -2	4.1117	4.1117	6.89	AUTOMOTIVE PRODUCTS	24	2	0.00		1	850034509044
850034509341	5 STAR WINDSHIELD WASH +3	2.9083	2.9083	4.89	AUTOMOTIVE PRODUCTS	24	3	11.00		1	850034509341
850034543222	DEUX CINN SUGAR DNUTHOLE	3.2854	3.2854	5.05	SNACKS - BAKERY	16	2	12.00		1	850034543222
850034543239	DEUX CHOC GLAZE DNUTHOLE	3.1872	3.2854	4.54	SNACKS - BAKERY	16	2	-10.00		1	850034543239
850034543680	DEUX MAPLE GLZD DNUTHOLE	3.2854	3.2854	5.05	SNACKS - BAKERY	16	2	-1.00		1	850034543680
850034761121	KND UNSCENTD LP BLM	2.6193	2.6193	3.74	HEALTH & BEAUTY CARE	21	8	0.00		1	850034761121
850034840017	CSBL ICRM MADA VANBN	5.7049	5.7049	7.61	ICE CREAM	12	3	2.00		1	850034840017
850034840024	CSBL ICRM MNT CHP DF	4.6825	4.6825	6.24	ICE CREAM	12	1	0.00		1	850034840024
850034840048	CSBL ICRM CHRY AMRTO	5.2112	5.2112	6.95	ICE CREAM	12	1	0.00		1	850034840048
850034840055	CSBL ICRM INFTE CNUT	5.3050	5.3050	7.61	ICE CREAM	12	1	4.00		1	850034840055
850034840062	CSBL ICM GLD BAN BRW	4.6344	4.6344	6.18	ICE CREAM	12	1	0.00		1	850034840062
850034840079	COBL ICRM DK CHOC DF	5.3050	5.3050	7.58	ICE CREAM	12	1	4.00		1	850034840079
850034840093	CSBL ICRM CHOC HZLNT	4.6344	4.6344	6.18	ICE CREAM	12	1	0.00		1	850034840093
850036791126	DB MILK TEA BOBA CLASSIC	0.0000	0.0000	0.00	COLD BEVERAGES	7	6	0.00		1	850036791126
850037430123	QDR MIXER SPCY MNGO MRGT	5.1104	5.1104	7.30	EDIBLE GROCERY	19	11	0.00		1	850037430123
850037507351	NG RASP CRSSNT ICRM SND	3.2336	3.2336	4.62	ICE CREAM	12	1	4.00		1	850037507351
850037507368	NG LMN MERINGUE ICRM SND	3.2336	3.2336	4.62	ICE CREAM	12	2	4.00		1	850037507368
850037507375	NG PCHY CRSP ICRM SNDWCH	3.2319	3.2319	4.62	ICE CREAM	12	2	6.00		1	850037507375
850038125202	PEARSON ELK JALA SUMMER SAUSAGE	11.3900	11.3900	18.99	SNACKS - OTHER	17	1	-3.00		1	850038125202
850038125257	PEARSON VEN JALA SNACK MULT	4.9186	5.0900	7.98	SNACKS - OTHER	17	1	13.00		1	850038125257
850038125264	PEARSON DUCK SNACK MULT	4.8500	5.0900	7.99	SNACKS - OTHER	17	1	9.00		1	850038125264
850038125493	PEARSON DUCK 2.1 OZ	5.3900	5.3900	8.99	SNACKS - OTHER	17	1	9.00		1	850038125493
850038125523	PEARSON DUCK HICKORY SNK STK	1.4300	1.4300	2.38	SNACKS - OTHER	17	1	10.00		1	850038125523
850038125554	PEARSON ELK JAL MULTI	5.0900	5.0900	8.49	SNACKS - OTHER	17	1	8.00		1	850038125554
850038125844	PEARSON ELK JAL CHS SMR SAUS	11.3900	11.3900	18.99	SNACKS - OTHER	17	1	3.00		1	850038125844
850038125851	PEARSON FENDER SMR SAUS	11.3900	11.3900	18.99	SNACKS - OTHER	17	1	0.00		1	850038125851
850038855512	BOCCES FRZ DRD BF LIVER	0.0000	0.0000	0.00	HOUSEHOLD/CLEANING	20	5	0.00		1	850038855512
850039286131	LQIV WLBRY IMMUNE 10CT	13.2940	13.2940	18.99	HEALTH & BEAUTY CARE	21	2	0.00		1	850039286131
850039286421	LQIV STRWBRY LMNAID 10CT	12.3024	12.3024	19.71	COLD BEVERAGES	7	3	0.00		1	850039286421
850039286667	LQIV DNKMX LMNLME 10CT	11.1512	11.1512	15.93	HEALTH & BEAUTY CARE	21	2	0.00		1	850039286667
850039394027	BMOZ MOZZARELLA STK ORIG	7.3213	7.3213	11.62	FROZEN FOODS	13	0	0.00		1	850039394027
850043837145	HOPTEA SPRKL LEM DROP WT	0.0000	0.0000	0.00	COLD BEVERAGES	7	2	0.00		1	850043837145
850043837503	HOPTEA SPKWTR LEMONGRASS	0.0000	0.0000	0.00	COLD BEVERAGES	7	2	0.00		1	850043837503
850043996170	FRAF PALOMA NON ALC	9.9835	10.0247	16.43	COLD BEVERAGES	7	0	0.00		1	850043996170
850044599493	TATCHF ENCHILADA BOWL	4.5462	4.5462	6.99	FROZEN FOODS	13	1	6.00		1	850044599493
850044599509	TATCHF CFLR MAC CHS BOWL	4.5462	4.5462	6.99	FROZEN FOODS	13	1	6.00		1	850044599509
850046491399	MASIENDA TORT BLUCRN	0.0000	0.0000	0.00	FROZEN FOODS	13	0	0.00		1	850046491399
850046491405	MASIENDA CORN TORT	3.5976	3.6088	5.49	BREADS	14	2	0.00		1	850046491405
850046582004	MEZ PISTACHIO CHOC BAR	2.0706	2.0706	3.19	SNACKS - OTHER	17	3	-1.00		1	850046582004
850053006173	TRUST ME ORG VODKA 750ML	0.0000	22.9900	22.99	LIQUOR STORE	5	3	0.00		1	850053006173
850053588006	HELPER CIRCLE BACK 473ML 4PK	18.0000	18.0000	18.00	LIQUOR STORE	5	1	9.00		1	850053588006
850053588037	HELPER SLOW FADE 473ML 4PK	18.0000	18.0000	18.00	LIQUOR STORE	5	1	5.00		1	850053588037
850057210033	HNYMA TRFLBR CHOC CAKE	12.4869	12.4869	16.22	CANDY	8	2	0.00		1	850057210033
850057210071	HNYMA PRTN BAR CHOC CKY	2.1273	2.1273	3.04	CANDY	8	2	1.00		1	850057210071
850057210118	HNYMA PRTN BR PBTR BRWNI	2.1273	2.1273	0.00	CANDY	8	2	0.00		1	850057210118
850058126050	TRANSPLANT CIDER 355ML	15.3000	15.3000	15.30	LIQUOR STORE	5	5	0.00		1	850058126050
850059419120	TRVNI BAN BRD CCHIP	2.0058	2.0058	2.87	SNACKS - OTHER	17	3	10.00		1	850059419120
850060644016	JENI BAY LF CHSCAKE ICRM	6.9303	6.9303	9.90	ICE CREAM	12	1	-4.00		1	850060644016
850060644078	JENI PISTAC MACARON ICRM	0.0000	0.0000	0.00	ICE CREAM	12	1	0.00		1	850060644078
850062639065	OLIPOP GINGER ALE CAN	1.8000	1.8000	2.94	COLD BEVERAGES	7	1	-24.00		1	850062639065
850062639096	OLIPOP STRAWBERRY VANILLA	1.7267	1.7267	2.89	COLD BEVERAGES	7	1	0.00		1	850062639096
850062639126	OLIPOP CLASSIC GRAPE	1.7267	1.7267	2.89	COLD BEVERAGES	7	1	0.00		1	850062639126
850064303032	DAVID PROTN BR FDG BRWNI	2.9037	2.9037	4.15	SNACKS - OTHER	17	3	12.00		1	850064303032
850064303155	DAVID PROTN BR PBTR CHOC	2.5997	2.5997	3.71	SNACKS - OTHER	17	3	2.00		1	850064303155
850064303179	DAVID PROTN BR SLT PNBTR	2.5997	2.5997	4.33	SNACKS - OTHER	17	3	8.00		1	850064303179
850064476002	MGC ORIGINAL CRACKER	3.4945	3.4945	4.99	SNACKS - SALTY	15	5	6.00		1	850064476002
850064930023	MUSH DBL CCHP PRTN BAR	0.0000	0.0000	0.00	SNACKS - OTHER	17	3	0.00		1	850064930023
850065443041	S.D ORANGE CREAM FLT SDA	1.7221	1.7221	2.46	COLD BEVERAGES	7	1	0.00		1	850065443041
850065443089	S.D GINGERALE SODA	1.8913	1.9336	2.97	COLD BEVERAGES	7	1	14.00		1	850065443089
850065443102	S.D SHIRLEY TEMPLE SODA	1.9174	1.9336	2.76	COLD BEVERAGES	7	1	4.00		1	850065443102
850066007020	WP TOAD NOTOM AMARO 1 750ML	0.0000	34.9900	34.99	LIQUOR STORE	5	3	2.00		1	850066007020
850066007037	WP TEMPLE  MOON GIN 750mL	26.9900	25.9900	25.99	LIQUOR STORE	5	3	8.00		1	850066007037
850066007242	WP TOAD PENNELLEN 750ML	0.0000	34.9900	34.99	LIQUOR STORE	5	3	5.00		1	850066007242
850066007365	WP TOAD HARTNET 750ML	0.0000	34.9900	34.99	LIQUOR STORE	5	3	1.00		1	850066007365
850128004073	BROLLY DOG LEASH	7.0000	6.3600	10.60	HOUSEHOLD/CLEANING	20	5	0.00		1	850128004073
850134008003	KIITOS PALE ALE BLUE	7.1250	7.1250	10.18	BEER-GS	4	0	0.00		1	850134008003
850134008171	KIITOS COCO	7.5375	7.5375	10.77	BEER-GS	4	0	0.00		1	850134008171
850134008195	KITOS BLCKBRY	0.0000	7.4900	10.70	BEER-GS	4	0	0.00		1	850134008195
850134008294	KIITOS VRTY	13.7500	13.7500	15.05	BEER-GS	4	0	0.00		1	850134008294
850176003042	PAPOTE SALSA RST TOM SER	0.0000	0.0000	0.00	EDIBLE GROCERY	19	7	0.00		1	850176003042
850180006053	HU DRK CHOC BAR SLTY	3.9605	3.9605	6.42	CANDY	8	2	0.00		1	850180006053
850180006138	HU MLKCHC BR ALM CNU	3.9597	3.9597	5.66	CANDY	8	2	0.00		1	850180006138
850180006206	HU DK CHOC VAN CRNCH	3.8535	3.8535	6.42	CANDY	8	2	0.00		1	850180006206
850180006428	HU DKCHC CSHWBTR O/V	3.9605	3.9605	5.66	CANDY	8	2	1.00		1	850180006428
850180006510	HU HUNKS CHOC GLDBRY	4.5254	4.5254	7.54	SNACKS - BAKERY	16	3	0.00		1	850180006510
850198003013	TAD FALFL LMN GAR HUMMUS	3.6152	3.6250	5.58	FROZEN FOODS	13	1	0.00		1	850198003013
850251004087	SKINNY POP POPCORN	0.0000	0.0000	1.89	SNACKS - SALTY	15	4	0.00		1	850251004087
850281006488	MOFU BLK TRFL CHLI CRNCH	9.1253	9.1253	12.17	EDIBLE GROCERY	19	7	4.00		1	850281006488
850281006921	MOFU SWT SPCY KRN BBQ SC	0.0000	0.0000	0.00	EDI/UNKNOWN	99	0	0.00		1	850281006921
850281006938	MOFU SWT SVRY KRN BBQ SC	7.0604	7.0604	10.09	EDIBLE GROCERY	19	7	5.00		1	850281006938
850416002224	REDS CHICKEN/CHEESE BRTO	1.7226	1.7226	3.99	FROZEN FOODS	13	1	11.00		1	850416002224
850416002231	REDS STEAK/CHEESE BURRTO	1.7226	1.7226	3.99	FROZEN FOODS	13	1	7.00		1	850416002231
850416002255	REDS BN/CHEESE BRTO	1.7226	1.7226	3.99	FROZEN FOODS	13	1	10.00		1	850416002255
850416002279	REDS TURKEY SAUSAGE BRTO	1.8567	1.7226	3.99	FROZEN FOODS	13	1	12.00		1	850416002279
850416002286	REDS CND BCN BRTO	2.3932	2.3932	3.99	FROZEN FOODS	13	1	-5.00		1	850416002286
850416002293	REDS  CHK CIL LM BRTO	1.9671	1.7226	3.99	FROZEN FOODS	13	1	18.00		1	850416002293
850416002477	REDS CHKN CHRZO EGG BRTO	2.3932	2.3932	3.35	FROZEN FOODS	13	1	22.00		1	850416002477
850416002620	REDS 4 CHS BURRITO	2.2255	2.3932	3.99	FROZEN FOODS	13	1	6.00		1	850416002620
850416002880	REDS BRTO BRKFST MT LOVE	1.7226	1.7226	3.99	FROZEN FOODS	13	1	8.00		1	850416002880
850416002934	REDS EGGWCH TRKY SSG	2.6898	2.6898	4.48	FROZEN FOODS	13	1	0.00		1	850416002934
850446008463	SAFF BTR CHKN W/RICE	5.0205	5.0205	8.37	FROZEN FOODS	13	1	4.00		1	850446008463
850503002076	POTATOES  GOLD TOP BRASS	6.4900	6.4900	9.27	PRODUCE	18	2	9.00		1	850503002076
850503002083	RED POTATOES 5lb	7.0300	7.0300	10.04	PRODUCE	18	2	-10.00		1	850503002083
850565007156	HODO TOFU EXTRA FIRM	3.9030	3.9030	5.56	EDIBLE GROCERY	19	0	5.00		1	850565007156
850643007078	HOPE SS OLV OIL HUMM	3.6663	3.6663	4.87	GRAB & GO FOODS	11	3	0.00		1	850643007078
850687110703	CA OLIVE OIL EV MEDIUM	11.9937	12.0120	15.85	EDIBLE GROCERY	19	7	6.00		1	850687110703
850711006033	EMYOG MCRN DRK CACAO	3.4650	3.4650	4.95	CANDY	8	2	0.00		1	850711006033
850712007060	WB BAO CHINESE BBQ PORK	6.9412	6.9412	11.02	FROZEN FOODS	13	0	0.00		1	850712007060
850732006005	CRIM PROSCIUTTO SNACK PACK	3.4517	3.4517	4.90	GRAB & GO FOODS	11	5	-9.00		1	850732006005
850732006036	CREMEN CALABRESE SALAMI	5.3000	5.3000	7.57	GRAB & GO FOODS	11	5	0.00		1	850732006036
850732006043	CREMENELLI VARZI	3.5222	3.5217	5.07	GRAB & GO FOODS	11	5	2.00		1	850732006043
850732006173	CREM GENOA SNACK	4.1620	4.1100	6.14	GRAB & GO FOODS	11	5	9.00		1	850732006173
850732006753	CREM SOPRESSATA SNACK	4.1947	4.1300	6.87	SNACKS - OTHER	17	1	10.00		1	850732006753
850732006760	CREM PROSCIUTTO SNACK	4.4097	4.1375	6.90	SNACKS - OTHER	17	1	0.00		1	850732006760
850732006883	CREMENELLI PEPPERONI 2.5LB	21.2388	21.2388	28.32	GRAB & GO FOODS	11	5	0.00		1	850732006883
850884005550	VAL KMBCHA BLU HAWAI	4.1623	4.1623	6.94	COLD BEVERAGES	7	6	0.00		1	850884005550
850884005864	VAL KMBCHA TWILIGHT	3.6761	3.6761	6.03	COLD BEVERAGES	7	6	1.00		1	850884005864
851005003523	NANFAN GELATO BTRSCTCH	2.4135	2.4135	3.22	ICE CREAM	12	1	0.00		1	851005003523
851079008042	MONSOON BLUE CORN ATOLE	6.5000	6.5000	9.28	CANDY	8	2	0.00		1	851079008042
851079008059	MONSOON MESQUITE	6.5000	6.5000	9.29	CANDY	8	2	0.00		1	851079008059
851079008080	MONSOON CHOCLATE CASHEW BRITTLE	8.2000	8.4000	12.00	CANDY	8	0	2.00		1	851079008080
851079008233	MONSOON GINGER CHOC	9.0000	9.0000	12.86	CANDY	8	0	10.00		1	851079008233
851079008271	MONSOON CHOCOLATE MANGO	6.0000	6.0000	9.23	CANDY	8	0	0.00		1	851079008271
851079008318	MONSOON CHOCOLATE SEA SALT	6.0000	6.0000	8.57	CANDY	8	2	0.00		1	851079008318
851079008462	MONSOON COCOA NIB BRITTLE	9.0000	9.0000	12.86	CANDY	8	0	4.00		1	851079008462
851087000250	PNUT THE BEES KNEES PBTR	5.0489	5.0489	0.00	EDI/UNKNOWN	99	0	0.00		1	851087000250
851091004862	DUV PISTCH MACRN 3CT	4.3706	4.3706	7.28	SNACKS - BAKERY	16	3	0.00		1	851091004862
851153004250	BTRB ISLND HOPPER KMBCHA	3.1582	3.1582	5.26	COLD BEVERAGES	7	6	0.00		1	851153004250
851153004632	BTRB GNGR BST KMBCHA	3.2034	3.2092	4.86	COLD BEVERAGES	7	6	0.00		1	851153004632
851153004649	BTRB MRNG GLRY KMBCH	3.1582	3.1582	4.42	COLD BEVERAGES	7	6	0.00		1	851153004649
851153004656	BTRB GLDN PEAR KMBCH	3.2093	3.2092	4.42	COLD BEVERAGES	7	6	0.00		1	851153004656
851153004663	BTRB ROSE BLS KMBCHA	3.2093	3.2092	4.56	COLD BEVERAGES	7	6	0.00		1	851153004663
851153004670	BTRB GNGR SPCE KMBCH	3.1582	3.1582	4.51	COLD BEVERAGES	7	6	0.00		1	851153004670
851153004687	BTRB CHRY RTRT KMBCH	3.2093	3.2092	4.94	COLD BEVERAGES	7	6	0.00		1	851153004687
851153004694	BTRB CIT SNRSE KMBCH	3.2093	3.2092	5.26	COLD BEVERAGES	7	6	0.00		1	851153004694
851153004816	BTRB HIBIS HLR KMBCH	3.2058	3.2092	4.79	COLD BEVERAGES	7	6	0.00		1	851153004816
851220003414	CHAM COFF LQCONC BLK	8.9276	8.9276	0.00	COLD BEVERAGES	7	5	0.00		1	851220003414
851220003605	CHAMELEON COFFEE BLACK	0.0000	0.0000	2.09	COLD BEVERAGES	7	5	0.00		1	851220003605
851329008044	SNWNK OG2 DTX GNG SPK TN	2.6971	2.6971	3.95	COLD BEVERAGES	7	6	0.00		1	851329008044
851329008242	SNWNK OG2 LEM DGST TONIC	2.6693	2.6693	4.45	COLD BEVERAGES	7	6	0.00		1	851329008242
851387007348	VITAL EGGS PSTR-RSD BOIL	20.0578	20.0578	2.99	GRAB & GO FOODS	11	0	-51.00		1	851387007348
851387007492	VITAL FARMS EGGS 12	0.0000	0.0000	7.89	DAIRY - OTHER	10	2	-10.00		1	851387007492
851398001618	BABY CLEANSER	0.0000	0.0000	9.75	HEALTH & BEAUTY CARE	21	5	0.00		1	851398001618
851499006895	CSBL IC STRW LM SBRD	5.7486	5.7486	7.66	ICE CREAM	12	1	0.00		1	851499006895
851499006925	CSBL ICRM CKYDGH TWS	6.1655	6.1900	8.25	ICE CREAM	12	1	0.00		1	851499006925
851499006932	CSBL ICRM PBTR BLITZ	6.1263	6.1263	8.17	ICE CREAM	12	1	0.00		1	851499006932
851499006956	CSBL ICRM CHC EPHRIA	6.1263	6.1263	8.17	ICE CREAM	12	1	0.00		1	851499006956
851554006532	NOKA SUPERFOOD SMOOTHIE	0.0000	0.0000	9.99	GRAB & GO FOODS	11	0	0.00		1	851554006532
851561005085	SCRAPPYS FIREWATER BITTERS	13.6175	13.6175	20.95	EDIBLE GROCERY	19	11	2.00		1	851561005085
851562007026	TGCC SCRM & ONION CRISPS	1.1167	1.1167	1.86	SNACKS - SALTY	15	1	0.00		1	851562007026
851562007170	THE GOOD CRISP OUTBACK BBQ	0.0000	0.0000	4.25	SNACKS - SALTY	15	1	0.00		1	851562007170
851562008559	SKNYDP PB & J PEANUTS	2.9183	2.9183	4.86	SNACKS - OTHER	17	5	0.00		1	851562008559
851694003606	QDR TONIC WATER	4.7628	4.7628	7.81	COLD BEVERAGES	7	2	0.00		1	851694003606
851694003798	QDR SPRKLNG WTR TONIC	4.0213	4.0213	6.19	COLD BEVERAGES	7	2	0.00		1	851694003798
851741008141	LIQUIDIV HYDRTMLT PSNFRT	1.6715	1.6715	2.29	EDIBLE GROCERY	19	11	-3.00		1	851741008141
851741008455	LQIV DNKMX LEMON 10CT	13.7997	13.7997	17.69	EDIBLE GROCERY	19	11	0.00		1	851741008455
851741008462	LQIV DNKMX ACAI 10CT	12.3024	12.3024	16.40	EDIBLE GROCERY	19	11	0.00		1	851741008462
851741008936	LQIV DNKMX WTRMLN SNGL	1.6069	1.5013	2.81	EDIBLE GROCERY	19	11	3.00		1	851741008936
851741008981	LQIV DNKMX STRAWBRY SNGL	1.6829	1.6836	2.29	EDIBLE GROCERY	19	11	10.00		1	851741008981
851741008998	LQIV DNKMX HYDRT 10CT	13.8094	13.8094	22.13	COLD BEVERAGES	7	3	0.00		1	851741008998
851769007003	SIETE TORT CHPS SEA SALT	4.4346	4.4346	5.49	SNACKS - SALTY	15	0	0.00		1	851769007003
851769007010	SIETE TORT CHPS LIME	4.4346	4.4346	6.82	SNACKS - SALTY	15	2	0.00		1	851769007010
851769007720	SIETE DIP TORTILLA CHIPS	4.0745	4.0465	6.74	SNACKS - SALTY	15	2	0.00		1	851769007720
851769007751	SIETE TACO SEASONING MILD	2.2238	2.2238	3.39	EDIBLE GROCERY	19	12	2.00		1	851769007751
851769007966	SIETE MEXICN WEDDING CKI	3.5934	3.5934	5.99	SNACKS - BAKERY	16	3	0.00		1	851769007966
851769007997	SIETE CHURRO STRIPS CINN	4.4451	4.4451	6.84	SNACKS - SALTY	15	0	8.00		1	851769007997
851781005315	PEPPERS  MINI OG BAG	3.1583	3.1583	5.26	PRODUCE	18	2	0.00		1	851781005315
851781005667	TOMATOES  DESERT JEWELS	2.4083	2.4083	3.21	PRODUCE	18	1	0.00		1	851781005667
851835002031	HIKE CARD GAME	8.9000	8.9000	14.99	GENERAL MERCHANDISE	22	12	7.00		1	851835002031
851835002062	HIKE CARD GAME	9.2500	9.2500	17.99	GENERAL MERCHANDISE	22	12	0.00		1	851835002062
851916003001	COOLHAUS CHOC CHIP COOKIE I/C	3.8394	3.8394	5.12	ICE CREAM	12	2	0.00		1	851916003001
851916003018	CH D/CHC DRT MNT CHP SND	3.7821	3.7820	5.04	ICE CREAM	12	2	0.00		1	851916003018
851916003056	CH CHOC MOLTEN CAKE ICRM	4.4070	4.4070	5.88	ICE CREAM	12	1	0.00		1	851916003056
851916003216	COOLHAUS COOKCREAM	3.7212	3.8394	5.12	ICE CREAM	12	2	0.00		1	851916003216
851916003230	COOLHAUS SMORES	4.4070	4.4070	5.88	ICE CREAM	12	2	0.00		1	851916003230
851916003254	COOLHAUS SLTD CRML/SNKRDLE SND	3.1449	3.1130	4.15	ICE CREAM	12	2	0.00		1	851916003254
851916003483	COOLHAUS BDAY CAKE	3.1130	3.1130	4.15	ICE CREAM	12	2	0.00		1	851916003483
851916003490	CH THT DGH THGH ICRM SND	3.1130	3.1130	4.15	ICE CREAM	12	2	0.00		1	851916003490
851916003599	CH DF CHOC SNDW CKY ICRM	0.0000	0.0000	0.00	ICE CREAM	12	3	0.00		1	851916003599
851916003636	CH DF DIRTY MINT CHP SND	3.7821	3.7820	5.04	ICE CREAM	12	2	0.00		1	851916003636
851916003650	CH DF HORCHATA F/D SDWCH	3.5882	3.5882	4.78	ICE CREAM	12	3	0.00		1	851916003650
852095004667	JPP CHOC FUDGE BAR 4PK	5.0934	5.0934	7.25	ICE CREAM	12	2	6.00		1	852095004667
852095004766	JPP RED WHITE BOOM	3.9818	3.9818	5.31	ICE CREAM	12	2	0.00		1	852095004766
852201007087	WAVE TANGERINE	0.9918	0.9903	1.69	COLD BEVERAGES	7	2	0.00		1	852201007087
852201007094	WAVE CUCUMBER	1.0871	1.0989	1.83	COLD BEVERAGES	7	2	0.00		1	852201007094
852201007100	WAVE MANGO	1.0989	1.0989	1.83	COLD BEVERAGES	7	2	0.00		1	852201007100
852201007117	WAVE BLUEBERRY	1.0670	1.0989	1.83	COLD BEVERAGES	7	2	0.00		1	852201007117
852201007131	WAVE GRAPEFRUIT	1.0023	0.9761	1.63	COLD BEVERAGES	7	2	0.00		1	852201007131
852313004837	PS VARIETY 12PK CANS	14.4400	14.4400	21.25	BEER-GS	4	0	6.00		1	852313004837
852375003021	SINTO SPCY RED RDSH KCHM	4.2531	4.2531	6.08	EDIBLE GROCERY	19	10	0.00		1	852375003021
852487008006	KLHR BLTG ORG AIR DRD BF	6.1657	6.1656	10.28	SNACKS - OTHER	17	1	0.00		1	852487008006
852487008013	KLHR BLTG SPCY PR DRD BF	5.5356	5.5356	9.23	SNACKS - OTHER	17	1	0.00		1	852487008013
852487008020	KLHR BLTG GARLIC DRD BF	5.1722	5.1722	8.62	SNACKS - OTHER	17	1	0.00		1	852487008020
852487008358	KLHR BLTG CHILI LM DRDBF	5.5356	5.5356	9.23	SNACKS - OTHER	17	1	0.00		1	852487008358
852487008464	KLHR BLTG SWVERDE DRD BF	0.0000	0.0000	0.00	SNACKS - OTHER	17	1	0.00		1	852487008464
852565003220	BEAN RCE CHIPSBLKSSALT	0.0000	0.0000	0.00	SNACKS - SALTY	15	2	0.00		1	852565003220
852565003237	BEAN RCE CHPS HIMPNK SLT	0.0000	0.0000	0.00	SNACKS - SALTY	15	1	0.00		1	852565003237
852575008253	STRAWBERRIES SUPREME OG	4.0998	5.2375	6.98	PRODUCE	18	1	0.00		1	852575008253
852605008178	FILLOS CAROLINE PEAS/RCE	3.4942	3.6193	5.17	EDIBLE GROCERY	19	6	8.00		1	852605008178
852605008567	FILLOS BN SLSA VRDE TMLE	2.3979	2.3979	3.20	EDIBLE GROCERY	19	6	6.00		1	852605008567
852605008574	FILLOS BN SLSA ROJA TMLE	2.3943	2.3979	3.43	EDIBLE GROCERY	19	6	8.00		1	852605008574
852605008581	FILLOS BN SLSA HBNO TMLE	1.9186	1.9186	3.20	EDIBLE GROCERY	19	6	0.00		1	852605008581
852605008703	FILLOS SWEET CORN ELOTES	2.3979	2.3979	3.43	EDIBLE GROCERY	19	0	1.00		1	852605008703
852684003071	H.W. CNUT CHIA BAR	0.0000	0.0000	0.00	SNACKS - OTHER	17	3	0.00		1	852684003071
852701004227	OLYMPIA PROVISIONS KIELBASA	7.3500	7.3500	10.50	SNACKS - OTHER	17	1	0.00		1	852701004227
852749004609	DIVINE CHOCO	4.4719	4.4719	4.92	CANDY	8	2	9.00		1	852749004609
852815005967	KALE OG BUNCH	1.4542	1.4542	2.08	PRODUCE	18	2	0.00		1	852815005967
852821006026	SAVEE SEA SAUV BLANC 750ML	11.5782	10.9900	13.99	LIQUOR STORE	5	2	9.00		1	852821006026
852834002008	BEANITOS SSLT BLK BN CHP	3.2871	3.2870	5.53	SNACKS - SALTY	15	0	0.00		1	852834002008
852841008178	INGRD LNDRY SP PWDR FF	15.8080	15.8080	22.58	HOUSEHOLD/CLEANING	20	1	4.00		1	852841008178
852856006213	MTN WST RUBY CIDER 473OZ 4PK	18.1371	21.1600	21.16	LIQUOR STORE	5	5	7.00		1	852856006213
852856006220	MTN WST COTTON 473ML 4PK	21.1600	21.1600	21.16	LIQUOR STORE	5	5	6.00		1	852856006220
852856006305	MTN WST SWEET ALICE 473ML 4PK	21.1600	21.1600	21.16	LIQUOR STORE	5	5	6.00		1	852856006305
852856006312	MTN WST DESO 473ML 4PK	21.1600	21.1600	21.16	LIQUOR STORE	5	5	6.00		1	852856006312
852905007017	TOMBUMBLE SMOOTH PB CANDY	1.8700	1.8700	3.12	CANDY	8	2	0.00		1	852905007017
852905007024	TOMBUMBLE NUTTY	1.8700	1.8700	3.12	CANDY	8	2	0.00		1	852905007024
852921005004	WW WATERMELON JUICE	4.0407	4.0407	5.77	COLD BEVERAGES	7	4	13.00		1	852921005004
852955007708	MINA SARDINES EVOO LEM	2.1825	2.1825	3.12	SNACKS - OTHER	17	1	0.00		1	852955007708
852990008005	BERRY PPL STRAWBERRY	7.4875	7.4875	9.56	PRODUCE	18	1	0.00		1	852990008005
852990008128	BLUEBERRIES BERRY PEOPLE	2.2417	2.2417	2.99	PRODUCE	18	1	0.00		1	852990008128
853085003080	BERRIES  BLUEBERRIES  CLAMSHELL	3.1805	3.1083	4.44	PRODUCE	18	1	1.00		1	853085003080
853085003264	BLACKBERRIES OG FRESH	3.8583	3.8583	5.51	PRODUCE	18	1	-14.00		1	853085003264
853085003301	RASPBERRIES BERRY FRESH	3.2417	3.2417	6.06	PRODUCE	18	1	0.00		1	853085003301
853085003349	BLUEBERRIES 18OZ	3.9500	3.9500	5.64	PRODUCE	18	1	0.00		1	853085003349
853104007877	4HRT SALTED GHEE	5.1356	5.1356	0.00	EDI/UNKNOWN	99	0	0.00		1	853104007877
853149008075	REBEL COFFEE CHIP I/C	0.0000	0.0000	0.00	ICE CREAM	12	1	0.00		1	853149008075
853152100018	PRB ORGINAL BLEND	2.3706	2.3907	3.98	SNACKS - OTHER	17	3	0.00		1	853152100018
853152100025	PRO BR WHOLE BERRY BLST	2.3340	2.0448	3.89	SNACKS - OTHER	17	3	0.00		1	853152100025
853152100315	PRO BR PB	2.5520	2.5520	3.65	SNACKS - OTHER	17	3	4.00		1	853152100315
853152100346	PRO BR CHOC CNT MEAL BR	2.3653	2.3653	3.94	SNACKS - OTHER	17	3	0.00		1	853152100346
853152100513	PRO BR ORNG CHEWS	1.7699	1.7733	2.96	SNACKS - OTHER	17	3	0.00		1	853152100513
853169002534	JENI ICRM BRN BTR ALM	6.9303	6.9303	8.77	ICE CREAM	12	1	1.00		1	853169002534
853237003555	MN RTE MEAL JAP CRRY	4.8495	4.8495	6.93	EDIBLE GROCERY	19	6	5.00		1	853237003555
853237003562	MN RTE MEAL THAI TOM	4.6269	4.8495	8.08	EDIBLE GROCERY	19	6	6.00		1	853237003562
853237003845	MN RTE MEAL PAD THAI	4.8495	4.8495	6.93	EDIBLE GROCERY	19	6	6.00		1	853237003845
853311003006	KEVITA LEMON/GINGER	2.5056	2.5090	4.14	COLD BEVERAGES	7	6	0.00		1	853311003006
853311003297	KEV REFRESHER MOJITO	0.0000	0.0000	4.45	COLD BEVERAGES	7	0	0.00		1	853311003297
853345008138	CADO AVO CHC MD PIE DSRT	5.9918	5.9918	7.99	ICE CREAM	12	3	0.00		1	853345008138
853385003254	CAVEMN CHOC ALM CNUT BAR	0.9734	0.8546	1.42	SNACKS - OTHER	17	3	0.00		1	853385003254
853447003574	BLUEBERRIES LA BELLA	3.1083	3.1083	4.44	PRODUCE	18	1	-10.00		1	853447003574
853447003642	BERRIES  STRAWBERRIES LA BELLA	2.9875	2.9875	4.27	PRODUCE	18	1	1.00		1	853447003642
853479006000	BRAMI LUPINI SNCKS SSALT	3.4000	3.4000	5.67	SNACKS - OTHER	17	1	0.00		1	853479006000
853479006017	BRAMI LUPINI SNK GAR/HRB	3.5132	3.5132	5.40	SNACKS - OTHER	17	0	7.00		1	853479006017
853479006024	BRAMI LUPINI SNK CHLI LM	3.5132	3.5132	5.02	SNACKS - OTHER	17	0	1.00		1	853479006024
853479006567	BRAMI LUPNI SNK MED MEDL	3.5132	3.5132	5.40	SNACKS - OTHER	17	0	6.00		1	853479006567
853522000252	EL GINGER SPICE COOKIES	3.4843	3.4842	5.81	SNACKS - BAKERY	16	3	0.00		1	853522000252
853544005235	CREM SALAMI WHISKEY	7.9962	8.3011	12.14	SNACKS - OTHER	17	1	13.00		1	853544005235
853544005242	CREM SALAMI TARTUFO	7.5529	7.4267	12.14	SNACKS - OTHER	17	1	12.00		1	853544005242
853544005259	CREM BAROLO	6.9210	6.8133	12.14	SNACKS - OTHER	17	1	8.00		1	853544005259
853544005402	CREM SALAMI CASALINGO	6.2164	6.2622	9.68	SNACKS - OTHER	17	1	6.00		1	853544005402
853544005419	CREM PICCANTE SALAMI	6.4629	6.3400	9.68	SNACKS - OTHER	17	1	8.00		1	853544005419
853544005433	CREM SALAMI SOPRESSATA	6.0500	6.0500	9.68	SNACKS - OTHER	17	1	-6.00		1	853544005433
853544005471	CREM WILD BOAR SALAMI	7.8900	7.8900	11.95	SNACKS - OTHER	17	1	1.00		1	853544005471
853544005525	CREM FINOCCHIO SALAMI	6.2900	6.2900	9.68	SNACKS - OTHER	17	1	3.00		1	853544005525
853555006405	GOMACRO MCHA CHC CHP	2.6225	2.6225	4.37	SNACKS - OTHER	17	3	0.00		1	853555006405
853555006412	GOMACRO DRK CHOC ALM	2.5528	2.5528	4.25	SNACKS - OTHER	17	3	0.00		1	853555006412
853555006429	GOMACRO BBRY CHSWBTR	1.8263	1.8263	3.04	SNACKS - OTHER	17	3	0.00		1	853555006429
853555006559	GOMACRO DBL CHOC PB	2.6225	2.6225	4.37	SNACKS - OTHER	17	3	-4.00		1	853555006559
853555006689	GOMACRO ALM BTR/CNUT	1.8722	1.8263	3.04	SNACKS - OTHER	17	3	0.00		1	853555006689
853584002010	C.B 7 GRAIN BREAD GF	6.3796	6.3796	9.11	BREADS	14	1	2.00		1	853584002010
853584002218	C.B GF EVERYTHING	6.3796	6.3796	8.95	BREADS	14	0	0.00		1	853584002218
853584002232	C.B  HERITG HNY WHITE GF	7.2500	7.2500	10.05	BREADS	14	1	0.00		1	853584002232
853624007869	AQVT ELDERBRY KMBCHA	2.3219	2.3219	3.87	COLD BEVERAGES	7	6	0.00		1	853624007869
853624007883	AQVT BLUBRY SCL KMBC	2.3219	2.3219	3.87	COLD BEVERAGES	7	6	0.00		1	853624007883
853665005114	MARYS BASIL GARLIC	0.0000	0.0000	7.20	SNACKS - SALTY	15	5	0.00		1	853665005114
853687004355	PTYA AVOCADO PIECES	4.4504	4.4504	6.36	FROZEN FOODS	13	2	0.00		1	853687004355
853807005033	CHSN 100% AVO OIL SPRAY	5.7130	5.8220	8.19	EDIBLE GROCERY	19	7	7.00		1	853807005033
853868006321	BANSHEE SAUV BLANC 750ML	19.9900	19.9900	19.99	LIQUOR STORE	5	2	0.00		1	853868006321
853883006078	ITHACA HUMMUS LEMON/BEET	3.6527	3.6527	5.58	GRAB & GO FOODS	11	3	0.00		1	853883006078
853891007005	MASIENDA BLUE CORN TORT	3.6088	3.6088	5.12	BREADS	14	2	-18.00		1	853891007005
853891007135	MAS HARINA CHEF GRADE	6.4000	6.4000	8.89	EDIBLE GROCERY	19	4	0.00		1	853891007135
853901006004	MELVIN IPA 6pk	7.9900	13.5000	13.50	LIQUOR STORE	5	1	11.00		1	853901006004
853901006011	MELVIN DOUBLE IPA 4 PK	11.9600	11.9600	11.96	LIQUOR STORE	5	1	0.00		1	853901006011
853901006080	MELVIN KILLER BEES	7.9900	7.9900	11.41	BEER-GS	4	5	-12.00		1	853901006080
853901006110	MELVIN HEYZEUS	7.9900	7.9900	11.41	BEER-GS	4	5	11.00		1	853901006110
853986008078	SIETE POTATO CHIP 5.5 OZ	0.0000	0.0000	5.05	SNACKS - SALTY	15	1	-4.00		1	853986008078
853988005211	LIVING BUTTER LETTUCE	3.0750	3.0750	4.27	PRODUCE	18	2	0.00		1	853988005211
854016005098	BWRP SNDWCH WRAP HNYCOMB	0.0000	0.0000	0.00	HOUSEHOLD/CLEANING	20	2	0.00		1	854016005098
854030005104	BBROS RASP LEM BAR	1.8291	1.8291	3.05	SNACKS - OTHER	17	3	0.00		1	854030005104
854074006570	ICE PROV SKYR YOG LF PLN	6.8059	6.8059	9.07	DAIRY - OTHER	10	4	4.00		1	854074006570
854074006716	ICE PROV SKYR BRYMED THK	1.9750	1.9750	0.00	EDI/UNKNOWN	99	0	0.00		1	854074006716
854126008019	MN BEEF BONE BRTH SP	3.2737	3.2737	4.68	EDIBLE GROCERY	19	0	3.00		1	854126008019
854137000606	XOCHITL BLU TORT CHP	3.8219	3.8219	6.37	SNACKS - SALTY	15	2	0.00		1	854137000606
854137000620	XOCH WHT TORT CHP	4.2284	4.2284	6.71	SNACKS - SALTY	15	2	0.00		1	854137000620
854137000705	XOCHITL CHIPS 10 OZ BAG	4.0485	4.0485	6.60	SNACKS - SALTY	15	2	10.00		1	854137000705
854137000712	XOCHITL CHIPS 10 OZ BAG (NEW)	2.7623	2.7390	4.57	SNACKS - SALTY	15	2	0.00		1	854137000712
854203008154	MAMMOTH IC BTR PCN	6.4700	6.4700	8.63	ICE CREAM	12	3	0.00		1	854203008154
854323007419	HIBAR DEOD BERGAM CEDAR	7.6827	7.6827	0.00	EDI/UNKNOWN	99	0	0.00		1	854323007419
854323007426	HIBAR DEOD LAV JASMINE	7.6827	7.6827	0.00	EDI/UNKNOWN	99	0	0.00		1	854323007426
854396005008	HIGH WEST DOUBLE RYE 750ML	0.0000	37.9900	34.99	LIQUOR STORE	5	3	4.00		1	854396005008
854396005015	HIGH WEST DOUBLE RYE 375ML	17.1343	19.9900	19.99	LIQUOR STORE	5	3	12.00		1	854396005015
854396005220	HIGH WEST BOURBON 750ML	34.9900	34.9900	37.99	LIQUOR STORE	5	3	6.00		1	854396005220
854396005251	HIGH WEST BOURBON 375ML	15.9920	19.9900	19.99	LIQUOR STORE	5	3	12.00		1	854396005251
854401004002	MININA TORTCHP WT PIC DE	4.6226	4.6226	7.70	SNACKS - SALTY	15	2	0.00		1	854401004002
854401004088	MININA TORTCHP WT JLP AG	4.4485	4.4485	6.98	SNACKS - SALTY	15	2	-1.00		1	854401004088
854401004132	MININA TORTCHP WHT SSALT	4.5433	4.6226	6.98	SNACKS - SALTY	15	2	0.00		1	854401004132
854401004286	MININA TORTCHP BLCRN	4.9176	4.9176	7.11	SNACKS - SALTY	15	2	-1.00		1	854401004286
854413001600	AMY BRIAN BOX COCO W	4.7604	4.7604	7.93	COLD BEVERAGES	7	4	0.00		1	854413001600
854442007062	ALEX CHOCMLK CT 4% F	2.9850	2.9850	4.15	DAIRY - FLUID	9	3	3.00		1	854442007062
854442007093	ALEX WHPCRM HVY 40%F	5.6967	5.6967	7.60	DAIRY - FLUID	9	2	0.00		1	854442007093
854442007260	OG1 ALEX LARGE EGGS 12CT	0.0000	0.0000	0.00	EDI/UNKNOWN	99	0	0.00		1	854442007260
854442007291	ALEX 100% GF A2 YGRT	5.8750	5.8750	8.16	DAIRY - OTHER	10	4	7.00		1	854442007291
854442007345	ALEX EGGNOG HMGRWN	0.0000	0.0000	0.00	DAIRY - FLUID	9	3	0.00		1	854442007345
854454003250	SHADES PEACH COBBLER 355ML 6PK	0.0000	21.3000	21.30	LIQUOR STORE	5	1	0.00		1	854454003250
854454003588	SHADES PLUM 6 PK	7.9875	7.9875	11.41	BEER-GS	4	5	0.00		1	854454003588
854464006012	CHARGE MAXX CAR CRG B/W D	3.3663	3.3662	4.80	GENERAL MERCHANDISE	22	10	3.00		1	854464006012
854464006043	CHARGE MAXX CAR CRGR MUL	2.8775	2.8775	4.80	GENERAL MERCHANDISE	22	10	0.00		1	854464006043
854464006166	CHARGE MAXX IPHONE 8PN B/	3.7942	3.7942	7.99	GENERAL MERCHANDISE	22	10	36.00		1	854464006166
854464006173	CHARGE MAXX IPHONE 8PN MU	3.3667	3.3667	11.99	GENERAL MERCHANDISE	22	10	3.00		1	854464006173
854464006258	CHARGE MAXX EARBUDS MULTI	3.2438	3.2438	7.99	GENERAL MERCHANDISE	22	10	-1.00		1	854464006258
854464006753	CHARGE MAXX EMOBII TYPE-C	3.7942	3.7942	7.99	GENERAL MERCHANDISE	22	10	32.00		1	854464006753
854505005066	SWEET MINI PEPPERS	2.9417	2.9417	4.20	PRODUCE	18	2	-8.00		1	854505005066
854505005103	CUCUMBER ENGLISH	1.4083	1.4083	2.01	PRODUCE	18	2	2.00		1	854505005103
854560005018	HIGH COFF MEX VAN RTD	2.0965	2.0965	3.49	COLD BEVERAGES	7	5	0.00		1	854560005018
854560005049	HIGH BREW BLACK & BOLD	0.0000	0.0000	2.99	COLD BEVERAGES	7	5	0.00		1	854560005049
854560005414	HIGH COFF MXCN VAN RTD	7.9486	7.9486	0.00	EDI/UNKNOWN	99	0	6.00		1	854560005414
854560005605	HIGH COFF CRMY CAPP PRTN	2.0423	2.0878	2.96	COLD BEVERAGES	7	5	0.00		1	854560005605
854598005714	F.F. GOAT CHEDDAR CHEESE	5.7380	5.8183	7.76	DAIRY - OTHER	10	1	2.00		1	854598005714
854598005738	F.F. GOAT MOZZ CHEESE	5.6467	5.8183	8.08	DAIRY - OTHER	10	1	2.00		1	854598005738
854716008207	TIDE CHASER CHARDONNAY 750ML	0.0000	6.4800	6.48	LIQUOR STORE	5	2	3.00		1	854716008207
85473	PARK CREMERY BRIE	7.9063	7.9062	11.29	DAIRY - OTHER	10	1	0.00		1	85473
854749003019	SOSI ARTICK DILL YOG DIP	4.3328	4.4516	8.12	GRAB & GO FOODS	11	3	0.00		1	854749003019
854749003101	SOSI SPIN JALAP YOG DIP	4.0158	4.0158	5.74	GRAB & GO FOODS	11	3	0.00		1	854749003101
854775002086	SAF BRN RCE NDL/SEAWEED	3.1185	3.1185	0.00	EDI/UNKNOWN	99	0	0.00		1	854775002086
854803005140	T&T CHKN BRN RCE DRY CAT	12.4450	12.4707	20.78	HOUSEHOLD/CLEANING	20	5	0.00		1	854803005140
854803005232	T&T TRKY BRN RCE CAN DOG	2.4616	2.4616	4.10	HOUSEHOLD/CLEANING	20	5	0.00		1	854803005232
854803005393	T&T CHKN/LIVER DR DG	18.0705	16.9955	28.33	HOUSEHOLD/CLEANING	20	5	0.00		1	854803005393
854803005454	T&T TRKY/LVR DRY CAT	15.7871	15.8518	26.42	HOUSEHOLD/CLEANING	20	5	1.00		1	854803005454
854803005478	T&T AF CHKN BR RCE DR DG	14.4886	14.4984	24.16	HOUSEHOLD/CLEANING	20	5	0.00		1	854803005478
854826008005	DRAM CITRUS SPK WATER	1.5212	1.5212	2.34	COLD BEVERAGES	7	2	17.00		1	854826008005
854826008012	DRAM LAV & LEMON SPK WTR	1.4467	1.3753	2.54	COLD BEVERAGES	7	2	35.00		1	854826008012
854826008029	DRAM CARD BLK TEA SPKWTR	1.3811	1.3753	2.54	COLD BEVERAGES	7	2	16.00		1	854826008029
854826008302	DRAM MUSHROOM SPK COLA	1.3753	1.3753	2.61	COLD BEVERAGES	7	2	0.00		1	854826008302
854826008333	DRAM HOLY BSL LEM SPKWTR	1.4444	1.3753	2.54	COLD BEVERAGES	7	2	40.00		1	854826008333
854835004012	HNYMA CCO SPC DRK TRF BR	3.6061	3.6061	5.55	CANDY	8	2	0.00		1	854835004012
854835004029	HNYMA ORGN MINT	4.1623	4.1623	6.31	CANDY	8	2	0.00		1	854835004029
854835004036	HNYMA CCO PERU RW TRF BR	4.1623	4.1623	6.31	CANDY	8	2	0.00		1	854835004036
854835004043	HNYMA TRUFFLE BAR SEAS	4.1623	4.1623	6.31	CANDY	8	2	0.00		1	854835004043
854835004067	HNYMA CCO COCONUT TRF BR	3.6061	3.6061	5.55	CANDY	8	2	0.00		1	854835004067
854835004074	HNYMA CCO LAV RSE TRF BR	4.1623	4.1623	0.00	CANDY	8	2	1.00		1	854835004074
854835004111	HNYMA CCO COFNIB TRF BR	4.1623	4.1623	6.31	CANDY	8	2	0.00		1	854835004111
854835004135	HNYMA GNGR CRDMN TRF BR	4.0999	4.0999	6.31	CANDY	8	2	0.00		1	854835004135
854835004265	HNYMA TAH TNGRN TRF BR	4.0999	4.0999	6.31	CANDY	8	2	0.00		1	854835004265
854835004272	HNYMA TRFL BR THINI TANG	2.0357	2.0357	3.13	CANDY	8	2	0.00		1	854835004272
854835004296	HNYMA TRFF BAR COCO COFF	2.0357	2.0357	3.13	CANDY	8	2	0.00		1	854835004296
854835004302	HNYMA TRFL BR OREGON MNT	2.0357	1.8087	2.78	CANDY	8	2	0.00		1	854835004302
854835004425	HNYMA PMK SPC DK CCO TRF	0.0000	0.0000	0.00	CANDY	8	2	0.00		1	854835004425
854835004487	HNYMA CHOC CAKE TRF BAR	4.0999	4.0999	6.31	CANDY	8	2	0.00		1	854835004487
854835004517	HNYMA BDAY CAKE TRF BAR	3.6408	3.6061	5.55	CANDY	8	2	0.00		1	854835004517
854835004968	HNYMA TRFLBR COCO PBTRCP	4.1623	4.1623	5.95	CANDY	8	2	-2.00		1	854835004968
854891008009	SHORTNSWEET STRAWB	3.8250	3.8250	5.46	PRODUCE	18	1	7.00		1	854891008009
854918002119	OLOVES BSL/GARLIC OLIVE	1.0647	1.1116	1.77	SNACKS - OTHER	17	0	0.00		1	854918002119
854918002126	OLOVES CHILI/GAR OLIVES	1.0911	1.0911	1.67	SNACKS - OTHER	17	0	6.00		1	854918002126
854918002133	OLOVES CHILI/OREG OLIVES	1.0911	1.0911	1.79	SNACKS - OTHER	17	0	15.00		1	854918002133
854918002140	OLOVES LEM/RSMRY OLIVES	0.9639	0.9451	1.58	SNACKS - OTHER	17	0	0.00		1	854918002140
854934007631	CAULIPOWER PIZZA BFL CHK	0.0000	0.0000	10.69	FROZEN FOODS	13	1	0.00		1	854934007631
854948008037	HOPLARKSPRKLNG  REALLY HOPPY ONE	2.4441	2.4442	4.08	COLD BEVERAGES	7	6	0.00		1	854948008037
854948008051	HOPTEA SPRKLNG GREEN ONE	2.2410	2.1712	3.64	COLD BEVERAGES	7	6	0.00		1	854948008051
854948008075	HOPTEA SPRKLNG CALM ONE	2.4442	2.4442	4.08	COLD BEVERAGES	7	6	0.00		1	854948008075
854948008310	HOPTEA SPRKLNG CITRA BOM	2.4801	2.4831	3.67	COLD BEVERAGES	7	6	0.00		1	854948008310
854948008693	HOPTEA SPKWTR W/CTRA HOP	9.4187	9.4186	13.46	COLD BEVERAGES	7	2	-1.00		1	854948008693
854948008709	HOPTEA SPKWTR W/MOSC HOP	5.3515	5.3515	10.70	COLD BEVERAGES	7	2	0.00		1	854948008709
854948008716	HOPTEA SPKWTR W/SBRO HOP	5.3515	5.3515	8.92	COLD BEVERAGES	7	2	0.00		1	854948008716
855020000017	CAMPSUDS 2OZ	3.6200	3.6200	5.55	HEALTH & BEAUTY CARE	21	6	0.00		1	855020000017
855020000024	CAMPSUDS 4OZ	5.2846	5.3100	8.99	HEALTH & BEAUTY CARE	21	6	6.00		1	855020000024
855021009583	NIC CARPET STAIN ERASER	4.1484	4.1484	6.91	HOUSEHOLD/CLEANING	20	4	0.00		1	855021009583
855029008151	GRAPES RED MASTERS	2.2556	2.2556	3.22	PRODUCE	18	1	0.00		1	855029008151
855029008182	GRAPES BLACK MASTERS	0.0000	0.0000	3.67	PRODUCE	18	1	0.00		1	855029008182
855029008199	GRAPE BAG OG MASTERS	2.9300	1.7556	2.93	PRODUCE	18	1	0.00		1	855029008199
855029008205	GRAPES MASTERS OG	1.5889	1.5889	2.27	PRODUCE	18	1	0.00		1	855029008205
855143008150	PPFC SLMN N PMPKN CAT ML	2.1096	2.1096	3.52	HOUSEHOLD/CLEANING	20	5	0.00		1	855143008150
855186006205	STUMP CLD BRW NITRO	3.5505	3.3438	5.37	COLD BEVERAGES	7	5	14.00		1	855186006205
855186006861	STUMP CHOC COFF CRM&SGR	2.8085	2.9605	4.93	COLD BEVERAGES	7	5	0.00		1	855186006861
855186006878	STUMP CLDBRW OAT CFF ORG	2.9120	2.9605	4.63	COLD BEVERAGES	7	5	0.00		1	855186006878
855186006892	STUMP CLDBRW OAT COFF HR	2.8066	2.3858	4.63	COLD BEVERAGES	7	5	0.00		1	855186006892
855188003011	JSTN CLASSIC PBTR SQZ PK	0.6701	0.6700	1.03	EDIBLE GROCERY	19	8	0.00		1	855188003011
855188003042	JSTN HONEY PBTR SQZ PK	0.6701	0.6700	1.34	SNACKS - OTHER	17	0	7.00		1	855188003042
855206006352	PROPER LEI EFFECT 473ML 4PK	0.0000	12.0000	12.00	LIQUOR STORE	5	1	3.00		1	855206006352
855206006383	PROPER CZECH 473OZ 4PK	0.0000	14.2000	14.20	LIQUOR STORE	5	1	3.00		1	855206006383
855230002009	MIL KMCHI NAPA CBBG HOUS	6.8918	6.8918	9.85	EDIBLE GROCERY	19	10	4.00		1	855230002009
855230002139	MIL KMCHI GOCH CHLE PSTE	6.4590	6.4590	9.94	EDIBLE GROCERY	19	7	0.00		1	855230002139
855352008057	ATH RUN WILD NA BEER CAN 6PK	7.9925	7.9925	12.11	BEER-GS	4	8	2.00		1	855352008057
855352008071	ATH UPSIDE DAWN NA BEER CAN	7.9925	7.9925	12.11	BEER-GS	4	8	4.00		1	855352008071
855489006025	ELEVATION DRY CHORIZO 4.5 OZ	6.1900	6.1900	10.32	SNACKS - OTHER	17	1	0.00		1	855489006025
855531002623	ZING BR/KTO MACDM SNKDDL	1.9990	1.9912	3.32	SNACKS - OTHER	17	3	0.00		1	855531002623
855564003048	WAY BTR SWT CHILI TORT CHPS	0.0000	0.0000	4.59	SNACKS - SALTY	15	2	0.00		1	855564003048
855571005158	UNREAL DARKCHOCO PB CUPS	0.0000	0.0000	0.00	CANDY	8	2	0.00		1	855571005158
855596007076	LOVE CORN RSTD CRN BBQ	2.5971	2.5971	4.33	SNACKS - SALTY	15	0	0.00		1	855596007076
855596007465	LOVE CORN VEGAN CHEESY	2.9637	2.9637	4.94	SNACKS - SALTY	15	0	0.00		1	855596007465
855643006076	RIPPLE MILK CHOCOLATE	5.1072	5.1072	0.00	EDI/UNKNOWN	99	0	0.00		1	855643006076
855708006669	PIATTELLI MALBEC TANNAT BLEND 750ML	0.0000	16.9900	16.99	LIQUOR STORE	5	2	13.00		1	855708006669
855712008017	DOTS PRETZELS	5.3700	5.3700	8.61	SNACKS - SALTY	15	3	1.00		1	855712008017
855712008789	DOTS PRETZELS HONEY MUSTA	2.9700	2.9700	4.95	SNACKS - SALTY	15	3	0.00		1	855712008789
855712008796	DOTS PRETZELS HONEY MUSTA	6.1784	6.2882	9.12	SNACKS - SALTY	15	3	7.00		1	855712008796
855724008067	SALTFIRE KOLSCH 473ML 4PK	11.9600	11.9600	11.96	LIQUOR STORE	5	1	6.00		1	855724008067
855724008074	SALTFIRE CHARLOTTE 473ML 4PK	0.0000	11.8000	11.80	LIQUOR STORE	5	1	0.00		1	855724008074
855724008401	SALTFIRE HEAVY MET 473ML 4PK	15.8000	15.8000	15.80	LIQUOR STORE	5	1	5.00		1	855724008401
855724008449	SALTFIRE RAINBOW CULT	8.7917	8.7917	12.56	BEER-GS	4	5	0.00		1	855724008449
855802003502	JENI ICE CRM BSCUITS PCH	6.9303	6.9303	9.90	ICE CREAM	12	1	4.00		1	855802003502
855802003748	JENI ICRM SLT PBTR CHOC	6.9303	6.9303	8.77	ICE CREAM	12	1	0.00		1	855802003748
855823007060	ICE PROV SKYR YOG WHL PL	0.0000	0.0000	0.00	EDI/UNKNOWN	99	0	0.00		1	855823007060
855912007438	FIRE LAKE BUG OUT CANDLE	11.5000	11.5000	22.00	HOUSEHOLD/CLEANING	20	6	0.00		1	855912007438
855930001913	ALEIAS SSN STUF MX PLTRY	0.0000	0.0000	0.00	EDIBLE GROCERY	19	0	0.00		1	855930001913
855941004026	LUCI STRING LIGHTS	31.5471	32.3300	49.95	CAMPING & OUTDOORS	43	1	0.00		1	855941004026
855941004606	LUCI ORGNL	14.7900	14.7900	27.50	CAMPING & OUTDOORS	43	1	0.00		1	855941004606
855941004613	LUCI COLOR	17.1702	17.6400	29.40	CAMPING & OUTDOORS	43	1	5.00		1	855941004613
855941004620	LUCI LUX	17.6400	17.6400	29.95	CAMPING & OUTDOORS	43	1	0.00		1	855941004620
855941004743	LUCI PRO LUX	29.3900	29.3900	50.00	CAMPING & OUTDOORS	43	1	4.00		1	855941004743
855941005337	SLIDERIDGE HONEY 12OZ	6.3783	6.3783	9.83	EDIBLE GROCERY	19	5	1.00		1	855941005337
855995003068	RPURP HI HEAT FORKS	2.4956	2.4035	4.14	HOUSEHOLD/CLEANING	20	2	6.00		1	855995003068
855995003075	RPURP HI HEAT SPOONS	2.5465	2.5465	3.64	HOUSEHOLD/CLEANING	20	2	3.00		1	855995003075
855995003099	REPURP UTNSL	2.5749	2.5735	4.29	HOUSEHOLD/CLEANING	20	2	0.00		1	855995003099
855995003242	6IN PLATE	1.8122	1.8438	3.07	HOUSEHOLD/CLEANING	20	2	0.00		1	855995003242
856014001010	RUBY LEM LAV ICRM SNDWCH	3.1909	3.1909	4.72	ICE CREAM	12	2	-2.00		1	856014001010
856014001027	RUBY DRK CHC ICRM SNDWCH	3.4932	3.4932	4.99	ICE CREAM	12	2	0.00		1	856014001027
856014001058	RUBY PMPKN GNGR ICRM CKE	0.0000	0.0000	0.00	ICE CREAM	12	2	0.00		1	856014001058
856014001065	RUBY CCHP VAN ICRM SNWCH	3.5380	3.5380	4.99	ICE CREAM	12	2	0.00		1	856014001065
856014001072	RUBY CHC CRML ICRM SNWCH	3.4579	3.5380	5.05	ICE CREAM	12	2	0.00		1	856014001072
856014001140	RUBY OTML BTRSCTCH SNWCH	3.1460	3.1460	4.49	ICE CREAM	12	2	0.00		1	856014001140
856014001539	RUBY ICRM SNDWCH TRP CHO	3.5098	3.5098	5.01	ICE CREAM	12	2	0.00		1	856014001539
856014001546	RUBY ICRM SDWCH SMORS SS	3.1909	3.1909	5.01	ICE CREAM	12	2	0.00		1	856014001546
856014001669	RUBY MNI CLSC ICRMSNDWCH	5.9444	5.9444	8.49	ICE CREAM	12	2	0.00		1	856014001669
856014001683	RUBY ICRM SDWCH BLKBRY	0.0000	0.0000	0.00	ICE CREAM	12	2	0.00		1	856014001683
856014001713	RUBY ICRM SNDWCH NEAPLTN	3.5380	3.5380	4.72	ICE CREAM	12	2	0.00		1	856014001713
856017003370	BIRCH PCAK WAF MX GF	4.7227	4.3038	7.86	EDIBLE GROCERY	19	0	6.00		1	856017003370
856017003387	BIRCH PCAKE/WAF CLSS	5.0440	5.0440	6.88	EDIBLE GROCERY	19	4	5.00		1	856017003387
856045007647	SKYORG COTTON BALLS	3.1096	3.1217	4.39	HEALTH & BEAUTY CARE	21	6	5.00		1	856045007647
856045007654	SKYORG CTTN BBY SWBS	4.2498	4.2498	5.67	HEALTH & BEAUTY CARE	21	0	0.00		1	856045007654
856045007661	SKYORG COTTON ROUNDS	3.1217	3.1217	4.46	HEALTH & BEAUTY CARE	21	6	5.00		1	856045007661
856045007708	SKYORG CTTN SWB BLST	4.8527	4.8527	6.47	HEALTH & BEAUTY CARE	21	0	0.00		1	856045007708
856069005049	SIM ALMFLR CKYMX CCHP GF	6.8124	6.8124	9.73	SNACKS - BAKERY	16	3	-2.00		1	856069005049
856069005124	SIM ALMFLR CRKR RSM SSLT	4.2320	4.2320	6.51	SNACKS - SALTY	15	5	-1.00		1	856069005124
856069005193	SIM CRNCHY CKY CHOC CHIP	4.2709	4.2709	6.57	SNACKS - BAKERY	16	3	0.00		1	856069005193
856069005223	SIM CRNCHY CKY DBL CHOC	4.1040	4.1040	6.84	SNACKS - BAKERY	16	3	0.00		1	856069005223
856069005230	SIM CRNCHY CKY TSTD PECN	4.2709	4.2709	6.62	SNACKS - BAKERY	16	3	-3.00		1	856069005230
856069005308	SIM CRKD PPR ALMFLR CRKR	3.9639	3.9639	6.61	SNACKS - SALTY	15	5	0.00		1	856069005308
856069005353	SMPLE MILLS CRACKER BOX	4.9200	4.9200	8.20	SNACKS - SALTY	15	5	0.00		1	856069005353
856069005360	SMPLE MILLS CRACKER BAG	0.8200	0.8200	1.37	SNACKS - SALTY	15	5	0.00		1	856069005360
856069005384	SIM CHOCOLATE CHIP CKY	3.7136	3.7136	6.19	SNACKS - BAKERY	16	3	0.00		1	856069005384
856069005476	SIM DARK CHOC ALMOND BAR	4.2623	4.2623	7.10	SNACKS - BAKERY	16	0	0.00		1	856069005476
856069005483	SIM NUTTY BANANA BRD BAR	4.2623	4.2623	7.10	SNACKS - BAKERY	16	4	0.00		1	856069005483
856069005643	SIM SWT THINS HONEY CINN	4.2320	4.2320	6.82	SNACKS - BAKERY	16	3	3.00		1	856069005643
856069005650	SIM SWT THINS CHOCBRWNIE	3.9639	3.9639	6.61	SNACKS - BAKERY	16	3	0.00		1	856069005650
856069005674	SIM SWT THINS CHOC MINT	4.0083	4.0083	6.68	SNACKS - BAKERY	16	3	0.00		1	856069005674
856069005759	SIM EVERYTHNG CRCKRS	4.0894	4.0893	6.61	SNACKS - SALTY	15	5	0.00		1	856069005759
856069005766	SIM GRLC/HERB CRCKRS	4.2320	4.2320	6.51	SNACKS - SALTY	15	5	11.00		1	856069005766
856069005919	SIM CRKR ALMFLR ROSEMARY	5.7540	5.7540	8.22	SNACKS - SALTY	15	5	0.00		1	856069005919
856072004541	TAZA CHOCOLATE SUPER DARK	0.0000	0.0000	5.95	CANDY	8	2	0.00		1	856072004541
856072004671	TAZA DARK BARK SEA SALT & ALMOND	4.6283	4.6283	7.71	SNACKS - OTHER	17	0	0.00		1	856072004671
856072004688	TAZA DARK BARK TOASTED COCONUT	4.1700	4.1700	6.95	SNACKS - OTHER	17	0	0.00		1	856072004688
856216006547	COCOJY COCONUT WATER	1.6184	1.6184	2.70	COLD BEVERAGES	7	0	276.00		1	856216006547
856261006141	SOLE FRTJRKY PIN/CNT	1.3963	1.3963	2.33	SNACKS - OTHER	17	4	0.00		1	856261006141
856261006158	SOLE FRTJRKY BAN/CCO	1.3963	1.3963	2.33	SNACKS - OTHER	17	4	0.00		1	856261006158
856336001071	CBNT JMBO PNUT LS INSHEL	3.5626	3.5626	5.84	SNACKS - OTHER	17	5	7.00		1	856336001071
856336001880	OG2 CBNT PBTR DK RST CRN	6.4420	6.4420	0.00	EDI/UNKNOWN	99	0	0.00		1	856336001880
856350000258	JUN RDG CASC FOR BDY WSH	7.5000	7.5000	16.00	HEALTH & BEAUTY CARE	21	6	-1.00		1	856350000258
856350000265	JUN RDG WT SG BDY WSH	7.5000	7.5000	16.00	HEALTH & BEAUTY CARE	21	6	0.00		1	856350000265
856350000357	JUN RDG DES CED BDY WSH	7.5000	7.5000	16.00	HEALTH & BEAUTY CARE	21	6	0.00		1	856350000357
856350000609	JUN RDG INC DES PIN	6.0000	6.0000	13.00	GENERAL MERCHANDISE	22	6	1.00		1	856350000609
856350000616	JUN RDG INC WT SG	6.0000	6.0000	13.00	GENERAL MERCHANDISE	22	6	3.00		1	856350000616
856350000623	JUN RDG INC CEDAR	6.0000	6.0000	13.00	GENERAL MERCHANDISE	22	6	2.00		1	856350000623
856350000630	JUN RDG INC CAL JUN	6.0000	6.0000	13.00	GENERAL MERCHANDISE	22	6	5.00		1	856350000630
856350000647	JUN RDG INC DOUG FIR	6.0000	6.0000	13.00	GENERAL MERCHANDISE	22	6	9.00		1	856350000647
856350000654	JUN RDG INC SWEETGRASS	6.0000	6.0000	13.00	GENERAL MERCHANDISE	22	6	1.00		1	856350000654
856442005314	UNCLE VAL'S GIN 750mL	34.9900	34.9900	29.99	LIQUOR STORE	5	3	2.00		1	856442005314
856463002446	CORE PROBIO BLUBRY	1.9827	1.9827	3.30	SNACKS - OTHER	17	3	0.00		1	856463002446
856481003036	LILYS DRK ALMOND CHOC BR	3.0640	3.0640	5.11	CANDY	8	2	0.00		1	856481003036
856500004006	HOPE HUMMUS ORIGINAL	3.3784	3.3355	5.24	GRAB & GO FOODS	11	3	0.00		1	856500004006
856500004013	HOPE HUMMUS SPCY AVO	3.1642	3.1642	5.33	GRAB & GO FOODS	11	3	0.00		1	856500004013
856500004037	HOPE HUM CNUT CURRY	3.7210	3.7210	5.32	GRAB & GO FOODS	11	3	0.00		1	856500004037
856500004044	HOPE HUMMUS JAL/CIL	3.1642	3.2814	4.55	GRAB & GO FOODS	11	3	0.00		1	856500004044
856500004525	HOPE HUMMUS RED PEPPER OG	3.2810	3.2810	5.64	GRAB & GO FOODS	11	3	0.00		1	856500004525
856500004761	HOPE HUMMUS OG 15OZ	0.0000	0.0000	7.55	GRAB & GO FOODS	11	3	0.00		1	856500004761
856500004815	HOPE GRN CHILE GUAC	4.4275	4.4516	5.92	GRAB & GO FOODS	11	3	0.00		1	856500004815
856500004846	HOPE GRN CHILE GUAC	6.2001	6.2001	9.63	GRAB & GO FOODS	11	3	0.00		1	856500004846
856544008824	QDR TONIC WTR SPECTACULR	4.0286	4.0286	5.76	EDIBLE GROCERY	19	11	0.00		1	856544008824
856544008947	QDRK BLOODY MARY MIX	0.0000	0.0000	0.00	COLD BEVERAGES	7	4	0.00		1	856544008947
856544008985	QDR TONIC WATER 8 PACK	0.0000	0.0000	0.00	EDIBLE GROCERY	19	11	0.00		1	856544008985
856579002316	SPINDRIFT RASP LIME	6.2240	6.2240	10.16	COLD BEVERAGES	7	2	0.00		1	856579002316
856579002323	S.D SPRKLNG GRAPFRUIT	6.2240	6.2240	10.16	COLD BEVERAGES	7	2	0.00		1	856579002323
856579002330	S.D SPRKLNG LEMON	6.2240	6.2240	10.16	COLD BEVERAGES	7	2	2.00		1	856579002330
856579002354	SPINDRIFT BLACKBERRY	6.0349	6.0349	10.16	COLD BEVERAGES	7	2	0.00		1	856579002354
856579002675	SPINDRIFT  HALF TEA&HLF LEM	6.2240	6.2240	10.16	COLD BEVERAGES	7	2	3.00		1	856579002675
856579002927	S.D SPARKLING WTR PINEAP	6.2240	6.2240	10.02	COLD BEVERAGES	7	2	-2.00		1	856579002927
856584004183	CHOMPS BEEF STICKS ORGNL	1.8299	1.8299	2.69	SNACKS - OTHER	17	1	-15.00		1	856584004183
856584004206	CHOMPS BEEF HOPPN JALPNO	1.8299	1.8299	2.82	SNACKS - OTHER	17	1	33.00		1	856584004206
856584004237	CHOMPS VENISON PEPPR SLT	1.8299	1.8299	2.98	SNACKS - OTHER	17	1	7.00		1	856584004237
856584004329	CHOMPS ORIG TURKEY STICK	1.6162	1.6162	2.69	SNACKS - OTHER	17	1	0.00		1	856584004329
856584004701	CHOMPS BEEF STK ITL STYL	1.8298	1.8299	2.98	SNACKS - OTHER	17	1	0.00		1	856584004701
856651002074	GDBN RST CHKPEA SEA SALT	4.2190	4.2190	6.03	EDIBLE GROCERY	19	6	0.00		1	856651002074
856651007161	GOOD BEAN CHICKPEAS SEA S	0.9050	0.9050	1.51	SNACKS - SALTY	15	0	0.00		1	856651007161
856651007604	GDBN RTE GRN CHILE WHTBN	0.0000	0.0000	0.00	EDIBLE GROCERY	19	6	0.00		1	856651007604
856717007012	PEARSON GREEN CHILE SNACK STICK	1.0575	1.0700	1.75	SNACKS - OTHER	17	1	15.00		1	856717007012
856717007029	AUTUMN BLEND CHILE SNACK STICK	1.0700	1.0700	1.79	SNACKS - OTHER	17	1	10.00		1	856717007029
856717007036	PEARSON HOT SWEET BEEF 3OZ	5.2581	5.3900	8.99	SNACKS - OTHER	17	1	9.00		1	856717007036
856717007098	PEARSON COWBOY 3 OZ	5.2809	5.3900	8.98	SNACKS - OTHER	17	1	-6.00		1	856717007098
856717007104	PEARSON COWBOY 7 OZ	11.9900	11.9900	19.98	SNACKS - OTHER	17	1	0.00		1	856717007104
856717007159	WILD BOAR SUMMER SAUSAGE	5.9900	5.9900	9.98	SNACKS - OTHER	17	1	2.00		1	856717007159
856717007197	PEARSON COWBOY 3 OZ	5.3900	5.3900	8.99	SNACKS - OTHER	17	1	12.00		1	856717007197
856717007241	PEARSON ELK HICKORY SNACK STICK	1.4256	1.4300	2.39	SNACKS - OTHER	17	1	14.00		1	856717007241
856717007258	PEARSON BUFFALO HICKORY SNACK STICK	1.4394	1.4300	2.39	SNACKS - OTHER	17	1	14.00		1	856717007258
856717007265	PEARSON VENISON HICKORY SNACK STICK	1.4300	1.4300	2.39	SNACKS - OTHER	17	1	19.00		1	856717007265
856717007272	PEARSON WILD BOAR HICKORY SK STK	1.5670	1.4300	2.38	SNACKS - OTHER	17	1	15.00		1	856717007272
856717007425	PEARSON ELK HICK SNACK STICK MULTI	5.0846	5.0900	8.49	SNACKS - OTHER	17	1	8.00		1	856717007425
856717007432	PEARSON BUFFALO HICKORY STICK MULTI	4.7900	4.7900	7.99	SNACKS - OTHER	17	1	11.00		1	856717007432
856717007449	PEARSON VENISON HICK SNK STK MULTI	5.0525	5.0900	8.49	SNACKS - OTHER	17	1	11.00		1	856717007449
856717007456	PEARSON BOAR HICK SNK STK MULTI	4.7900	4.7900	7.99	SNACKS - OTHER	17	1	2.00		1	856717007456
856717007586	PEARSON ELK SUMMER SAUSAGE	5.9900	5.9900	9.98	SNACKS - OTHER	17	1	-2.00		1	856717007586
856717007593	PEARSON BUFFALO SUMMER SAUSAGE	7.7900	7.7900	12.98	SNACKS - OTHER	17	1	0.00		1	856717007593
856717007609	PEARSON VENISON	5.9900	5.9900	9.98	SNACKS - OTHER	17	1	-1.00		1	856717007609
856717007616	FENDER BENDER SUMMER SAUSAGE	11.3900	11.3900	18.98	SNACKS - OTHER	17	1	0.00		1	856717007616
856717007784	PEARSON ELK HICKORY JERKY	5.0900	5.0900	8.49	SNACKS - OTHER	17	1	8.00		1	856717007784
856717007807	PEARSON VENISON HICKORY JERKY	5.0379	5.0900	8.49	SNACKS - OTHER	17	1	9.00		1	856717007807
856717007814	PEARSON WILD BOAR HICKORY JERKY	5.0233	5.0900	8.49	SNACKS - OTHER	17	1	10.00		1	856717007814
856724006114	CASAMIGOS TEQUILA BLANCO 750ML	0.0000	47.9900	49.99	LIQUOR STORE	5	3	7.00		1	856724006114
856724006213	CASAMIGOS TEQUILA RESPOSADO 750ML	0.0000	52.9900	54.99	LIQUOR STORE	5	3	9.00		1	856724006213
856739001159	BANANAGRAMS GAME	9.8500	9.8500	19.99	GENERAL MERCHANDISE	22	12	9.00		1	856739001159
856757002053	EPIC CROSS FVR 500ML SNGL	0.0000	4.4900	4.49	LIQUOR STORE	5	1	0.00		1	856757002053
856757002152	EPIC MARG	7.1950	7.1950	10.28	BEER-GS	4	5	-2.00		1	856757002152
856757002466	EPIC ESCAPE CO 355ML 6PK	11.9400	11.9400	11.94	LIQUOR STORE	5	1	4.00		1	856757002466
856757002473	EPIC COSMO	7.1950	7.1950	11.99	BEER-GS	4	5	1.00		1	856757002473
856757002596	EPIC HIP CHECK 473ML 4PK	11.0000	11.0000	11.00	LIQUOR STORE	5	1	0.00		1	856757002596
856757002657	EPIC TART JUICY 355ML 6PK	0.0000	17.9400	17.94	LIQUOR STORE	5	1	0.00		1	856757002657
856757002671	EPIC LOS LOCOS 355ML 6PK	11.9400	11.9400	11.94	LIQUOR STORE	5	1	8.00		1	856757002671
856823004110	JCKSN SWEET POTATO CHIP	3.3681	3.3681	5.61	SNACKS - SALTY	15	1	0.00		1	856823004110
856823004745	JCKSN SWT POT CHP SEA SL	3.3681	3.3681	5.18	SNACKS - SALTY	15	1	-7.00		1	856823004745
856823004752	JCKSN SWT POT CHP BBQ	0.0000	0.0000	0.00	SNACKS - SALTY	15	1	0.00		1	856823004752
856823004974	JCKSN POTCHP FHRNCH AVOO	3.3681	3.3681	5.61	SNACKS - SALTY	15	1	0.00		1	856823004974
856839005026	OG2 ELMTL MULBRY CCAO SP	2.6395	2.6395	0.00	EDI/UNKNOWN	99	0	0.00		1	856839005026
856920005027	GOODPOP HIBISCUS MINT	0.0000	0.0000	0.00	ICE CREAM	12	2	0.00		1	856920005027
856930006007	MRPHY MOSQ TCK RPLNT OIL	7.4931	7.4931	10.70	HEALTH & BEAUTY CARE	21	6	0.00		1	856930006007
856930006724	MRPHY MSQTO RPLNT M CNDL	0.0000	0.0000	0.00	HEALTH & BEAUTY CARE	21	6	0.00		1	856930006724
856962007126	TAOS BAKES TST CONUT BAR	1.8080	1.8592	2.86	SNACKS - OTHER	17	3	14.00		1	856962007126
856962007140	TAOS BAKES PINON COF BAR	1.5946	1.5946	2.66	SNACKS - OTHER	17	3	-8.00		1	856962007140
856962007157	TAOS BAKES PINON COF BAR	2.0852	2.0852	3.39	SNACKS - OTHER	17	3	12.00		1	856962007157
856962007164	TAOS BAKES CRML PECN BAR	2.0551	2.0852	3.10	SNACKS - OTHER	17	3	6.00		1	856962007164
856962007188	TAOS BAKES ALMD AGVE	0.0000	0.0000	2.76	SNACKS - OTHER	17	3	-7.00		1	856962007188
856962007195	TAOS BAKES ALMD AGVE BAR	2.0852	2.0852	3.39	SNACKS - OTHER	17	3	12.00		1	856962007195
856962007201	TAOS BAKES PB CHOCO BAR	1.5009	1.5009	2.99	SNACKS - OTHER	17	3	-4.00		1	856962007201
856962007218	TAOS BAKES PB CHOCO BAR	1.8605	1.8065	3.01	SNACKS - OTHER	17	3	0.00		1	856962007218
856962007225	TAOS BAKES PECN PRLN BAR	2.0116	2.0116	3.35	SNACKS - OTHER	17	3	0.00		1	856962007225
856962007232	TAOS BAKES PECN PRLN BAR	2.0155	2.0852	3.39	SNACKS - OTHER	17	3	0.00		1	856962007232
856962007263	TAOS BAKES BR PF10 GNGRS	2.0797	2.0852	3.39	SNACKS - OTHER	17	3	1.00		1	856962007263
856962007287	TAOS BAKES DKCH ALMD BAR	2.0845	2.0852	3.21	SNACKS - OTHER	17	3	0.00		1	856962007287
857063002065	SAFF CHICKEN PAD THAI	5.0205	5.0205	8.37	FROZEN FOODS	13	1	0.00		1	857063002065
857063002386	SAFFRON  CHK ENCH	5.6719	5.6867	7.58	FROZEN FOODS	13	1	8.00		1	857063002386
857063002430	SAFRON BMBY SPC CHKP	3.9453	3.9678	6.03	SNACKS - SALTY	15	0	0.00		1	857063002430
857155007572	BOCCES BAC NUTTY DOG TRT	5.0026	5.0026	8.34	HOUSEHOLD/CLEANING	20	5	0.00		1	857155007572
857183005007	BANZA CHKPEA PSTA PENNE	3.6031	3.6031	5.45	EDIBLE GROCERY	19	3	6.00		1	857183005007
857203007530	KING FLYDS BLDY MRY PNUTS	7.4900	7.4900	12.48	SNACKS - OTHER	17	5	0.00		1	857203007530
857287004517	FLAX COOKIES	2.2600	2.2600	3.77	SNACKS - BAKERY	16	3	0.00		1	857287004517
857304002007	ANCIENT ARTISAN GHEE	10.4349	10.4349	13.91	DAIRY - OTHER	10	3	0.00		1	857304002007
857309008042	ROOSTER HONEY WHEAT	7.5875	7.5875	8.75	BEER-GS	4	6	0.00		1	857309008042
857309008073	ROOSTER BLOOD ORANGE	7.5875	7.5875	8.75	BEER-GS	4	6	0.00		1	857309008073
857323004211	POTATOES HONEST 5LB	7.4300	7.4300	10.32	PRODUCE	18	2	-10.00		1	857323004211
857323004709	POTATOES  RED HONEST EAR	4.6438	4.6438	6.63	PRODUCE	18	2	2.00		1	857323004709
857431007425	B&S HOTDOG BEEF	11.0646	11.0760	15.99	FROZEN FOODS	13	5	0.00		1	857431007425
857431007463	BOVINE JAL CHED 1.82LB	30.3750	30.3750	40.50	FROZEN FOODS	13	5	0.00		1	857431007463
857431007524	B&S JALAPENO BEEF SN STIX	3.4387	3.4425	4.29	GRAB & GO FOODS	11	5	0.00		1	857431007524
857513007091	POSHI MARINTD ARTICHOKES	3.4446	3.4446	4.92	GRAB & GO FOODS	11	0	1.00		1	857513007091
857513007114	POSHI MARNTD CAULIFLOWER	3.2034	3.2034	4.93	GRAB & GO FOODS	11	4	7.00		1	857513007114
857513007220	POSHI RSTD RED PPR OIL	3.8394	3.8394	6.40	SNACKS - OTHER	17	0	0.00		1	857513007220
857513007305	POSHI ASPRGUS MRNTD SNK	1.3932	1.4053	2.31	SNACKS - OTHER	17	0	11.00		1	857513007305
857513007312	POSHI ARTICOKE MRNTD SNK	1.4101	1.4101	2.31	SNACKS - OTHER	17	0	13.00		1	857513007312
857513007329	POSHI FRNCH BNS MNTD SNK	1.4199	1.4198	2.10	SNACKS - OTHER	17	0	8.00		1	857513007329
857513007466	POSHI ASPRGUS STMD&MRNTD	3.1340	3.1340	5.22	SNACKS - OTHER	17	0	0.00		1	857513007466
857513007596	POSHI RSTD REDPPR IN OIL	0.0000	0.0000	0.00	SNACKS - OTHER	17	0	0.00		1	857513007596
857513007626	POSHI CALFLWR SLT BLKPPR	1.4101	1.4101	2.31	SNACKS - OTHER	17	0	9.00		1	857513007626
857513007640	POSHI CAULI STMD&MRNTD	3.1802	3.1801	5.30	SNACKS - OTHER	17	0	0.00		1	857513007640
857519004032	FIVE WIVES VODKA 750ML	0.0000	13.9900	13.99	LIQUOR STORE	5	3	0.00		1	857519004032
857519004124	MADAM PAT GIN 750ML	26.9900	26.9900	22.99	LIQUOR STORE	5	3	8.00		1	857519004124
857538000015	DIVA CUP MODEL 1	25.8296	25.8296	36.29	HEALTH & BEAUTY CARE	21	3	0.00		1	857538000015
857538000022	DIVA CUP MODEL 2	25.8296	25.8296	35.92	HEALTH & BEAUTY CARE	21	3	0.00		1	857538000022
857538000237	DIVA CUP MODEL 0	25.4017	25.4017	36.29	HEALTH & BEAUTY CARE	21	3	1.00		1	857538000237
857554005773	MYOK VEGAN CULT BTR	4.8431	4.8430	6.72	DAIRY - OTHER	10	3	1.00		1	857554005773
857554005995	MYOK VGN CLT BTR UNS	4.5350	4.5821	6.76	DAIRY - OTHER	10	3	0.00		1	857554005995
857682003863	BARN PLNTN CHP HPSLT	3.8673	3.8673	5.67	SNACKS - SALTY	15	1	0.00		1	857682003863
857777004188	RXBAR PUMPKIN SPICE	1.8408	1.8408	3.07	SNACKS - OTHER	17	3	0.00		1	857777004188
857777004232	RXBAR CHOCSSLT	2.1622	2.1622	3.46	SNACKS - OTHER	17	3	16.00		1	857777004232
857777004416	RXBAR MAPLE SEA SALT	1.8408	1.8408	3.07	SNACKS - OTHER	17	3	0.00		1	857777004416
857851005025	88AC CS BAR APPLE GINGER	1.5845	1.5830	2.67	SNACKS - OTHER	17	3	11.00		1	857851005025
857851005292	88AC BAR OATS CINN	1.6025	1.6025	2.67	SNACKS - OTHER	17	3	0.00		1	857851005292
857851005902	88AC BAN BREAD PROTN BAR	2.1435	2.1654	2.99	SNACKS - OTHER	17	3	0.00		1	857851005902
857854007385	SBC DAY SNSCRN CRM SPF30	4.4000	4.4000	5.64	HEALTH & BEAUTY CARE	21	6	3.00		1	857854007385
857854007750	SBC GLSS SHAMP SSALT BRG	6.5157	6.5157	0.00	EDI/UNKNOWN	99	0	1.00		1	857854007750
857866007014	PBB LIP BALM UNSCENTED	1.9709	1.9709	3.03	HEALTH & BEAUTY CARE	21	6	0.00		1	857866007014
857910005157	HEAD HIGH PINOT NOIR 750ML	15.9900	15.9900	15.99	LIQUOR STORE	5	2	0.00		1	857910005157
857946006265	LONLF CHKN BONE BRTH STK	5.3569	5.3568	7.65	EDIBLE GROCERY	19	6	4.00		1	857946006265
857983000011	HI CHEW GRAPE	0.8713	0.8713	1.45	CANDY	8	3	0.00		1	857983000011
857983004033	HI CHEW BANANA	0.7500	0.7333	1.22	CANDY	8	3	0.00		1	857983004033
857983004736	HI CHEW KIWI	0.9467	0.9467	1.46	CANDY	8	3	0.00		1	857983004736
858010005580	TNYS MILK CHOC BAR 32%	5.4026	5.4026	5.42	CANDY	8	2	12.00		1	858010005580
858010005627	TNYS 70% XDARK CHOC BAR	4.0409	4.0586	6.58	CANDY	8	2	0.00		1	858010005627
858010005689	TNYS DKCHC PRTZ TOFE 42%	5.4026	5.4026	7.72	CANDY	8	2	18.00		1	858010005689
858010005948	TNYS TNY MLK BLK PK 100	36.2839	36.2839	0.52	CANDY	8	2	-87.00		1	858010005948
858045004299	MLKDMIA MACADMA MLK UNSW	3.5214	3.7152	6.20	DAIRY - FLUID	9	4	0.00		1	858045004299
858096001117	BOHEMIAN EXPORT LAG 355ML 6PK	1.9900	1.9900	1.99	LIQUOR STORE	5	1	0.00		1	858096001117
858102004002	MATEO SALSA HOT	5.0019	5.0019	7.85	EDIBLE GROCERY	19	7	6.00		1	858102004002
858102004019	MATEO GRMT SALSA MEDIUM	5.0019	5.0019	7.24	EDIBLE GROCERY	19	0	9.00		1	858102004019
858102004026	MATEO SALSA MILD	5.0009	5.0019	7.24	EDIBLE GROCERY	19	7	7.00		1	858102004026
858159002167	WB KIMCHI KOREAN STYLE	4.1697	4.1697	0.00	EDI/UNKNOWN	99	0	6.00		1	858159002167
858195003005	BCHN CHIPOTLE SAUCE	4.4371	4.4371	6.34	GRAB & GO FOODS	11	3	0.00		1	858195003005
858195003012	BCHN ORIGINAL SAUCE	4.9144	4.9144	8.19	GRAB & GO FOODS	11	3	0.00		1	858195003012
858195003067	BITCHIN CILANTRO CHILI	5.1267	5.1267	6.95	GRAB & GO FOODS	11	3	8.00		1	858195003067
858195003081	BITCHIN BOMBAY SAUCE	5.1267	5.1267	7.47	GRAB & GO FOODS	11	3	0.00		1	858195003081
858195003098	BITCHIN PESTO	5.1267	5.1267	7.17	GRAB & GO FOODS	11	3	0.00		1	858195003098
858195003296	DIN SPNCH ARTICKE DP	5.1607	5.1607	7.15	GRAB & GO FOODS	11	3	0.00		1	858195003296
858195003302	BCHN RSTD GRN PEPPER	5.1607	5.1607	7.37	GRAB & GO FOODS	11	3	0.00		1	858195003302
858195003555	BTCHN ORIG TORT SNACKER	2.3405	2.3405	3.90	GRAB & GO FOODS	11	3	0.00		1	858195003555
858195003784	BCHN HATCH SAUCE	5.1267	5.1267	7.32	GRAB & GO FOODS	11	3	0.00		1	858195003784
858241006332	JENI ICE CRM BLKOUT CHOC	6.9303	6.9303	9.63	ICE CREAM	12	1	0.00		1	858241006332
858241006349	JENI ICE CRM BSTN CRM PI	6.9303	6.9303	9.24	ICE CREAM	12	2	3.00		1	858241006349
858241006370	JENI ICRM BRWN BTR ALMND	0.0000	0.0000	0.00	ICE CREAM	12	1	0.00		1	858241006370
858241006431	JENI ICRM SKILLET CIN RL	0.0000	0.0000	0.00	ICE CREAM	12	1	0.00		1	858241006431
858241006578	JENI ICRM MPL SOAK PCAKE	6.9303	6.9303	9.90	ICE CREAM	12	1	1.00		1	858241006578
858313006420	MIGHTYS TAHINI BAR 1	0.5780	0.5780	0.96	SNACKS - OTHER	17	3	0.00		1	858313006420
858313006451	MIGHTYS TAHINI BAR PACK	3.4746	3.4746	5.79	SNACKS - BAKERY	16	3	0.00		1	858313006451
858354001453	OG2 MINSLEY BRWN RCE BWL	1.8996	1.8996	0.00	EDI/UNKNOWN	99	0	0.00		1	858354001453
858358006003	SKINTE SPRK TEA GRN GRPF	2.8218	2.8218	4.70	COLD BEVERAGES	7	6	0.00		1	858358006003
858719004013	CRMWCH CKIE CHC DPD VAN	3.0838	3.0838	4.11	ICE CREAM	12	2	0.00		1	858719004013
858724864084	BMBOO FACLTISS TUBLR2PLY	1.4843	1.4843	0.00	EDI/UNKNOWN	99	0	0.00		1	858724864084
858735007074	MANDARINS  CUTIES	3.9733	3.9733	5.68	PRODUCE	18	1	-5.00		1	858735007074
8587350070744	WILD HARVEST MANDARINS	3.9733	3.9733	5.30	PRODUCE	18	1	15.00		1	8587350070744
858739005113	RITUAL CHOCOLATE DARK MOCHA	4.4900	4.4900	6.41	CANDY	8	2	0.00		1	858739005113
858739005137	RITUAL FLEUR DE SEL CHOC	5.0000	5.0000	7.69	CANDY	8	2	4.00		1	858739005137
858739005182	RITUAL BARREL BOURBON	8.3200	8.3200	11.89	CANDY	8	2	0.00		1	858739005182
858739005205	RITUAL PURE CACAO	4.9900	4.9900	7.13	CANDY	8	2	0.00		1	858739005205
858739005229	RITUAL CHOCOLATE GRANOLA	7.8000	7.8000	11.14	EDIBLE GROCERY	19	2	0.00		1	858739005229
858739005373	RITUAL CHOC CHERRY VANILLA	5.5000	5.5000	11.00	CANDY	8	2	7.00		1	858739005373
858739005618	RITUAL HNYCMB TOFF CHOCO	5.5000	5.5000	11.00	CANDY	8	2	7.00		1	858739005618
858739005625	RITUAL SMORES CHOCO	5.5000	5.5000	8.46	CANDY	8	2	7.00		1	858739005625
858739005632	RITUAL PINE NUT CHOCO	6.4900	6.4900	9.31	CANDY	8	2	0.00		1	858739005632
858739005649	RITUAL JUNIPER LAV CHOCO	5.5000	5.5000	8.46	CANDY	8	2	1.00		1	858739005649
858739005717	RITUAL APRES CHOCOLATE	5.9900	5.9900	8.56	CANDY	8	2	0.00		1	858739005717
858739005823	RITUAL LOVER'S LEAP BAR	7.5000	7.5000	10.71	CANDY	8	2	0.00		1	858739005823
858739005847	RITUAL DESERT SANDS	5.4900	5.4900	7.84	CANDY	8	2	0.00		1	858739005847
8588005683135	APIMED MEAD OLD SLAV 750ML	0.0000	15.1200	15.12	LIQUOR STORE	5	2	5.00		1	8588005683135
8588005683159	APIMED DARK FOREST 750ML	15.1200	15.1200	15.12	LIQUOR STORE	5	2	1.00		1	8588005683159
858847000895	NAV GOLDENBERRIES	11.7081	11.7081	16.73	SNACKS - OTHER	17	4	7.00		1	858847000895
858847003056	BEEHIVE CHED BARELY BUZZ	3.7983	3.7850	5.27	DAIRY - OTHER	10	1	8.00		1	858847003056
858847003230	BEEHIVE BIG JOHN CAJUN	3.5367	3.4910	4.99	DAIRY - OTHER	10	1	6.00		1	858847003230
858847003292	BEEHIVE PROM CHEDDAR	3.1500	3.1500	4.50	DAIRY - OTHER	10	1	0.00		1	858847003292
858847003414	BEEHIVE CHS APPLE WALNUT	3.5116	3.4910	5.18	DAIRY - OTHER	10	1	12.00		1	858847003414
858847003681	BEEHIVE CHS CURDS SQUEAKY	2.9820	2.9820	4.99	DAIRY - OTHER	10	1	0.00		1	858847003681
858847003872	BEEHIVE CHSE CURDS HATCH	3.0780	3.0780	5.19	DAIRY - OTHER	10	1	0.00		1	858847003872
858941006168	JETBOIL 8.11OZ	4.0800	4.0800	6.80	CAMPING & OUTDOORS	43	5	0.00		1	858941006168
858959004002	BROCCOLI  BABY	2.4778	2.4778	3.54	PRODUCE	18	2	0.00		1	858959004002
858959004019	CILANTRO 2 BUNCHES	2.0200	2.0200	3.20	PRODUCE	18	0	-13.00		1	858959004019
858959004040	KALE  JOSIE ORGANIC	1.5250	1.5250	2.19	PRODUCE	18	2	-16.00		1	858959004040
858959004064	RED KALE OG	1.7208	1.7208	2.15	PRODUCE	18	2	0.00		1	858959004064
858959004101	BROC CROWNS JOSIES OG	3.4045	3.4500	4.04	PRODUCE	18	2	-13.00		1	858959004101
858959004255	LETTUCE  ROMAINE 3 CT	2.6917	2.6917	3.59	PRODUCE	18	2	3.00		1	858959004255
858959004279	LETTUCE  GREEN LEAF	1.5667	1.5667	2.15	PRODUCE	18	2	0.00		1	858959004279
858959004309	CELERY HEARTS	3.2556	3.2556	4.65	PRODUCE	18	2	0.00		1	858959004309
858959004453	CAULI JOSIES	2.8833	2.8833	4.12	PRODUCE	18	2	-12.00		1	858959004453
858959004705	CABBAGE  JOSIES OG	2.6917	2.6917	3.59	PRODUCE	18	2	0.00		1	858959004705
858996005000	GRI SM PICKLES	3.8993	3.8242	5.46	GRAB & GO FOODS	11	4	0.00		1	858996005000
858996005048	GRLO PCKL SPRS ITLN DILL	5.8447	5.8447	8.20	GRAB & GO FOODS	11	0	1.00		1	858996005048
858996005567	GRLO DILL PICKLE HALVES	5.8447	5.8447	8.35	GRAB & GO FOODS	11	0	0.00		1	858996005567
859139006038	SCHMDTS DEOD BRGMT LIME	8.3926	8.3926	12.61	HEALTH & BEAUTY CARE	21	6	1.00		1	859139006038
859139006045	SCHMDTS DEOD LAV SAGE	8.3926	8.3926	12.91	HEALTH & BEAUTY CARE	21	6	1.00		1	859139006045
859139006083	SCHMDTS DEOD ROSE VAN	8.3926	8.3926	12.61	HEALTH & BEAUTY CARE	21	6	0.00		1	859139006083
859139006618	SCHMDTS DEOD CHRCL MAG	8.3926	8.3926	12.61	HEALTH & BEAUTY CARE	21	6	0.00		1	859139006618
859139006960	SCHMDT JASMINE TEA DEOD	6.9862	7.2256	11.12	HEALTH & BEAUTY CARE	21	6	0.00		1	859139006960
859332006019	CHOC CONSP BLCKBRY GNGR	5.2000	5.2000	7.43	CANDY	8	2	0.00		1	859332006019
859332006033	CCONSP MINT CHIP	5.2000	5.2000	7.43	CANDY	8	2	0.00		1	859332006033
859332006040	CHOC CONSP WILD SPICE	5.4100	5.4100	7.73	CANDY	8	2	0.00		1	859332006040
859332006132	CCONSP CHIPOTLE ORANGE BAR	5.4100	5.4100	7.73	CANDY	8	2	0.00		1	859332006132
859332006262	CCONSP KIITOS COFFEE BAR	6.2000	6.2000	8.86	CANDY	8	2	0.00		1	859332006262
859392005007	THNDRBRD TEX MPL PCN BAR	1.8032	1.8032	2.58	SNACKS - OTHER	17	3	0.00		1	859392005007
859392005151	THNDRBRD APRCT ALMND VAN	2.2330	2.2376	3.73	SNACKS - OTHER	17	3	0.00		1	859392005151
859392005199	THNDRBRD CHRY HEMP TRMRC	2.2142	2.2376	3.73	SNACKS - OTHER	17	3	0.00		1	859392005199
859392005229	THNDRBRD HAZL COFF MACA	1.8664	1.8664	3.01	SNACKS - OTHER	17	3	0.00		1	859392005229
859392005236	THNDRBRD PCN GOJI PISTCH	1.8664	1.8664	3.11	SNACKS - OTHER	17	3	-2.00		1	859392005236
859392005342	THNDRBRD CHOC ALMBTR BAR	1.6102	1.6102	2.68	SNACKS - OTHER	17	3	0.00		1	859392005342
859392005359	THNDRBRD CHOC CCNUT BAR	0.0000	0.0000	0.00	SNACKS - OTHER	17	3	0.00		1	859392005359
859392005724	THNDRBRD YPN MATCHA BAR	1.7055	1.6736	2.87	SNACKS - OTHER	17	3	0.00		1	859392005724
859392005755	THNDRBRD MEX HOT CHOC BR	1.8388	1.8664	3.11	SNACKS - OTHER	17	3	0.00		1	859392005755
859392005816	THNDRBRD CHLI PPTA PN BR	1.8040	1.8040	3.01	SNACKS - OTHER	17	3	0.00		1	859392005816
859426005065	STRAWBERRIES EXPO	3.9500	3.9500	5.27	PRODUCE	18	1	-14.00		1	859426005065
859426005188	BLUEBERRIES  ORG	3.7750	3.7750	5.39	PRODUCE	18	1	0.00		1	859426005188
859444007652	ROONIES VANILLA ICSAND	2.7167	2.7167	3.62	ICE CREAM	12	2	0.00		1	859444007652
859444007669	COOKIESNCREAM ICESAN	2.7167	2.7167	3.62	ICE CREAM	12	2	0.00		1	859444007669
859444007744	ROONIES COOKIE DOUGH ICESAN	2.7167	2.7167	3.62	ICE CREAM	12	2	0.00		1	859444007744
859480006213	SAFE ELTE TNA CHLI LM SS	2.2683	2.2262	3.68	SNACKS - OTHER	17	1	16.00		1	859480006213
859553004245	CAP LASAG SHTS	0.0000	0.0000	3.59	FROZEN FOODS	13	0	0.00		1	859553004245
859686004006	BARKTHN DK CHOC ALMOND	0.0000	0.0000	0.00	SNACKS - BAKERY	16	0	0.00		1	859686004006
859711007224	EPIC CHASING GHOSTS 473ML 4PK	11.4000	11.4000	11.40	LIQUOR STORE	5	1	11.00		1	859711007224
859711007293	EPIC MULE	7.2663	7.1950	11.99	BEER-GS	4	5	0.00		1	859711007293
859711007538	EPIC LUNAR HAZY IPA CAN	8.7923	8.7925	13.53	BEER-GS	4	0	-3.00		1	859711007538
859711007767	EPIC SUPER LAGER 12 PK CAN	15.4400	15.4400	22.06	BEER-GS	4	5	0.00		1	859711007767
859739002836	MAVERIK MINI SAUSAGE	0.7500	0.7500	1.25	SNACKS - OTHER	17	1	0.00		1	859739002836
859792002316	NONA LIM PAD SEE EW NDLS	0.0000	0.0000	0.00	EDI/UNKNOWN	99	0	0.00		1	859792002316
859806003025	JC MEAT BBQ MTLS JACKFRT	4.8123	4.8122	6.63	EDIBLE GROCERY	19	6	0.00		1	859806003025
859810002502	CAPECD CRANBERRIES	3.6250	4.0492	5.65	FROZEN FOODS	13	2	0.00		1	859810002502
859815002033	OCHOS COCONUT BARS	0.0000	1.0500	1.75	CANDY	8	2	0.00		1	859815002033
859888000127	OG2 GR SPRT SEED PUMPKIN	12.1238	12.1238	0.00	EDI/UNKNOWN	99	0	0.00		1	859888000127
859921006499	S+M HALVA DKCHOC SEASALT	0.0000	0.0000	0.00	SNACKS - BAKERY	16	0	0.00		1	859921006499
859921006802	S+M TAHINI SQUEEZE	7.6584	7.6584	9.82	EDIBLE GROCERY	19	7	4.00		1	859921006802
859921006994	S+M HLVA COCOA COATD ALM	0.0000	0.0000	0.00	SNACKS - BAKERY	16	0	0.00		1	859921006994
859922007396	NUT PODS ALM COC CREAMER	0.0000	0.0000	6.29	DAIRY - FLUID	9	4	0.00		1	859922007396
859975002089	A.N SNFLWR CIT HAIR SPRY	5.9225	5.9225	8.46	HEALTH & BEAUTY CARE	21	6	0.00		1	859975002089
859977005002	GDC CTG CHS STRW CHA	2.0730	2.2505	2.96	GRAB & GO FOODS	11	3	0.00		1	859977005002
859977005064	GDC CTGCHS CLASSIC	5.0181	5.0181	7.05	DAIRY - OTHER	10	0	0.00		1	859977005064
859977005125	GDC CTGCHS 4% CLASSIC	3.6915	3.6955	5.13	DAIRY - OTHER	10	1	6.00		1	859977005125
859977005279	GDC CLSSC COTTAGE CHEESE	3.6955	3.6955	0.00	EDI/UNKNOWN	99	0	0.00		1	859977005279
860000709682	RBREW LONDN FOG TEA	2.2216	1.8089	3.88	COLD BEVERAGES	7	6	26.00		1	860000709682
860000780308	MELA WTRMLN WTR ORIGINAL	2.3745	2.3745	3.39	COLD BEVERAGES	7	4	0.00		1	860000780308
860000780346	MELA WTRMLN WTR GINGER	0.0000	0.0000	0.00	COLD BEVERAGES	7	4	0.00		1	860000780346
860001163513	BEEHIVE MOSCOW MULE 355ML 4PK	14.3600	14.3600	14.36	LIQUOR STORE	5	4	13.00		1	860001163513
860001163520	BEEHIVE GIN RICKEY 355ML 4PK	14.3600	14.3600	14.36	LIQUOR STORE	5	4	12.00		1	860001163520
860001200324	MAYANA PRIDE BAR MINI	2.2500	2.2500	3.75	CANDY	8	2	10.00		1	860001200324
860001200386	MAYANA COCONUTTY	2.3400	2.3400	3.90	CANDY	8	2	0.00		1	860001200386
860001222296	NEW ITEM	0.0000	0.0000	0.00	GENERAL MERCHANDISE	22	10	0.00		1	860001222296
860001254563	KW CHRY LM MOOD BST SPRK	1.6547	1.6547	2.76	COLD BEVERAGES	7	2	0.00		1	860001254563
860001274875	F&I SPRING WATER 17.2 OZ	0.0000	0.0000	2.50	WATERS - BEVERAGES	31	3	0.00		1	860001274875
860001288896	CRUISER BT SPEAKER	21.9900	21.9900	34.99	GENERAL MERCHANDISE	22	10	6.00		1	860001288896
860001541977	ZMY NACHO TORT CHIPS	4.2033	4.2055	6.44	SNACKS - SALTY	15	2	1.00		1	860001541977
860001697803	FLY SICHUAN CHILI SAUCE	10.9471	10.9471	15.64	EDIBLE GROCERY	19	7	0.00		1	860001697803
860001901030	NG BAN PUDD ICRM SANDWCH	3.2336	3.2336	4.97	ICE CREAM	12	2	6.00		1	860001901030
860001901047	NG ICRM SNDWCH CHOCOLATE	3.2349	3.2352	4.31	ICE CREAM	12	2	22.00		1	860001901047
860001901092	NG CHOC FR RST ICRM SNDW	3.2700	3.2700	4.67	ICE CREAM	12	2	19.00		1	860001901092
860001906127	ATLAS BAR PRTN ALM CHOC	2.1551	2.1557	3.59	SNACKS - OTHER	17	3	0.00		1	860001906127
860001992908	AMG ENRGY BTS ALM CHAI	3.5163	3.5163	5.86	SNACKS - OTHER	17	3	0.00		1	860001992908
860001992915	AMG ENRGY BTS PB CHC CHP	3.5529	3.5529	5.92	SNACKS - OTHER	17	3	0.00		1	860001992915
860001992960	AMG ENRGY BTS CHOC CCNUT	3.5529	3.5529	5.92	SNACKS - OTHER	17	3	0.00		1	860001992960
860002097947	UTOG RED EYE 473ML 4PK	15.9600	15.9600	15.96	LIQUOR STORE	5	1	6.00		1	860002097947
860002157207	CHLTA MRNGN MTC CHOC	2.9702	2.9702	4.95	CANDY	8	2	0.00		1	860002157207
860002157214	CHLTA STRAW PSN CHOC	2.9702	2.9702	4.95	CANDY	8	2	0.00		1	860002157214
860002260907	AB LEMGRS CNUT SPRKL WTR	1.3323	1.3323	2.22	COLD BEVERAGES	7	2	0.00		1	860002260907
860002260914	AB PPRMNT WTRMLN SPRK WT	1.5366	1.5366	2.46	COLD BEVERAGES	7	2	0.00		1	860002260914
860002260921	AURA BORA LAV CUC	1.4698	1.5139	2.24	COLD BEVERAGES	7	2	0.00		1	860002260921
860002260938	AURA BORA BASIL BERRY	1.5366	1.5366	2.22	COLD BEVERAGES	7	2	0.00		1	860002260938
860002260945	AURA BORA CACTUS ROSE	1.3452	1.3323	2.46	COLD BEVERAGES	7	2	0.00		1	860002260945
860002398914	LCR LATT CLD BRW COF	0.0000	0.0000	0.00	COLD BEVERAGES	7	5	0.00		1	860002398914
860002409702	MOLO BLCK CURRNT ICE	6.5434	6.5434	8.72	ICE CREAM	12	1	0.00		1	860002409702
860002409719	MOLO FARMERS CHZCAKE	6.8205	6.8205	9.09	ICE CREAM	12	1	0.00		1	860002409719
860002409726	MOLO RUSSN MLK CHOC	6.5434	6.5434	8.72	ICE CREAM	12	1	0.00		1	860002409726
860002409764	MOLO VANILLA PLOMBIR	6.8205	6.8205	9.09	ICE CREAM	12	1	0.00		1	860002409764
860002409771	MOLO CREME BRULEE IC	6.8205	6.8205	9.09	ICE CREAM	12	1	0.00		1	860002409771
860003034125	MEZ HOT CHOCOLATE BAR	2.0706	2.0706	3.45	SNACKS - OTHER	17	3	15.00		1	860003034125
860003223307	OLIPOP SPK TNIC CHRY VAN	2.0171	2.0171	3.36	COLD BEVERAGES	7	1	10.00		1	860003223307
860003223321	OLIPOP SPK TNIC ORNG CRM	0.0000	0.0000	0.00	COLD BEVERAGES	7	2	0.00		1	860003223321
860003223390	OLIPOP SPK TNIC GRAPE	2.0168	2.0171	2.74	COLD BEVERAGES	7	1	13.00		1	860003223390
860003300411	ELLAS EVRTH CRISP ALSD	5.8788	5.8788	7.83	SNACKS - SALTY	15	5	3.00		1	860003300411
860003623497	RANCH WATER VARIETY	15.3250	15.3250	20.38	BEER-GS	4	5	3.00		1	860003623497
860003649718	DELA HOT SAUCE GREEN	2.5009	2.5009	3.85	EDIBLE GROCERY	19	7	0.00		1	860003649718
860003743119	LAZIZ MUHAMMARA	5.0000	5.0000	7.14	GRAB & GO FOODS	11	3	0.00		1	860003743119
860003963524	SR STHNG CHKN RAMAN	4.7588	4.7588	7.32	EDIBLE GROCERY	19	6	0.00		1	860003963524
860003997550	BLUEBERRIES CAROLINA	2.9708	2.9708	4.24	PRODUCE	18	1	0.00		1	860003997550
860004113645	SCAR OF THE SEA CHARDONNAY 750ML	0.0000	26.9900	26.99	LIQUOR STORE	5	2	26.00		1	860004113645
860004355601	QUEEN OF SIERRA RED BLEND 750ML	0.0000	17.9900	17.99	LIQUOR STORE	5	2	12.00		1	860004355601
860004410621	FPERS BULBS BLK GAR	4.9308	4.9308	8.22	SNACKS - OTHER	17	0	0.00		1	860004410621
860004748601	HANK PAPL CACTUS KMBUCHA	2.9248	2.9248	4.83	COLD BEVERAGES	7	6	8.00		1	860004748601
860004748618	HANK GNGER HBSCUS KMBCHA	2.9773	2.9248	4.48	COLD BEVERAGES	7	6	15.00		1	860004748618
860004748625	HANK GRPFRT RSMRY KMBCHA	3.2311	3.2311	4.83	COLD BEVERAGES	7	6	-1.00		1	860004748625
860004748656	HANK KBUCHA RASPBRY ROSE	3.0245	2.9248	5.23	COLD BEVERAGES	7	6	-2.00		1	860004748656
860004748663	HANS KMBCHA BLKBRY JUN	2.9861	2.9248	5.23	COLD BEVERAGES	7	6	16.00		1	860004748663
860005420544	RANCH WATER OG	15.3250	15.3250	21.25	BEER-GS	4	5	1.00		1	860005420544
8600054205448	RANCH WATER 12PK	0.0000	0.0000	0.00	BEER-GS	4	5	0.00		1	8600054205448
860005507139	ETTA DRY HARD 500ML SNGL	0.0000	9.9500	9.95	LIQUOR STORE	5	5	6.00		1	860005507139
860005507184	ETTA GNGR CID 500ML SNGL	0.0000	9.9500	9.95	LIQUOR STORE	5	5	5.00		1	860005507184
860005507191	ETTA 435 CID 500ML SNGL	0.0000	9.9500	9.95	LIQUOR STORE	5	5	10.00		1	860005507191
860007989308	TAMAT YRBMT SPK TEA ROSE	2.5311	2.5552	3.79	COLD BEVERAGES	7	6	15.00		1	860007989308
860007989322	TAMAT YRBMT SPK TEA MINT	2.2757	2.2757	3.79	COLD BEVERAGES	7	6	3.00		1	860007989322
860008006905	PRODIGY INV 473OZ 4PK	13.9600	13.9600	13.96	LIQUOR STORE	5	1	9.00		1	860008006905
860008006929	PRODIGY THREE AMIG 473ML 4PK	15.9600	15.9600	15.96	LIQUOR STORE	5	1	6.00		1	860008006929
860008576712	ETTA PLACE CAMP COHAB CIDER 500ML	9.9500	9.9500	9.95	LIQUOR STORE	5	5	21.00		1	860008576712
860008724748	ZMY TORT CHP SEA SLT	4.1774	4.1774	5.97	SNACKS - SALTY	15	0	13.00		1	860008724748
860008724779	ZAC TORTILLA CHP CHLI LM	3.9889	3.9889	5.70	SNACKS - SALTY	15	2	10.00		1	860008724779
860008724786	ZAC TORT CHP FIERY NACHO	4.0343	4.0342	5.76	SNACKS - SALTY	15	2	0.00		1	860008724786
860008905444	GL CHIPOTLE CHILI PASTE	4.5156	4.5156	6.45	EDIBLE GROCERY	19	7	1.00		1	860008905444
860008905451	GL CRUNCHY MACHA SALSA	4.5156	4.5156	6.95	EDIBLE GROCERY	19	0	0.00		1	860008905451
860008991812	MAYANA PECAN MINI	2.5000	2.5000	3.57	CANDY	8	2	0.00		1	860008991812
860009126381	TAMAT YRBMT SPK TEA GNGR	2.5346	2.5552	3.79	COLD BEVERAGES	7	6	10.00		1	860009126381
860009385603	SQ MANGO PINEAPPLE SALSA	2.8057	2.8057	4.01	EDIBLE GROCERY	19	7	0.00		1	860009385603
860009522626	ROHA HOOMBA BUS 473ML 4PK	0.0000	13.9600	13.96	LIQUOR STORE	5	1	2.00		1	860009522626
860009522633	GEMINI SELTZER RASP 4PACK	0.0000	0.0000	0.00	BEER-GS	4	4	0.00		1	860009522633
860009522640	ROHA GEMINI CUC LIME SELTZER	8.7917	8.7917	13.53	BEER-GS	4	5	0.00		1	860009522640
860011988328	MAYANA STRAWBERRY ROSE MINI	2.4500	2.4500	3.50	CANDY	8	2	1.00		1	860011988328
860011988359	MAYAN PASSION BAR MINI	2.2500	2.2500	3.21	CANDY	8	2	0.00		1	860011988359
860012739639	PINE NUTS WILD NV 6 OZ	10.0000	10.0000	20.00	SNACKS - OTHER	17	5	15.00		1	860012739639
860115002418	LAPIS LUNA RED WINE BLEND 750ML	14.9900	14.9900	14.99	LIQUOR STORE	5	2	12.00		1	860115002418
8601620000603	ROHA AMERICAN ALE 6 PACK CAN	0.0000	0.0000	10.84	BEER-GS	4	5	0.00		1	8601620000603
860162000603	ROHA AMERICAN ALE 6 PK	7.9925	7.9925	10.84	BEER-GS	4	0	0.00		1	860162000603
860162000627	ROHA THURSDAY 355ML 6PK	13.5000	13.5000	13.50	LIQUOR STORE	5	1	4.00		1	860162000627
860162000634	ROHA NIGHTS OUT 355ML 6PK	16.7400	16.7400	16.74	LIQUOR STORE	5	1	1.00		1	860162000634
860293002408	ROHA EXPLORER 12PK	13.5900	13.5900	19.41	BEER-GS	4	0	0.00		1	860293002408
860293002484	ROHA SOUR SERIES CANS	8.7917	8.7917	12.59	BEER-GS	4	5	-2.00		1	860293002484
860414000115	ALEX 4% WHOLE MLK A2	6.1400	6.1400	8.18	DAIRY - FLUID	9	1	0.00		1	860414000115
860439001012	OLIPOP SPK TNIC STRW VAN	2.0171	2.0171	3.06	COLD BEVERAGES	7	2	2.00		1	860439001012
860439001029	OLIPOP SPK TNIC GNGR LMN	0.0000	0.0000	0.00	COLD BEVERAGES	7	1	0.00		1	860439001029
861139000459	DENTED BRICK RUM 1000ML	18.9900	18.9900	18.99	LIQUOR STORE	5	3	7.00		1	861139000459
861139000466	DENTED BRICK GIN 1000mL	18.9900	18.9900	18.99	LIQUOR STORE	5	3	6.00		1	861139000466
861207002613	ORIG SIN BLK WD 355ML 6PK	15.9000	15.9000	15.90	LIQUOR STORE	5	5	4.00		1	861207002613
861207002637	ORIG SIN DRY ROSE CID 355ML 6PK	15.9000	15.9000	15.90	LIQUOR STORE	5	5	2.00		1	861207002637
8614	SCONE BY LILIAN	5.5000	5.5000	7.33	SNACKS - BAKERY	16	4	0.00		1	8614
8615	BREAD BY LILIAN	9.0000	9.0000	10.50	BREADS	14	4	0.00		1	8615
861508000134	SALQWN CHIMI CRMYMEX DIP	0.0000	0.0000	0.00	GRAB & GO FOODS	11	3	0.00		1	861508000134
861508000158	SALSA QUEEN MANGO PINEAPPLE	0.0000	0.0000	6.00	GRAB & GO FOODS	11	3	0.00		1	861508000158
861526002622	SUGAR HOUSE VODKA 750ML	0.0000	16.9900	16.99	LIQUOR STORE	5	3	6.00		1	861526002622
861526002639	SUGAR HOUSE SILVER RUM 750ML	28.9900	28.9900	28.99	LIQUOR STORE	5	3	8.00		1	861526002639
861555000118	4THHRT GHEE ORIGINAL	9.6893	9.6893	12.42	DAIRY - OTHER	10	3	0.00		1	861555000118
861602000412	GRAY WHALE GIN 750mL	39.9900	39.9900	38.99	LIQUOR STORE	5	3	9.00		1	861602000412
861705000357	CACTUS CSSVA TTPOS CHIPS	3.0712	3.0712	5.12	SNACKS - SALTY	15	2	0.00		1	861705000357
861705000395	CACTUS HABANERO	3.0700	3.0700	5.12	SNACKS - SALTY	15	2	0.00		1	861705000395
861745000010	VITAL EGGS PSTR-RSD LRG	0.0000	0.0000	0.00	EDI/UNKNOWN	99	0	0.00		1	861745000010
861745000072	VITAL FAM FARM SLTD BTTR	4.0991	4.0991	0.00	EDI/UNKNOWN	99	0	0.00		1	861745000072
861790000201	ZIA MED HATCH GRN CHILE	6.1867	6.1867	8.84	EDIBLE GROCERY	19	7	3.00		1	861790000201
862284000035	MROOT ROOT BEER	5.7264	5.7264	9.54	COLD BEVERAGES	7	1	0.00		1	862284000035
862298000267	PRTPET DG ML SALMN N RCE	4.7355	4.7355	7.29	HOUSEHOLD/CLEANING	20	5	0.00		1	862298000267
862315000270	VITAL FARMS BTR UNSLTD	8.0095	8.0095	0.00	EDI/UNKNOWN	99	0	0.00		1	862315000270
862875000369	MMARY MIX PALOMA	6.0557	6.0557	9.32	EDIBLE GROCERY	19	11	0.00		1	862875000369
863323000351	LIQUIDIV ACAI BERRY SNGL	1.6715	1.6715	2.29	EDIBLE GROCERY	19	11	14.00		1	863323000351
863336000409	NG ICRM SANDWICH CLASSIC	3.2352	3.2352	4.62	ICE CREAM	12	2	9.00		1	863336000409
863336000416	NG CKY MNSTR ICRM SNDWCH	3.2700	3.2700	4.67	ICE CREAM	12	2	11.00		1	863336000416
863699000108	P.K. MAYO W/AVOCADO OIL	8.9859	8.9859	12.84	EDIBLE GROCERY	19	7	5.00		1	863699000108
863737000121	LIQ IV DRINK MIX LMN/LIME	1.6672	1.6715	2.29	EDIBLE GROCERY	19	11	13.00		1	863737000121
863737000169	LIQUIDIV HYDRTN MLTI 6CT	8.5969	8.5969	12.28	EDIBLE GROCERY	19	11	0.00		1	863737000169
863793000332	EPSM MSCL RCOVER RLRBALL	0.0000	0.0000	0.00	HEALTH & BEAUTY CARE	21	6	0.00		1	863793000332
864053000192	SLSAGOD SALSA VERDE MED	3.8576	3.8576	5.93	EDIBLE GROCERY	19	7	0.00		1	864053000192
864164000005	BEEHIVE JACKRABBUIT GIN 750ML	28.9900	28.9900	23.99	LIQUOR STORE	5	3	13.00		1	864164000005
864164000050	BEEHIVE VODKA OG 750ML	24.9900	24.9900	19.99	LIQUOR STORE	5	3	10.00		1	864164000050
864255000198	WASATCH CHERRY 750ML	0.0000	39.9900	39.99	LIQUOR STORE	5	3	3.00		1	864255000198
8649	KEYCHAIN STEAMER LN	3.0000	3.0000	7.00	GENERAL MERCHANDISE	22	6	2.00		1	8649
865053000465	JAJ POTATO CHS PIEROGI	8.7817	8.7817	11.55	FROZEN FOODS	13	1	4.00		1	865053000465
865222000340	SCHPLINK! 3000ML	38.9900	38.9900	39.99	LIQUOR STORE	5	2	4.00		1	865222000340
865232000101	CHLTA PNE POLLEN CHC	2.9702	2.9702	4.95	CANDY	8	2	0.00		1	865232000101
865232000156	CHLTA MOONTM RSE CHC	2.9702	2.9702	4.95	CANDY	8	2	0.00		1	865232000156
865242000108	MAYANA KITCH SINK 3.5 OZ	2.2500	2.2500	3.75	CANDY	8	2	0.00		1	865242000108
865242000177	MAYANA SPICE BAR	4.5000	4.5000	7.50	CANDY	8	2	1.00		1	865242000177
865242000382	MAYANA COCONUTTY BAR MINI	2.2725	2.2500	3.75	CANDY	8	2	0.00		1	865242000382
865256000255	OLD TOWN CELLARS RED 750ML	0.0000	21.9900	21.99	LIQUOR STORE	5	2	0.00		1	865256000255
8656	YUKON GOLD 5LB POTS	8.2600	8.2600	10.50	PRODUCE	18	2	0.00		1	8656
865866000027	LORENZA ROSE	19.9900	19.9900	19.99	LIQUOR STORE	5	2	0.00		1	865866000027
865891588415	RUTH LEW ROSE 750ML	22.9900	22.9900	22.99	LIQUOR STORE	5	2	10.00		1	865891588415
866779000333	MAYANA CLOUD 9 MINI BAR	2.2802	2.2500	3.75	CANDY	8	2	0.00		1	866779000333
866779000340	MAYANA KITCH SINK BAR MINI	2.2500	2.2500	3.75	CANDY	8	2	8.00		1	866779000340
866779000357	MAYANA SPACE BAR MINI	2.2500	2.2500	3.75	CANDY	8	2	2.00		1	866779000357
866779000364	MAYANA FIX BAR MINI	2.2500	2.2500	3.75	CANDY	8	2	11.00		1	866779000364
866779000371	MAYANA PEPPERMINT MINI BAR	2.3400	2.3400	3.90	CANDY	8	2	0.00		1	866779000371
866779000388	MAYANA COFFEE BAR MINI	2.2500	2.2500	3.75	CANDY	8	2	-1.00		1	866779000388
866779000395	MAYANA MONKEY BAR MINI	2.2500	2.2500	3.75	CANDY	8	2	0.00		1	866779000395
867337000468	PETAL ORIG ROSE	1.3607	1.3607	2.27	COLD BEVERAGES	7	2	0.00		1	867337000468
867657000087	ASPIRE MANGO LEMONADE	1.5087	1.5087	2.35	COLD BEVERAGES	7	4	0.00		1	867657000087
867689000437	NG ICRM SANDWICH STRAW	3.2352	3.2352	4.62	ICE CREAM	12	2	3.00		1	867689000437
868042000422	CRAIG KURSEN PB KRNCH DS	7.7698	7.7698	10.36	ICE CREAM	12	1	0.00		1	868042000422
868089000423	JOJO	0.0000	0.8500	1.42	SNACKS - OTHER	17	2	0.00		1	868089000423
868138000411	FORAGE RASP KOMBUCHA	0.0000	0.0000	3.25	COLD BEVERAGES	7	6	-11.00		1	868138000411
868138000466	FORAGE KMBCHA JASRSE	2.1087	2.1087	3.51	COLD BEVERAGES	7	6	2.00		1	868138000466
868361000301	ATLAS BAR PRTN CHOC CACO	1.8105	1.8105	3.02	SNACKS - OTHER	17	3	0.00		1	868361000301
868641000113	AV AVOCADO OIL XVR	10.5257	10.5257	15.04	EDIBLE GROCERY	19	7	6.00		1	868641000113
868806000019	PPBTL CLD BRW ALM LT	3.0847	3.1250	4.83	COLD BEVERAGES	7	5	17.00		1	868806000019
868806000033	PPBTL TUMERIC ALM LT	0.0000	0.0000	0.00	COLD BEVERAGES	7	5	0.00		1	868806000033
868806000040	POP&BOTTLE VANILLA	0.0000	0.0000	3.50	COLD BEVERAGES	7	5	0.00		1	868806000040
868806000064	POP&BOTTLE MOCHA	0.0000	0.0000	3.50	COLD BEVERAGES	7	5	0.00		1	868806000064
869198000144	INCLINE CIDER MARION 355ML 6PK	14.7600	14.7600	14.76	LIQUOR STORE	5	5	0.00		1	869198000144
869707000283	FILLOS TX MEX PINTO BN	3.0854	3.1316	4.64	EDIBLE GROCERY	19	6	2.00		1	869707000283
870000000016	CARPET CLEANER RENTAL	0.0000	0.0000	25.30	STORE SERVICE FEES AND CO	87	0	-2.00		1	870000000016
870000000023	DEPOSIT CARPET CLEANER	0.0000	0.0000	25.00	STORE SERVICE FEES AND CO	87	0	-2.00		1	870000000023
870001000077	ARE CASHEW BTR SQZPK	1.6017	1.6017	2.67	EDIBLE GROCERY	19	8	0.00		1	870001000077
870001000091	ART CNUT BTR SQZ PK	1.6010	1.6017	2.66	EDIBLE GROCERY	19	8	0.00		1	870001000091
870001000121	ART PECAN BTR SQZ PK	1.6056	1.6017	2.29	EDIBLE GROCERY	19	8	0.00		1	870001000121
870856000086	DOG POOP BAG HOLDER	0.0000	0.0000	7.95	HOUSEHOLD/CLEANING	20	5	0.00		1	870856000086
871459003207	DAIYA CUTNG BRD MOZ SHRD	3.8973	3.8973	5.57	DAIRY - OTHER	10	0	0.00		1	871459003207
871459007021	DAIYA CHED CHS SCE	0.0000	0.0000	8.65	DAIRY - OTHER	10	1	0.00		1	871459007021
871760002869	BABY BUM BUBBLE  BATH	0.0000	0.0000	9.99	HEALTH & BEAUTY CARE	21	5	0.00		1	871760002869
872058614641	LOL SLTD CRML COCOA PKT	0.4808	0.4943	0.99	HOT BEVERAGES	30	3	1.00		1	872058614641
872181005019	TURTLES KING SZ	1.5179	1.5179	2.17	CANDY	8	2	-4.00		1	872181005019
872181005040	TURTLES KING SZ 4PC	1.5925	1.5925	2.28	CANDY	8	2	9.00		1	872181005040
872629006134	CHUAO HONEYCOMB CHOC	3.7053	3.6872	6.15	CANDY	8	2	0.00		1	872629006134
872724000501	HIGH MOW BEET EARLY WOND	1.4300	1.4300	2.00	HOUSEHOLD/CLEANING	20	6	0.00		1	872724000501
872724000532	HIGH MOW CARROT SCAR NANT	1.4300	1.4300	2.00	HOUSEHOLD/CLEANING	20	6	0.00		1	872724000532
872724000570	HIGH MOW CUC MARKET	1.4300	1.4300	2.00	HOUSEHOLD/CLEANING	20	6	0.00		1	872724000570
872724000624	HIGH MOW LETTUCE RED SAL	1.4300	1.4300	2.00	HOUSEHOLD/CLEANING	20	6	0.00		1	872724000624
872724000716	HIGH MOW RADISH CHERRY BEL	1.4300	1.4300	2.00	HOUSEHOLD/CLEANING	20	6	0.00		1	872724000716
872724000839	HIGH MOW CILANTRO SANT	1.4300	1.4300	2.00	HOUSEHOLD/CLEANING	20	6	0.00		1	872724000839
872724001157	HIGH MOW SNAP PEA SUGAR ANN	1.4300	1.4300	2.00	HOUSEHOLD/CLEANING	20	6	0.00		1	872724001157
872724001201	HIGH MOW SPAG SQUASH	1.4300	1.4300	2.00	HOUSEHOLD/CLEANING	20	6	0.00		1	872724001201
872724001287	HIGH MOW BASIL GEN	1.4300	1.4300	2.00	HOUSEHOLD/CLEANING	20	6	0.00		1	872724001287
872724001560	HIGH MOW LETTUCE FRECK	1.4300	1.4300	2.00	HOUSEHOLD/CLEANING	20	6	0.00		1	872724001560
872724006015	HIGH MOW CAB GOLD ACRE	1.4300	1.4300	2.00	HOUSEHOLD/CLEANING	20	6	0.00		1	872724006015
872724007111	HIGH MOW ZUCCH COC	1.4300	1.4300	2.00	HOUSEHOLD/CLEANING	20	6	0.00		1	872724007111
873017000581	ARMADILLO PILLO 10X19	12.3000	12.3000	19.99	CAMPING & OUTDOORS	43	1	5.00		1	873017000581
873017001380	EQUINOX FLEECE BLANKET	0.0000	0.0000	37.99	EDI/UNKNOWN	99	0	-1.00		1	873017001380
8730170013808	EQUINOX FLEECE BLANKET	24.8867	25.0400	37.99	CAMPING & OUTDOORS	43	1	2.00		1	8730170013808
873017003025	EQNX BEANIE	6.5700	6.5700	14.99	GENERAL MERCHANDISE	22	7	0.00		1	873017003025
873017004909	ARMADILLO PILLOW	14.6400	14.6400	22.88	CAMPING & OUTDOORS	43	1	1.00		1	873017004909
873204001551	OG2 BTF COCNT BRWN SUGAR	4.1153	4.1153	0.00	EDI/UNKNOWN	99	0	0.00		1	873204001551
873983000011	HI CHEW GRPE	1.0353	1.0353	1.59	CANDY	8	3	14.00		1	873983000011
873983000028	HI CHEW STRAW	0.9012	0.8860	1.69	CANDY	8	3	14.00		1	873983000028
873983000035	HI CHEW GREEN APPLE	1.0153	1.0153	1.69	CANDY	8	3	10.00		1	873983000035
873983000059	HI CHEW MANGO	0.9132	0.8860	1.69	CANDY	8	3	18.00		1	873983000059
874053000412	ACHAVAL FERRER MALBEC	0.0000	10.8000	10.80	LIQUOR STORE	5	2	0.00		1	874053000412
874411000436	CHEYENNE FILT CGR FULL FL	3.4100	3.4100	5.69	TOBACCO, OTHER	3	2	7.00		1	874411000436
874492001377	THEO MK CHOC SLT ALM	2.4881	2.4881	4.15	CANDY	8	2	0.00		1	874492001377
874492002855	THEO RASP DKCHOC 70%	2.8454	2.8454	4.74	CANDY	8	2	0.00		1	874492002855
874492002862	THEO GNGR DCHOC 70%	2.4881	2.4881	4.15	CANDY	8	2	0.00		1	874492002862
874492003791	THEO ALM CNUT 65% DK	0.0000	0.0000	0.00	CANDY	8	2	0.00		1	874492003791
874492004927	THEO CUPS COFF/CREAM	1.6787	1.6788	2.80	CANDY	8	2	0.00		1	874492004927
874492005375	THEO CHOC HZLNT CRSP	2.4881	2.4881	4.15	CANDY	8	2	0.00		1	874492005375
874492005405	THEO SLT CSHW 85% BR	2.4881	2.4881	4.15	CANDY	8	2	0.00		1	874492005405
874492005412	THEO 85% VAN COCO NB	2.8243	2.8243	0.00	CANDY	8	2	0.00		1	874492005412
874492006051	THEO ALM BRT CRN BAR	0.0000	0.0000	0.00	CANDY	8	2	0.00		1	874492006051
875217003393	SINK STOPPER	0.9700	0.9700	2.98	HOUSEHOLD/CLEANING	20	2	0.00		1	875217003393
875750001849	TRUFUEL	0.0000	0.0000	5.99	AUTOMOTIVE PRODUCTS	24	2	2.00		1	875750001849
876153002266	CASTELLO DEL POG MOSCATO  750ML	12.9900	12.9900	9.99	LIQUOR STORE	5	2	10.00		1	876153002266
876529000476	ROGUE BATSQUATCH 355ML 6PK	14.7000	14.7000	14.70	LIQUOR STORE	5	1	0.00		1	876529000476
876837000243	PREM VISION WIPERS PV24	0.0000	0.0000	5.45	AUTOMOTIVE PRODUCTS	24	3	0.00		1	876837000243
877267000131	FRONTIER REPLACE FITLER	5.0000	5.0000	11.16	CAMPING & OUTDOORS	43	1	2.00		1	877267000131
877267001060	AQUAMIR FRONTIER PRO FILTER	15.4200	15.4200	29.99	CAMPING & OUTDOORS	43	1	4.00		1	877267001060
877267001091	FRONTIER STRAW WATERFILTER	8.9500	8.9500	15.99	CAMPING & OUTDOORS	43	1	2.00		1	877267001091
877267002043	AQUAMIRA WATER TREATMENT	14.9900	14.9900	16.99	CAMPING & OUTDOORS	43	0	6.00		1	877267002043
877267002081	AQUAMIRA WATER TREATMENT 2 OZ	10.8700	10.8700	19.99	CAMPING & OUTDOORS	43	1	0.00		1	877267002081
8778	GRANOLA BBREAD	12.0000	12.0000	17.00	EDIBLE GROCERY	19	2	12.00		1	8778
877977000094	MDY FUNC CHC BROWNI BTTR	1.8907	1.8907	3.09	SNACKS - BAKERY	16	0	1.00		1	877977000094
8780	FOCACCIA BBREAD	3.8500	3.8500	5.50	BREADS	14	4	0.00		1	8780
8781	BBREAD MARSHMALLOW	4.0000	4.0000	5.71	SNACKS - BAKERY	16	4	0.00		1	8781
8782	BBREAD CUPCAKE VG GF	4.0000	4.0000	5.71	SNACKS - BAKERY	16	4	0.00		1	8782
878326000017	LOL COCOA CLASSICS 1.25OZ	2.9292	0.5800	0.99	HOT BEVERAGES	30	3	35.00		1	878326000017
878326000024	LOL COCOA CHOC MINT	0.4741	0.4741	0.99	HOT BEVERAGES	30	3	0.00		1	878326000024
878326000055	LOL COCOA CHOC FRNCH VAN	0.6603	0.6972	1.16	HOT BEVERAGES	30	3	3.00		1	878326000055
878326000086	LOL COCOA CHOC CINNAMON	0.4099	0.4002	0.99	HOT BEVERAGES	30	3	0.00		1	878326000086
878326000116	LOL COCOA CHOC & HAZLNT	0.4741	0.4741	0.99	HOT BEVERAGES	30	3	0.00		1	878326000116
878397004112	VIANA VEG SNK SAUSAGE	0.0000	0.0000	2.35	SNACKS - OTHER	17	0	0.00		1	878397004112
8784	BURGER BUNS 4PK BBREAD	8.0000	8.0000	10.67	BREADS	14	4	0.00		1	8784
8785	BURGER BUNS	0.0000	0.0000	5.50	BREADS	14	3	0.00		1	8785
878639000162	EMJ DEODNT ACTVTD CHARCL	5.1834	5.1834	7.97	HEALTH & BEAUTY CARE	21	6	0.00		1	878639000162
878639000216	EMJ CEDARWOOD	5.2709	5.2709	7.97	HEALTH & BEAUTY CARE	21	6	1.00		1	878639000216
878639000230	EMJ DEODORANT SNDLWOOD	5.2709	5.2709	7.97	HEALTH & BEAUTY CARE	21	6	1.00		1	878639000230
878639000292	EMJ DEODORANT FRSH SCENT	5.1834	5.1834	7.97	HEALTH & BEAUTY CARE	21	6	0.00		1	878639000292
878639000421	EMJ SHAVE GEL FRAG FREE	0.0000	0.0000	0.00	HEALTH & BEAUTY CARE	21	6	0.00		1	878639000421
878639000803	EMJ DEOD CEDARWOOD SPRAY	5.5140	5.5140	8.48	HEALTH & BEAUTY CARE	21	6	0.00		1	878639000803
878639003415	EMJ DEODORANT SEA SALT	0.0000	0.0000	0.00	HEALTH & BEAUTY CARE	21	6	0.00		1	878639003415
878639004436	EMJ DEOD STICK CRMSN OAK	5.2709	5.2709	7.53	HEALTH & BEAUTY CARE	21	6	1.00		1	878639004436
8788	ZUCH BREAD BBREAD	3.2500	3.2500	4.64	SNACKS - BAKERY	16	4	0.00		1	8788
8789	GINGR MOLAS COOKIE BBREAD	2.5000	2.5000	4.00	SNACKS - BAKERY	16	4	0.00		1	8789
8790	BAGEL SINGLE BBREAD	2.8500	2.8500	4.09	SNACKS - BAKERY	16	4	-75.00		1	8790
879026031509	OG2 BONO MRMLD BLD ORNG	5.3293	5.3293	0.00	EDI/UNKNOWN	99	0	0.00		1	879026031509
8791	BANANA  BREAD BBREAD	3.2500	3.2500	4.65	SNACKS - BAKERY	16	4	0.00		1	8791
879114001803	SNCKW GUMI WTRMLN WEDGES	4.1591	4.1591	5.94	CANDY	8	0	0.00		1	879114001803
879114001810	SNCKW GUMMI BEARS CHAMOY	5.2730	5.2823	7.34	CANDY	8	0	15.00		1	879114001810
879114001858	SNCKW BITES SOUR RAINBOW	5.1470	5.1470	7.35	CANDY	8	4	0.00		1	879114001858
879114006655	SNCKW BTTR TOFFEE MX NUT	4.4403	4.4403	6.34	SNACKS - OTHER	17	5	2.00		1	879114006655
879114007089	SNCKW KETTLE SWEET ALMND	4.9103	4.9103	7.01	SNACKS - OTHER	17	5	1.00		1	879114007089
879114007263	SNCKW CINNAMON BEARS	3.9546	3.9775	5.68	CANDY	8	0	4.00		1	879114007263
879114007300	SNACKWORTHY BBQ ALMONDS	0.0000	0.0000	8.99	SNACKS - OTHER	17	5	0.00		1	879114007300
879114007331	SNCKW SOUR POWER QUATTRO	4.7253	4.7466	6.57	CANDY	8	0	2.00		1	879114007331
879114008178	SNCKW SOUR PWR BRY BLUE	4.8285	4.8284	7.43	CANDY	8	3	3.00		1	879114008178
879114008185	SNACK WORTHY WAX BTL CNDY	0.0000	0.0000	5.45	CANDY	8	3	0.00		1	879114008185
8792	POUND/COFFEE CAKE BBREAD	4.0000	4.0000	5.79	SNACKS - BAKERY	16	4	2.00		1	8792
8793	DONUT SOURDOUGH BBREAD	3.8500	3.8500	5.50	SNACKS - BAKERY	16	4	-11.00		1	8793
879322003606	SALT EPSOM ULTRA   CRYSTAL 5 LB	7.6535	7.6535	11.61	HEALTH & BEAUTY CARE	21	6	1.00		1	879322003606
879322008007	SW PREM EPSM SLT LAVENDR	7.6535	7.6535	11.77	HEALTH & BEAUTY CARE	21	6	0.00		1	879322008007
879322008106	SW ULTRA EPSOM SALT LAV	4.4151	4.4151	6.79	HEALTH & BEAUTY CARE	21	6	0.00		1	879322008106
879322008113	SW ULTRA EPSM SLT UNSCNT	4.4151	4.4151	6.79	HEALTH & BEAUTY CARE	21	6	0.00		1	879322008113
8794	CIN ROLL BBREAD	3.7500	3.7500	5.36	SNACKS - BAKERY	16	4	-158.00		1	8794
8795	MINI SLICED RYE	7.0000	7.0000	10.00	SNACKS - BAKERY	16	4	0.00		1	8795
8796	SPECIAL LOAF BBREAD	9.0000	9.0000	12.89	BREADS	14	4	2.00		1	8796
8797	MUFFIN BBREAD	4.2500	4.2500	6.00	BREADS	14	4	-4.00		1	8797
8798	PLAIN CROISSANT BBREAD	3.7500	3.7500	5.50	SNACKS - BAKERY	16	4	0.00		1	8798
879890002582	C.M MLTSD CRKR ORIGINAL	2.8673	2.8672	4.78	SNACKS - SALTY	15	5	-1.00		1	879890002582
8799	SPEC PASTRY (INC CROISSANTS)	5.0000	5.0000	7.00	SNACKS - BAKERY	16	4	-8.00		1	8799
8800	BAGEL 4PK BBREAD	11.4000	11.4000	16.00	BREADS	14	4	-79.00		1	8800
8801	GLUTEN T SHIRT	16.0000	16.0000	24.00	GENERAL MERCHANDISE	22	7	0.00		1	8801
881245103646	KALONA WHOLE MILK	5.6300	5.6300	7.62	DAIRY - FLUID	9	1	10.00		1	881245103646
881245110323	KALONA CLSC EGGNOG	6.3277	6.3277	9.04	DAIRY - FLUID	9	3	0.00		1	881245110323
881245120162	KALONA WHIPPING CRM	5.1579	5.1579	6.90	DAIRY - FLUID	9	2	0.00		1	881245120162
881245265122	KALONA FR ONION DIP	4.1250	4.1250	5.73	GRAB & GO FOODS	11	3	-1.00		1	881245265122
883315090283	TUMIE YUMMIE APPLE WATER	0.0000	0.0000	1.29	COLD BEVERAGES	7	0	0.00		1	883315090283
884244124216	DOGSWELL VITALITY	8.2422	8.2422	13.74	HOUSEHOLD/CLEANING	20	5	0.00		1	884244124216
884284040200	NMS RAISINS ZIP LOCK	3.7044	3.7052	6.08	SNACKS - OTHER	17	4	13.00		1	884284040200
884408024086	SNPWR GLASS 6CUP RECTNGL	6.9826	6.9826	10.74	HOUSEHOLD/CLEANING	20	2	2.00		1	884408024086
884408024093	SNPWR GLSS CUP 4 SQR LCK	6.1438	6.1438	9.45	HOUSEHOLD/CLEANING	20	2	0.00		1	884408024093
884682012564	NIGHT SKY GUIDE	4.8000	4.8000	7.99	MAPS & PUBLICATIONS	23	5	0.00		1	884682012564
885206005284	ASPARAGUS ORG	2.8583	2.8583	4.08	PRODUCE	18	2	1.00		1	885206005284
885206005512	ASPARAGUS GOURM OG	5.6000	5.6000	7.00	PRODUCE	18	2	0.00		1	885206005512
885282010127	GRAPES GREEN SUNVIEW	6.7250	6.9125	9.22	PRODUCE	18	1	0.00		1	885282010127
885443200381	BEACHSIDE STRAWBERRIES	6.2202	6.5375	8.72	PRODUCE	18	1	0.00		1	885443200381
885460000032	ROMAINE HEARTS	2.4500	2.4500	3.50	PRODUCE	18	2	0.00		1	885460000032
885898000079	EMERG BLUBRY ACAI IMM+	0.0000	0.0000	0.00	COLD BEVERAGES	7	3	0.00		1	885898000079
885898000321	EMERG RASP IMMUNE SUPRT	0.0000	0.0000	0.00	COLD BEVERAGES	7	3	0.00		1	885898000321
885898330244	EMERG RASP IMMUNE+ MIX	16.5325	16.5325	0.00	HEALTH & BEAUTY CARE	21	2	0.00		1	885898330244
885898887915	EMERG RASP SINGLE	0.5510	0.5510	0.99	HEALTH & BEAUTY CARE	21	2	13.00		1	885898887915
886817006950	RVL 3 FLV CAN CAT FD	15.1491	15.1491	0.00	EDI/UNKNOWN	99	0	0.00		1	886817006950
887961283280	UNO WILDERNESS	7.1560	7.4500	10.99	GENERAL MERCHANDISE	22	12	7.00		1	887961283280
8879612832819	UNO WILDERNESSN	5.9500	5.9500	9.99	GENERAL MERCHANDISE	22	12	0.00		1	8879612832819
888109012694	HOST CUPCAKE SCARY	1.2100	1.2100	2.02	SNACKS - BAKERY	16	1	0.00		1	888109012694
888109012717	HOST DING DONG GHOST WHIT	1.2200	1.2200	2.03	SNACKS - BAKERY	16	1	0.00		1	888109012717
888109050023	HOST DONETTES CHOC	1.5030	1.5030	2.50	SNACKS - BAKERY	16	2	0.00		1	888109050023
888109050030	HOST DONETTES DBL CHOCOLA	1.5030	1.5030	2.59	SNACKS - BAKERY	16	2	1.00		1	888109050030
888109050047	HOST DONETTES POWDERED	1.5030	1.5030	2.50	SNACKS - BAKERY	16	2	10.00		1	888109050047
888109050061	HOST DONETTES GLAZED	1.5030	1.5030	2.59	SNACKS - BAKERY	16	1	0.00		1	888109050061
888109110970	HOST HOT DOG BUNS	2.5400	2.5400	4.10	BREADS	14	3	0.00		1	888109110970
888109150020	HOST DONETTES CHOC	2.9400	2.9400	4.20	SNACKS - BAKERY	16	2	0.00		1	888109150020
888109250256	HOST BABY BUNDTS STRWBRY	1.5033	1.5033	2.59	SNACKS - BAKERY	16	1	0.00		1	888109250256
8885009960997	MEKLA THAI GRN CURRY	4.2433	4.3211	6.59	EDIBLE GROCERY	19	6	6.00		1	8885009960997
8887	ECLIPSE GLASSES	1.4496	1.4996	3.99	CAMPING & OUTDOORS	43	6	6.00		1	8887
888853001111	DR SCOLLS MOLESKIN PAD ROLL	5.8100	5.8100	10.55	HEALTH & BEAUTY CARE	21	10	3.00		1	888853001111
88887	TANGELOS  ORGANIC	0.6378	0.6378	1.06	PRODUCE	18	1	0.00		1	88887
889392000320	CELS SPRKLG DRK WLD BRRY	1.9956	2.0317	3.15	COLD BEVERAGES	7	3	0.00		1	889392000320
889392000917	CELS SPARK DRK GRAPE RSH	2.0317	2.0317	3.39	COLD BEVERAGES	7	3	5.00		1	889392000917
889392010015	CELS DRNK PCH MNGO GRN T	2.0317	2.0317	3.63	COLD BEVERAGES	7	3	1.00		1	889392010015
889392010190	CELS SPRKLG DRK PCH VIBE	1.8056	1.8056	3.01	COLD BEVERAGES	7	3	0.00		1	889392010190
889568000031	OG1 RCC CNUT WATER	2.7393	2.7393	0.00	EDI/UNKNOWN	99	0	0.00		1	889568000031
889568000512	OG2 RCC COCONUT MILK	3.0747	2.7393	0.00	EDI/UNKNOWN	99	0	0.00		1	889568000512
890146001029	YUM LOLLIPOP FRT BIN	33.1039	33.1039	50.93	CANDY	8	3	0.00		1	890146001029
890146001043	YUM LLIPOP BIN 30 CT	6.3300	6.3300	0.00	CANDY	8	3	0.00		1	890146001043
890183001013	CAMPING KIDS ACTIVITY BOOK	2.9500	2.9500	6.99	MAPS & PUBLICATIONS	23	1	0.00		1	890183001013
890183001044	S'MORES CARD GAME	5.3900	5.3900	10.99	GENERAL MERCHANDISE	22	12	0.00		1	890183001044
890183001587	FLY SWAT GAME	9.3500	9.3500	18.99	GENERAL MERCHANDISE	22	12	1.00		1	890183001587
890546416515	SCAR OF THE SEA PINOT750ML	28.9900	28.9900	28.99	LIQUOR STORE	5	2	25.00		1	890546416515
8915	LOCAL PRODUCE $1.25	1.0000	1.0000	1.55	PRODUCE	18	2	1.00		1	8915
8916	LOCAL PRODUCE $1.55	1.0000	1.0000	1.55	PRODUCE	18	2	0.00		1	8916
891627002504	EVOL CHKN/BEAN/RICE BRTO	2.5204	2.5204	3.83	FROZEN FOODS	13	1	0.00		1	891627002504
891627002511	EVOL SHRD BEEF BURRITO	2.5123	2.5123	3.71	FROZEN FOODS	13	1	0.00		1	891627002511
891627002542	EVOL EGGS & GREEN CHILIE BRTO	2.5204	2.5204	3.83	FROZEN FOODS	13	1	6.00		1	891627002542
891627002559	EVOL BEAN/RICE/CHED BRTO	2.5204	2.5204	3.78	FROZEN FOODS	13	1	1.00		1	891627002559
891627002894	EVOL SAUS EGG CHS BURRTO	2.2578	2.2578	3.47	FROZEN FOODS	13	1	-11.00		1	891627002894
891627002931	EVOL FRE GRLD STK BRRTO	2.2578	2.2578	3.47	FROZEN FOODS	13	0	0.00		1	891627002931
891627002948	EVOL CHPTL CHKN MACN CHS	4.3617	4.3617	7.27	FROZEN FOODS	13	1	0.00		1	891627002948
891627003006	EVOL CIL LM CHK BRTO	2.5123	2.5123	4.15	FROZEN FOODS	13	1	0.00		1	891627003006
891627008544	EVOL BRKFST BCN/POT/CHED	2.1079	2.1079	3.51	FROZEN FOODS	13	1	0.00		1	891627008544
891627008582	EVOL BRKFS SAUS/EGG/GOUD	2.1079	2.1079	3.52	FROZEN FOODS	13	1	0.00		1	891627008582
891627009022	EVOL CHKN ENCHIL BAKE SS	4.3483	4.3483	7.20	FROZEN FOODS	13	1	0.00		1	891627009022
891627009107	EVOL BTRNTSQ SAGE RAV SS	4.3179	4.3179	6.33	FROZEN FOODS	13	1	0.00		1	891627009107
891627009398	EVOL CHSE MSHRM RISOTTO	4.3382	4.3483	6.64	FROZEN FOODS	13	1	0.00		1	891627009398
891627011674	EVOL GF CKN EGGROLL BOWL	4.3179	4.3179	6.64	FROZEN FOODS	13	1	0.00		1	891627011674
891748500330	UT TRFL MINT	0.8150	0.8150	1.36	CANDY	8	2	-3.00		1	891748500330
891748500316	UT TRFL MILK	0.8150	0.8150	1.36	CANDY	8	2	0.00		1	891748500347
891748500361	UTAH TRUFFLE MILK TOFFEE	0.8150	0.8150	1.36	CANDY	8	2	0.00		1	891748500361
891760002966	PAQUI TORT CHP NCHO CHS	3.9979	4.0592	6.77	SNACKS - SALTY	15	2	0.00		1	891760002966
891770002055	GOODBELLY MANGO	0.0000	0.0000	5.25	COLD BEVERAGES	7	4	0.00		1	891770002055
891953001004	COLES SMKD TROUT/OLV OIL	5.5034	5.5053	8.97	SNACKS - OTHER	17	1	0.00		1	891953001004
89203001090		0.0000	0.0000	0.00	CIGARETTES	2	0	0.00		1	89203001090
892234002017	BHUJA CRACKER MIX	2.8852	2.8852	4.81	SNACKS - SALTY	15	5	0.00		1	892234002017
8923	CARROT 2LB BAG	3.0142	3.0142	4.02	PRODUCE	18	2	3.00		1	8923
892773000864	ANG BOOMCHICKPOP SEA SLT	3.2311	3.2311	4.94	SNACKS - SALTY	15	4	15.00		1	892773000864
892838002000	NETTLE MEADOW CHEVRE	5.3000	5.3000	7.24	DAIRY - OTHER	10	1	0.00		1	892838002000
892838002062	NETTLE MEADOW FROMAGE	5.2100	5.2100	7.44	DAIRY - OTHER	10	1	0.00		1	892838002062
893615002091	D.K. FLCKR SEA SALT	4.4087	4.4087	7.53	SNACKS - SALTY	15	5	0.00		1	893615002091
893794001090	RACEPRO ANTIFREEZE 100%	9.9300	9.9300	16.59	AUTOMOTIVE PRODUCTS	24	2	0.00		1	893794001090
893794001182	RACEPRO MOTOR OIL DIESEL	3.7907	3.9033	6.51	AUTOMOTIVE PRODUCTS	24	1	0.00		1	893794001182
893794001410	RACEPRO TIRE INFLATOR W/H	3.0800	3.0800	5.13	AUTOMOTIVE PRODUCTS	24	3	0.00		1	893794001410
893794001618	RACEPRO RADIATOR TREAT+WP	1.6200	1.6200	2.70	AUTOMOTIVE PRODUCTS	24	2	2.00		1	893794001618
893794001663	RACEPRO FUEL INJ&CARB CLE	1.9800	1.9800	3.30	AUTOMOTIVE PRODUCTS	24	2	0.00		1	893794001663
8938505214856	MAROU BAR COCONUT MILK & POPPED	1.5900	1.5900	2.65	CANDY	8	2	0.00		1	8938505214856
8938505214863	MAROU BAR DRK CHOC PNUT GIN  SALT	1.5900	1.5900	2.65	CANDY	8	2	0.00		1	8938505214863
893869000898	SAHALE SNACKS BEAN&NUT	0.0000	0.0000	5.26	SNACKS - SALTY	15	0	0.00		1	893869000898
8941	CHEVRE MESA MRKT	4.2500	4.2500	5.00	DAIRY - OTHER	10	1	0.00		1	8941
8942	RAW TOME MESA MRKT	7.4620	7.4620	10.00	DAIRY - OTHER	10	1	0.00		1	8942
8943	PAST TOME MESA MRKT	5.3300	5.3300	7.83	DAIRY - OTHER	10	1	0.00		1	8943
8944	YOGURT GOAT MESA MRKT	1.0000	1.0000	2.00	DAIRY - OTHER	10	4	0.00		1	8944
894410001258	W C BAGASSE BOWL 11.5OZ	2.1209	2.1209	3.53	HOUSEHOLD/CLEANING	20	2	0.00		1	894410001258
894455000186	JSTN CLSC ALMBTR SQZ PK	1.0727	1.0727	1.79	GRAB & GO FOODS	11	3	0.00		1	894455000186
894455000209	JSTN MAPLE ALMBTR SQZ PK	1.0727	1.0727	1.65	EDIBLE GROCERY	19	8	0.00		1	894455000209
894455000247	JUSTINS MLK CHOC PB CUPS	1.8226	1.8226	2.81	CANDY	8	2	-9.00		1	894455000247
894455000254	JUSTINS PB CUPS DARK CHOC	1.8226	1.8226	2.81	CANDY	8	2	0.00		1	894455000254
8945	FETA MESA MRKT	6.3875	6.3875	8.40	DAIRY - OTHER	10	1	0.00		1	8945
894700010021	CHOBANI GRK YOGURT VANILL	1.7900	1.5600	2.60	DAIRY - OTHER	10	4	0.00		1	894700010021
894700010045	CHOBANI GRK YOGURT STRAWB	1.6300	1.6300	2.40	DAIRY - OTHER	10	4	0.00		1	894700010045
894700010052	CHOBANI GRK YOGURT BLUEBE	1.5600	1.5600	2.60	DAIRY - OTHER	10	4	0.00		1	894700010052
894700010069	CHOBANI GRK YOGURT PEACH	1.9317	1.9317	2.69	DAIRY - OTHER	10	4	1.00		1	894700010069
894700010120	CHOBANI GRK YOGURT RASPBE	1.4200	1.4200	2.69	DAIRY - OTHER	10	4	0.00		1	894700010120
894700010168	CHOBANI GRK YOGURT BLK CH	1.5600	1.5600	2.60	DAIRY - OTHER	10	4	0.00		1	894700010168
895203001011	SALAD SPINACH  5 OZ ORGANIC GIRL	3.5500	3.5500	5.07	PRODUCE	18	2	0.00		1	895203001011
895203001097	ORG GRL SP MIX  5 OZ	3.5500	3.5500	5.07	PRODUCE	18	2	-8.00		1	895203001097
895203001158	ORG GIRL ARUG 5OZ	3.3167	3.3167	4.74	PRODUCE	18	2	0.00		1	895203001158
895203001165	SALAD SPIN ORG GIRL 10oZ	5.4333	5.4333	7.55	PRODUCE	18	2	-1.00		1	895203001165
895203001172	ORG GIRL SP MIX  10oZ	4.9833	4.9833	7.12	PRODUCE	18	2	0.00		1	895203001172
895203001240	ORG GIRL SP MIX 16 OZ	6.7667	6.7667	9.67	PRODUCE	18	2	0.00		1	895203001240
895203001264	SALAD ORG GIRL 50/50	3.5500	3.5500	5.07	PRODUCE	18	2	0.00		1	895203001264
895203001288	ORG GIRL 50/50 10OZ	4.9833	4.9833	7.50	PRODUCE	18	2	0.00		1	895203001288
895203001295	ORG GIRL SUPER GREENS	3.5500	3.5500	5.07	PRODUCE	18	2	0.00		1	895203001295
895203001301	OG SUPER GREENS 10OZ	12.0000	12.0000	7.76	PRODUCE	18	2	0.00		1	895203001301
895203001431	ORG GIRL ARUG 10oZ	4.9833	4.9833	7.12	PRODUCE	18	2	10.00		1	895203001431
895203001530	ROMAINE HEARTS OG GIRL	3.5643	3.5643	4.75	PRODUCE	18	2	0.00		1	895203001530
895352002150	FRTABLE PMPKN/BLUBRY TRT	3.3775	3.3775	5.63	SNACKS - OTHER	17	2	0.00		1	895352002150
895454002577	B.L. DRYER SHEETS UNSCNT	6.7113	6.7113	9.59	HOUSEHOLD/CLEANING	20	1	4.00		1	895454002577
895454002584	DRYER SHEETS	0.0000	0.0000	3.15	HOUSEHOLD/CLEANING	20	1	0.00		1	895454002584
895454002621	B.L. DISH SOAP POMEGRNTE	6.4185	6.4185	0.00	EDI/UNKNOWN	99	0	0.00		1	895454002621
895573000010	JANEY LOU PB COOKIE	0.0000	0.0000	3.19	SNACKS - BAKERY	16	3	0.00		1	895573000010
896247001098	SIGNATURE SWEET MINI PEPS	5.0250	5.0250	6.70	PRODUCE	18	2	0.00		1	896247001098
896247001272	TOMATOES  GRAPE	2.2167	2.2167	5.03	PRODUCE	18	1	0.00		1	896247001272
896452001005	OBSIDIAN CAB SAUV 750ML	0.0000	34.9900	34.99	LIQUOR STORE	5	3	10.00		1	896452001005
896569002438	CABO ELOTE TORTILLA CHIP	2.8314	2.8314	4.72	SNACKS - SALTY	15	2	0.00		1	896569002438
896668002445	CREM CALA 3LB	0.0000	0.0000	63.02	SNACKS - OTHER	17	1	0.00		1	896668002445
896668002780	CREM PROSC 24CT	12.4783	12.4783	16.64	GRAB & GO FOODS	11	5	0.00		1	896668002780
896767001004	COBL INFINITE COCONT	4.5826	5.1891	6.92	ICE CREAM	12	3	0.00		1	896767001004
896767001028	VAN BEAN COBL MADA	5.1891	5.1891	6.92	ICE CREAM	12	1	0.00		1	896767001028
896767001059	LLCB CHOC CHIP CKY	5.1891	5.1891	6.92	ICE CREAM	12	1	0.00		1	896767001059
896767001219	LUN_LARY CHOCPNTBTTR	5.1891	5.1891	6.92	ICE CREAM	12	2	0.00		1	896767001219
896887002196	BIGS SNFLWR SDS ORIG	1.8308	1.8308	3.05	SNACKS - OTHER	17	5	0.00		1	896887002196
897580000106	MARYS ORIGINAL	4.3228	4.3228	7.20	SNACKS - SALTY	15	5	-5.00		1	897580000106
897580000137	MARYS HERB CRACKER	3.4438	2.8082	4.68	SNACKS - SALTY	15	5	0.00		1	897580000137
897581000365	DANDIES MARSHMELLOW	3.6234	3.6234	5.75	CANDY	8	0	1.00		1	897581000365
897785001274	KATE BAR PBTR MLK CH	1.3650	1.3650	2.73	SNACKS - OTHER	17	3	2.00		1	897785001274
897785001298	KATE STASH BAR	1.4147	1.3650	2.90	SNACKS - OTHER	17	3	0.00		1	897785001298
897785001304	KATE HANDLE BAR	1.7842	1.7407	2.90	SNACKS - OTHER	17	3	0.00		1	897785001304
897785001526	KATE BVY BR LEM CNUT	1.3400	1.2410	2.99	SNACKS - OTHER	17	3	0.00		1	897785001526
897988000128	HO HNY CHOC MINT PTY	0.3715	0.3871	0.55	CANDY	8	2	0.00		1	897988000128
898195001014	FEVERTREE TONIC  6.8 OZ	4.3681	4.3681	6.48	COLD BEVERAGES	7	2	0.00		1	898195001014
898195001342	F.T. PREMIUM TONIC WATER	2.0435	2.0435	3.41	COLD BEVERAGES	7	2	0.00		1	898195001342
898195001656	FEVERTREE ELDERFLWR  6.8 OZ	4.3681	4.3681	6.88	COLD BEVERAGES	7	2	0.00		1	898195001656
898195001755	F.T. PREM CAN TONIC WATR	4.3937	4.3937	7.32	COLD BEVERAGES	7	2	-3.00		1	898195001755
898195001762	F.T. PREM LT CANS TONIC	5.4716	5.4716	9.12	COLD BEVERAGES	7	2	0.00		1	898195001762
898195001984	FEVERTREE CITRUS  6.8 OZ	3.9132	3.8901	6.48	COLD BEVERAGES	7	2	0.00		1	898195001984
898248001015	SIGGIS FF SKYR YOG BLBRY	1.6451	1.6451	0.00	EDI/UNKNOWN	99	0	0.00		1	898248001015
898248001060	SIGGIS FF YOG ACAI MXBRY	1.6451	1.6451	0.00	EDI/UNKNOWN	99	0	0.00		1	898248001060
898248001411	SIGGIS FF SKYR YOG PLAIN	5.5903	4.0962	7.99	DAIRY - OTHER	10	4	0.00		1	898248001411
898249002295	FIGS AJM	5.3833	5.3833	7.69	PRODUCE	18	1	0.00		1	898249002295
898249002301	FIGS  BLACK MISSION OG CLMSHELL	4.4829	3.9917	5.70	PRODUCE	18	1	0.00		1	898249002301
898328002208	CAVA DIP CRAZY FETA	6.5012	6.5012	10.00	GRAB & GO FOODS	11	3	0.00		1	898328002208
898432002002	DULCE VIDA TEQ OG 750ML	29.9900	29.9900	29.99	LIQUOR STORE	5	3	12.00		1	898432002002
898456001111	TAZA CHOC CIN MEXDSC	3.7437	3.8681	5.49	CANDY	8	2	0.00		1	898456001111
898456001210	TAZA CHOC VAN MEX BR	3.2966	3.2966	5.49	CANDY	8	2	0.00		1	898456001210
898456001241	TAZA CHC CHLI MEX BR	3.3793	3.3793	5.63	CANDY	8	2	0.00		1	898456001241
898456001395	TAZA CACAO PURO BR	3.2966	3.2966	5.49	CANDY	8	2	0.00		1	898456001395
898456001555	TAZA CHOC COF MEX BR	3.4522	3.4522	5.75	CANDY	8	2	0.00		1	898456001555
898456001586	TAZA ESPRSO BNS CHOC	0.0000	0.0000	0.00	CANDY	8	2	0.00		1	898456001586
898456001838	TAZA DISC CHOC SSALT	3.3000	3.3000	5.50	CANDY	8	2	0.00		1	898456001838
898456001999	TAZA WNTR SPK EGGNOG	0.0000	0.0000	0.00	CANDY	8	2	0.00		1	898456001999
898563002629	FERNET-BRANCO 750mL	32.9900	32.9900	32.99	LIQUOR STORE	5	3	5.00		1	898563002629
898575001115	BGOOD ORNG ZST CHOC	2.6894	2.6894	4.48	CANDY	8	2	0.00		1	898575001115
898575001122	BGOOD CRSP RICE CHOC	2.6894	2.6894	4.48	CANDY	8	2	0.00		1	898575001122
898575001153	BEYOND GOOD SLTD CRML	2.7900	2.7900	4.65	CANDY	8	2	0.00		1	898575001153
898575001337	BGOOD 70% PURE DARK	1.9559	1.9559	3.26	CANDY	8	2	0.00		1	898575001337
898575001351	OG2 BGOOD 80% PURE DARK	3.4832	3.4832	0.00	EDI/UNKNOWN	99	0	0.00		1	898575001351
898575001894	BGOOD GRNDVAN PURE MADAG	13.1288	13.1288	21.88	CANDY	8	2	0.00		1	898575001894
898626002016	MUSHROOM MAITAKE	2.4000	2.4000	3.00	PRODUCE	18	0	0.00		1	898626002016
8989	STICKER H&H	0.5054	0.5062	3.00	GENERAL MERCHANDISE	22	6	-51.00		1	8989
899039002013	FGF VEGETBL POTSTICKR GF	7.7000	7.7000	12.83	FROZEN FOODS	13	1	0.00		1	899039002013
899039002037	FGF CHICKEN POTSTICKR GF	7.7000	7.7000	10.27	FROZEN FOODS	13	1	0.00		1	899039002037
899039002068	FGF CHKN VEG EGG ROLL GF	7.7000	7.7000	10.27	FROZEN FOODS	13	1	5.00		1	899039002068
899039002273	FGF CHKN POSTICKERS GF	11.7932	11.7932	14.99	FROZEN FOODS	13	1	0.00		1	899039002273
899039002761	FGF JALAPENO CRSPY BITES	7.0766	7.0766	10.89	FROZEN FOODS	13	1	0.00		1	899039002761
899039002822	FGF MOZZARELLA STICKS	7.0766	7.0766	10.11	FROZEN FOODS	13	1	1.00		1	899039002822
899039002891	FGF FRIED DILL PICKLES	7.0766	7.0766	10.89	FROZEN FOODS	13	1	1.00		1	899039002891
8991	MAGNET H&H	0.5802	0.5802	3.50	GENERAL MERCHANDISE	22	6	57.00		1	8991
8992	STICKER OTHER	2.4948	2.5000	4.00	GENERAL MERCHANDISE	22	6	201.00		1	8992
899248002187	BAB ZNC SNSCRN SPY SPF30	13.8192	13.8192	20.77	HEALTH & BEAUTY CARE	21	6	0.00		1	899248002187
8993	STICKER SHEET MESA GLOW	6.0000	6.0000	10.00	GENERAL MERCHANDISE	22	0	8.00		1	8993
899600003838	FARKEL	7.7500	7.7500	12.99	GENERAL MERCHANDISE	22	12	2.00		1	899600003838
899696002951	GG FRESHENER VETIVER	5.7567	5.7567	9.59	HOUSEHOLD/CLEANING	20	4	0.00		1	899696002951
899696002968	GG FRESHENER GARDENIA	5.0650	5.0650	8.44	HOUSEHOLD/CLEANING	20	4	0.00		1	899696002968
900158931877	FANNY PACK LRG	18.2000	18.2000	36.00	GENERAL MERCHANDISE	22	7	-1.00		1	900158931877
900158931884	FANNY PACK SM	16.0000	16.0000	32.00	GENERAL MERCHANDISE	22	7	0.00		1	900158931884
9002	S&S SET $40	33.5000	33.5000	40.00	JEWELERY	104	0	0.00		1	9002
9003	S&S BRACELET $15	12.5000	12.5000	15.00	JEWELERY	104	0	0.00		1	9003
9004	S&S NECKLACE $25	21.0000	21.0000	25.00	JEWELERY	104	0	0.00		1	9004
902754666610	RUTH LEW TATTO WHITE	22.9900	22.9900	22.99	LIQUOR STORE	5	0	7.00		1	902754666610
9050007785418	ERICS OILS 1 EA	15.9535	15.7500	25.00	ERICS OILS - CONSIGNMENT	107	0	22.00		1	9050
9076	DRIED MANGO	0.0000	0.0000	2.00	SNACKS - OTHER	17	4	0.00		1	9076
9084	CHAI  WILD INDIGO	0.0000	0.0000	4.00	FOOD TRUCK SALES	35	0	0.00		1	9084
908418908416	BUCKLIN BAMBINO ZIN 750ML	23.9900	23.9900	23.99	LIQUOR STORE	5	2	0.00		1	908418908416
9085	ORNG FNL CAKE WILD IND	0.0000	0.0000	0.00	FOOD TRUCK SALES	35	0	0.00		1	9085
9105	GNOMES CANDLE	5.0000	5.0000	16.67	GENERAL MERCHANDISE	22	6	0.00		1	9105
918460267300	MORA KNIFE GREEN	12.0400	12.0400	20.07	GENERAL MERCHANDISE	22	0	0.00		1	918460267300
918460267546	MORA KNIFE ORANGE	12.0400	12.0400	20.07	GENERAL MERCHANDISE	22	0	0.00		1	918460267546
922316623578	BAMBOO SKEWERS	1.2000	1.2000	2.49	CAMPING & OUTDOORS	43	0	12.00		1	922316623578
9310072028187	ARNOTTS TIM TAM ORIGINAL	4.0664	3.9815	6.31	SNACKS - BAKERY	16	3	11.00		1	9310072028187
9310072028194	ARNOTTS TIM TAM CARAMEL	4.4062	4.4062	6.29	SNACKS - BAKERY	16	3	0.00		1	9310072028194
9310072029252	ARNOTTS TIM TAM  CLS DRK	4.4062	4.4062	6.29	SNACKS - BAKERY	16	3	0.00		1	9310072029252
9310072029818	ARNOTTS TIM TAM DRK MINT	4.0664	3.9815	6.12	SNACKS - BAKERY	16	3	10.00		1	9310072029818
9310072034140	ARNOTTS TIM TAM XTRA CH	3.9815	3.9815	5.69	SNACKS - BAKERY	16	3	9.00		1	9310072034140
93108	ORANGE	0.7339	0.7486	1.07	PRODUCE	18	1	50.00		1	93108
93109	ORANGES  BLOOD ORG	0.6653	0.6653	0.95	PRODUCE	18	1	0.00		1	93109
93288	PURPLE SWEET POTATO	1.4502	1.6955	2.42	PRODUCE	18	2	0.00		1	93288
93966000887		0.0000	0.0000	0.00	CIGARETTES	2	0	0.00		1	93966000887
94023	GRAPES	6.9500	6.9500	9.61	PRODUCE	18	1	-4.00		1	94023
94044	PEACH/NECTARINE	1.4262	1.4262	2.04	PRODUCE	18	1	0.00		1	94044
94045	CHERRIES OG	6.8179	7.3583	10.22	PRODUCE	18	1	9.00		1	94045
94046	Avocados  EA	0.0000	0.0000	2.65	PRODUCE	18	1	-4.00		1	94046
94050	CANTALOUPE ORGANIC	2.7154	3.9222	5.60	PRODUCE	18	1	0.00		1	94050
94056	GRAPES BLACK ANTHONYS	5.9875	5.9875	7.98	PRODUCE	18	1	-1.00		1	94056
94067	SQUASH  ZUCCHINI OG	1.1273	1.6441	2.35	PRODUCE	18	2	-1.00		1	94067
94074	GARNET YAM ORGANIC Med	0.0000	0.0000	0.85	PRODUCE	18	2	0.00		1	94074
94079	CAULIFLOWER ORGANIC	2.6917	2.6917	3.37	PRODUCE	18	2	0.00		1	94079
94081	EGGPANT   ORG	2.0500	2.0500	2.85	PRODUCE	18	2	2.00		1	94081
9409	PERSIMMONS  OG	1.6208	1.6208	2.34	PRODUCE	18	1	0.00		1	9409
94093	ONIONS  YELLOW	1.0373	1.0373	1.48	PRODUCE	18	2	0.00		1	94093
9421905614597	CMPSTC BAGS GALLON FRZZR	4.4143	4.4143	5.89	HOUSEHOLD/CLEANING	20	2	5.00		1	9421905614597
94430	PINEAPPLE  ORGANIC	4.0750	4.0750	5.66	PRODUCE	18	1	0.00		1	94430
94497	GREEN GRAPE	6.5750	6.5750	8.77	PRODUCE	18	1	1.00		1	94497
94499	RED SEEDLESS GRAPE ORG	0.0000	0.0000	0.00	PRODUCE	18	1	0.00		1	94499
033383904245	BEETS BUNCHED ORGANIC	1.7625	1.7625	2.52	PRODUCE	18	2	0.00		1	94539
94552	CABBAGE  NAPA ORG	0.0000	0.0000	4.38	PRODUCE	18	2	0.00		1	94552
94555	CABBAGE  GREEN	3.4867	3.4867	6.71	PRODUCE	18	2	2.00		1	94555
94560	YAMS ORGANIC	1.2014	1.0197	1.46	PRODUCE	18	2	22.00		1	94560
94593	CUCUMBER ENGLISH	1.6461	1.6917	2.42	PRODUCE	18	2	26.00		1	94593
94664	TOMATO EACH	0.9075	0.9075	1.30	PRODUCE	18	1	-10.00		1	94664
94750	SQUASH  ACORN	2.1571	2.1571	3.24	PRODUCE	18	2	-1.00		1	94750
94759	SQUASH  BUTTERNUT	2.1652	2.2650	3.24	PRODUCE	18	2	14.00		1	94759
94763	SQUASH  BUTTERNUT	1.2120	1.2120	1.73	PRODUCE	18	0	0.00		1	94763
94769	SQUASH  KABOCHA	3.5553	4.0250	5.75	PRODUCE	18	2	6.00		1	94769
94816	YAM ORGANIC	0.6072	0.5830	0.83	PRODUCE	18	2	0.00		1	94816
94889	CILANTRO HLF ACRE	1.5000	1.5000	2.50	PRODUCE	18	2	0.00		1	94889
9515	LETTUCE  RED LEAF	0.0000	0.0000	0.00	PRODUCE	18	2	0.00		1	9515
9558	BOULDER SCHOOLS	0.0000	0.0000	30.00	MAPS & PUBLICATIONS	23	3	0.00		1	9558
323575196603	SM ARROWHEAD	1.0857	1.2000	2.99	GENERAL MERCHANDISE	22	6	10.00		1	9660
9661	LG ARROWHEAD	2.6783	2.6783	5.99	GENERAL MERCHANDISE	22	6	7.00		1	9661
9671	16 OZ ICECREAM COLOR RIDGE	7.2500	7.2500	10.35	ICE CREAM	12	1	0.00		1	9671
9672	8 OZ ICE CREAM COLOR RIDGE	4.2500	4.2500	6.10	ICE CREAM	12	1	0.00		1	9672
9726	SIP HIP HOORAY COOZIE	2.5000	2.5000	5.00	GENERAL MERCHANDISE	22	6	4.00		1	9726
9754	FLY TAPE	0.4728	0.4728	0.86	HOUSEHOLD/CLEANING	20	2	0.00		1	9754
9780061374296	LANDSCAPE HILLERMAN	0.0000	0.0000	28.99	MAPS & PUBLICATIONS	23	3	0.00		1	9780061374296
9780593523216	MAD LIBS SUMMER	4.8000	4.8000	7.99	GENERAL MERCHANDISE	22	12	20.00		1	9780593523216
9780762749010	REMARKABLE UTAH WOMEN	0.0000	0.0000	14.95	MAPS & PUBLICATIONS	23	3	0.00		1	9780762749010
9780762756544	BACKPACKER TRAILSIDE NAV	0.0000	0.0000	12.95	MAPS & PUBLICATIONS	23	3	0.00		1	9780762756544
9780762780976	ANIMAL ENCOUNTERS	0.0000	0.0000	9.95	MAPS & PUBLICATIONS	23	3	0.00		1	9780762780976
978084311827	MAD LIBS LTRS FROM CAMP	4.8000	4.8000	7.99	GENERAL MERCHANDISE	22	12	12.00		1	978084311827
9780843198980	MAD LIBS	3.2000	3.2000	7.99	GENERAL MERCHANDISE	22	12	0.00		1	9780843198980
9780962025532	SECERTS IN THE GRAND...	0.0000	0.0000	12.99	MAPS & PUBLICATIONS	23	3	12.00		1	9780962025532
9780997045703	MADONNA OF STARBUCKS	0.0000	0.0000	14.00	MAPS & PUBLICATIONS	23	3	2.00		1	9780997045703
9780997045734	SEVEN PLAYS	0.0000	0.0000	25.00	MAPS & PUBLICATIONS	23	3	1.00		1	9780997045734
9780997045741	INSPIRED	0.0000	0.0000	14.95	MAPS & PUBLICATIONS	23	3	0.00		1	9780997045741
9780999458815	HBG BOOK	0.0000	0.0000	0.40	MAPS & PUBLICATIONS	23	3	1.00		1	9780999458815
9781423642633	NATIONAL PARKS PUZZLE	12.0000	12.0000	25.99	GENERAL MERCHANDISE	22	12	0.00		1	9781423642633
9781593513214	DIXIE FOREST MAP	15.0000	15.0000	16.99	MAPS & PUBLICATIONS	23	4	0.00		1	9781593513214
9781594850714	DONT DIE OUT THERE CARDS	5.3700	5.3700	11.99	GENERAL MERCHANDISE	22	12	3.00		1	9781594850714
9781594854095	FREEDOM HILLS CARDS	4.7700	4.7700	7.95	GENERAL MERCHANDISE	22	12	0.00		1	9781594854095
9781594859137	DONT GET LOST OUT THERE DECK	4.7700	4.7700	11.99	GENERAL MERCHANDISE	22	12	3.00		1	9781594859137
9801	ECLIPSE STICKER	1.3800	1.3800	4.00	GENERAL MERCHANDISE	22	6	0.00		1	9801
98175	HIGH MOW SEED PACK	0.0000	0.0000	3.55	HOUSEHOLD/CLEANING	20	6	0.00		1	98175
9856	ANTLER CHEW TOY	11.9188	12.6875	17.00	HOUSEHOLD/CLEANING	20	5	8.00		1	9856
9876	WATER FILL 5-20 GAL	0.0000	0.0000	5.00	WATERS - BEVERAGES	31	0	-18.00		1	9876
9877	TOURIST SHOWER $7	0.0000	0.0000	7.00	SHOWERS	84	0	-107.00		1	9877
9878	LOCAL SHOWER $5	0.0000	0.0000	5.00	SHOWERS	84	0	-14.00		1	9878
9879	WATER FILL 20+GAL	0.0000	0.0000	10.00	SHOWERS	84	0	0.00		1	9879
9898	CHOBANI STRAWBERRY 4OZ	0.9680	0.9683	1.41	DAIRY - OTHER	10	4	0.00		1	9898
99391	LINCOLN SUNGLASS	4.0000	4.0000	12.94	CAMPING & OUTDOORS	43	6	0.00		1	99391
999000000014	EGGS BOULDER FRESH 1 DZ	4.0000	4.0000	5.95	DAIRY - OTHER	10	2	0.00		1	999000000014
9992	CORKSCREW	0.8006	0.7998	3.99	GENERAL MERCHANDISE	22	8	-11.00		1	9992
749601012066	BER SOURDOUGH SPELT BRD	6.7654	6.7654	9.40	BREADS	14	1	6.00		1	749601012066
898328002246	CAVA HUMMAS TRADITIONAL	2.8510	2.8510	4.39	GRAB & GO FOODS	11	3	11.00		1	898328002246
868138000435	FORAGE KMBCHA PEACH	2.1087	2.1087	3.51	COLD BEVERAGES	7	6	12.00		1	868138000435
868138000442	FORAGE KMBCHA BRY GR	2.1087	2.1087	3.51	COLD BEVERAGES	7	6	12.00		1	868138000442
868138000473	FORAGE KMBCHA GRPFRT	2.1087	2.1087	3.51	COLD BEVERAGES	7	6	12.00		1	868138000473
819898010394	BTN DBL CLSC CRM SNDWCH	3.1442	3.1442	4.84	SNACKS - BAKERY	16	3	6.00		1	819898010394
763027703322	DEWBK CHOC MNT CKIE THIN	3.8138	3.8138	5.87	SNACKS - BAKERY	16	3	6.00		1	763027703322
865497000069	JBAR BAR PEANUT BTR	2.0617	2.0617	3.44	SNACKS - OTHER	17	3	12.00		1	865497000069
857946006258	LONLF BEEF BONE BRTH STK	5.3569	5.3568	8.24	EDIBLE GROCERY	19	9	6.00		1	857946006258
030684790676	MIDEL GF GINGER SNAPS	4.4018	4.4018	6.77	SNACKS - BAKERY	16	3	8.00		1	030684790676
066380009231	OKOCAT WOOD CLMPNG LITTR	13.0606	13.0606	18.14	HOUSEHOLD/CLEANING	20	5	2.00		1	066380009231
850020705931	RVW LEOS SNDWCH CKYCREAM	4.7993	4.7993	7.38	SNACKS - BAKERY	16	3	6.00		1	850020705931
850012047827	HK CAT FD MINC CHKN GRVY	2.3891	2.3891	0.00	EDI/UNKNOWN	99	0	0.00		1	850012047827
850012047834	HK CAT FD BRTH GRVY TRKY	2.3891	2.3891	0.00	EDI/UNKNOWN	99	0	0.00		1	850012047834
869006000106	LIVELY UP BREATH MINT	0.0000	0.0000	2.68	HEALTH & BEAUTY CARE	21	8	0.00		1	869006000106
850034509020	5 STAR SUMMER WINDSHIELD WASH	0.0000	0.0000	6.89	AUTOMOTIVE PRODUCTS	24	3	0.00		1	850034509020
012000809941	PEPSI CANS 12 OZ 12 PK	6.7150	6.7150	11.19	COLD BEVERAGES	7	1	0.00		12	012000000133
012000809965	MT DEW CANS 12 OZ 12 PK	6.7150	6.7150	11.19	COLD BEVERAGES	7	1	0.00		12	012000000850
012000171864	PEPSI DIET CAN 12 OZ 12 PK	6.7150	6.7150	11.19	COLD BEVERAGES	7	1	0.00		12	012000008054
012000810008	MUG RT BR CAN 12 OZ 12 PK	8.5200	8.5200	14.16	COLD BEVERAGES	7	1	0.00		12	012000008993
049000028911	COKE DIET CAN 12 OZ 12 PK	7.5000	7.5000	13.45	COLD BEVERAGES	7	1	0.00		12	049000006582
049000030129	BARQS RT BEER CAN 12 OZ 12 PK	7.5489	7.5000	13.45	COLD BEVERAGES	7	1	0.00		12	049000023855
049000042559	COKE ZERO CAN 12 OZ 12 PK	7.4800	7.4800	11.51	COLD BEVERAGES	7	1	0.00		12	049000042566
049000060904	COKE ZRO CF CAN 12 OZ 12 PK	7.4800	7.4800	11.51	COLD BEVERAGES	7	1	0.00		12	049000060898
071142001262	ARROWHEAD 6PK	2.3802	2.9200	4.87	WATERS - BEVERAGES	31	3	0.00		6	071142000500
072924012049	COCK N BULL GINGER 4 PK	4.4998	4.5000	6.67	COLD BEVERAGES	7	1	0.00		4	072924012131
075140245147	ALPINE	4.1426	5.1300	8.55	WATERS - BEVERAGES	31	0	0.00		24	075140005024
075140350018	WATER CG 500ML	6.0413	7.4812	6.95	WATERS - BEVERAGES	31	0	0.00		35	075140005024
083820181326	GUINESS BLONDE	7.1250	7.1250	10.18	BEER-GS	4	0	0.00		6	083820181319
709326022023	UTINA WYLD BTL 6PL	7.9900	7.9900	11.41	BEER-GS	4	6	0.00		6	709326022030
786150001264	STELLA 6 PK BTL	7.1625	7.1625	10.23	BEER-GS	4	3	0.00		6	786150001257
819215020488	WATERLOO STRAWBERRY 12 PK	6.1073	6.1073	9.25	COLD BEVERAGES	7	2	0.00		12	819215020471
819215020754	WATERLOO BLUEBERRY 12 PK	4.7718	5.0676	9.25	COLD BEVERAGES	7	2	0.00		12	819215020723
853152120023	PRO BR WHOLE BERRY	28.0080	28.0080	46.68	SNACKS - OTHER	17	3	0.00		12	853152100025
853152100636	PRO BR ALMOND CHRUNCH	28.9400	28.9400	48.23	SNACKS - OTHER	17	3	0.00		12	853152100629
