SKU,ProductName,RetailPrice,Category,OnSpecialPricing,EffectiveDate,Status,UpdatedOn,Size
004356,BALVENIE DOUBLEWOOD 12 YR SCOTCH   750ml,74.99,General,No,2025-07-01,1,2025-08-22 21:57:49,750
004626,BUCHANANS DELUXE 12YR SCOTCH       750ml,42.99,General,No,2025-07-01,1,2025-08-22 21:57:49,750
004825,THE DALMORE 12 YR SNGLE MALT       750ml,79.99,General,No,2025-07-01,1,2025-08-22 21:57:49,750
004846,DALWHINNIE MALT SCOTCH             750ml,74.99,General,No,2025-07-01,1,2025-08-22 21:57:49,750
004866,DEWARS WHITE LABEL SCOTCH          750ml,25.99,General,No,2025-07-01,1,2025-08-22 21:57:49,750
005006,GLENFIDDICH SPEC RESERVE 12YR SNG  750ml,54.99,General,No,2025-07-01,1,2025-08-22 21:57:49,750
005014,GLENFIDDICH RESERVA 15YR SOLERA,83.99,General,No,2025-07-01,1,2025-08-22 21:57:49,
005106,GRANT'S FAMILY RESERVE SCOTCH      750ml,19.99,General,No,2025-07-01,1,2025-08-22 21:57:49,750
005153,GLENLIVET FOUNDERS RESERVE         750ml,49.99,General,No,2025-07-01,1,2025-08-22 21:57:49,750
005159,GLENFIDDICH 14YR BOURBON BARREL RESERVE,64.99,General,No,2025-07-01,1,2025-08-22 21:57:49,
005247,HIGHLAND PARK 12YR VIKING HONOUR   750ml,59.99,General,No,2025-07-01,1,2025-08-22 21:57:49,750
005318,JOHNNIE WALKER DOUBLE BLACK        750ml,49.99,General,No,2025-07-01,1,2025-08-22 21:57:49,750
005326,JOHNNIE WALKER BLK 12YR            750ml,42.99,General,No,2025-07-01,1,2025-08-22 21:57:49,750
005346,JOHNNIE WALKER RED                 750ml,26.99,General,No,2025-07-01,1,2025-08-22 21:57:49,750
005635,MONKEY SHOULDER WHISKEY            750ml,35.99,General,No,2025-07-01,1,2025-08-22 21:57:49,750
005844,MONKEY SHOULDER WHISKEY          1750 ml,64.99,General,No,2025-07-01,1,2025-08-22 21:57:49,1750
005924,GLENLIVET CARIBBEAN RESERVE SINGLE 750ml,49.99,General,No,2025-07-01,1,2025-08-22 21:57:49,750
006105,SPEYBURN 10YR SINGLE MALT SCOTCH   750ml,29.99,General,No,2025-07-01,1,2025-08-22 21:57:49,750
006424,MACLEANS NOSE BLENDED SCOTCH WHISKY700ml,27.83,General,Yes,2025-07-01,1,2025-08-22 21:57:49,700
006998,CLAN MAC GREGOR SCOTCH            1750ml,19.99,General,Yes,2025-07-01,1,2025-08-22 21:57:49,1750
008828,LAUDERS SCOTCH                    1750ml,22.99,General,No,2025-07-01,1,2025-08-22 21:57:49,1750
010626,CANADIAN CLUB WHISKY               750ml,12.99,General,No,2025-07-01,1,2025-08-22 21:57:49,750
010791,CROWN ROYAL VANILLA                750ml,29.99,General,No,2025-07-01,1,2025-08-22 21:57:49,750
010802,CROWN ROYAL PEACH                  750ml,29.99,General,No,2025-07-01,1,2025-08-22 21:57:49,750
010807,CROWN ROYAL REGAL APPLE            750ml,29.99,General,No,2025-07-01,1,2025-08-22 21:57:49,750
010836,CROWN ROYAL BLACK                  750ml,34.99,General,No,2025-07-01,1,2025-08-22 21:57:49,750
011296,CROWN ROYAL                        750ml,29.99,General,No,2025-07-01,1,2025-08-22 21:57:49,750
011297,CROWN ROYAL                       1000ml,32.99,General,Yes,2025-07-01,1,2025-08-22 21:57:49,1000
011346,SEAGRAMS VO 6 YR                   750ml,10.99,General,Yes,2025-07-01,1,2025-08-22 21:57:49,750
011348,SEAGRAMS VO 6 YR                  1750ml,30.07,General,No,2025-07-01,1,2025-08-22 21:57:49,1750
011776,BLACK VELVET                       750ml,9.99,General,Yes,2025-07-01,1,2025-08-22 21:57:49,750
011777,BLACK VELVET                      1000ml,14.99,General,No,2025-07-01,1,2025-08-22 21:57:49,1000
011940,CANADIAN HUNTER RYE WHISKEY        750ml,11.02,General,No,2025-07-01,1,2025-08-22 21:57:49,750
012288,CANADIAN HOST 3 YR                1750ml,19.04,General,No,2025-07-01,1,2025-08-22 21:57:49,1750
012316,CANADIAN HUNTER PET                750ml,10.02,General,No,2025-07-01,1,2025-08-22 21:57:49,750
012885,RICH & RARE CANADIAN PET           750ml,10.02,General,No,2025-07-01,1,2025-08-22 21:57:49,750
013110,8 SECONDS CANADIAN WHISKEY         750ml,20.0,General,Yes,2025-07-01,1,2025-08-22 21:57:49,750
013638,LORD CALVERT CANADIAN             1750ml,18.99,General,No,2025-07-01,1,2025-08-22 21:57:49,1750
014192,PENDLETON CANADIAN WHISKY          750ml,25.99,General,Yes,2025-07-01,1,2025-08-22 21:57:49,750
014199,PENDLETON CANADIAN WHISKY         1750ml,52.99,General,No,2025-07-01,1,2025-08-22 21:57:49,1750
014208,PENDLETON 1910 CANADIAN RYE 12     750ml,46.99,General,No,2025-07-01,1,2025-08-22 21:57:49,750
014268,POTTERS CROWN CANADIAN            1750ml,16.99,General,No,2025-07-01,1,2025-08-22 21:57:49,1750
014848,STALK AND BARREL CANADIAN WHISKEY  750ml,21.99,General,Yes,2025-07-01,1,2025-08-22 21:57:49,750
015626,JAMESON IRISH WHISKEY              750ml,29.99,General,No,2025-07-01,1,2025-08-22 21:57:49,750
015667,JAMESON SELECT RESERVE BLACK BARR  750ml,44.99,General,No,2025-07-01,1,2025-08-22 21:57:49,750
015770,THE IRISHMAN THE HARVEST            750m,34.99,General,No,2025-07-01,1,2025-08-22 21:57:49,
015776,BUSHMILLS IRISH WHISKEY            750ml,29.99,General,No,2025-07-01,1,2025-08-22 21:57:49,750
015830,PROPER NO TWELVE IRISH WHISKEY     750ml,29.99,General,No,2025-07-01,1,2025-08-22 21:57:49,750
015890,QUIET MAN TRADITIONAL IRISH WHSKY  750ml,29.99,General,No,2025-07-01,1,2025-08-22 21:57:49,750
015933,WALSH WRITERS TEARS IRISH WHISKEY  750ml,36.99,General,Yes,2025-07-01,1,2025-08-22 21:57:49,750
015940,TULLAMORE DEW                      750ml,30.99,General,No,2025-07-01,1,2025-08-22 21:57:49,750
015945,TULLAMORE DEW                     1750ml,63.99,General,No,2025-07-01,1,2025-08-22 21:57:49,1750
015962,NIKKA COFFEY GRAIN                 750ml,61.99,General,Yes,2025-07-01,1,2025-08-22 21:57:49,750
016096,EVAN WILLIAMS BIB WHITE LABEL      750ml,19.99,General,Yes,2025-07-01,1,2025-08-22 21:57:49,750
016098,EVAN WILLIAMS BIB WHITE LABEL    1750 ml,38.99,General,No,2025-07-01,1,2025-08-22 21:57:49,1750
016207,NIKKA DAYS WHISKY                  750ml,39.99,General,No,2025-07-01,1,2025-08-22 21:57:49,750
016222,JACK DANIELS BONDED WHISKEY        700ml,36.99,General,No,2025-07-01,1,2025-08-22 21:57:49,700
016396,OLD FORESTER SIGNATURE BOURBON     750ml,25.99,General,Yes,2025-07-01,1,2025-08-22 21:57:49,750
016580,BAKERS BOURBON                     750ml,69.99,General,No,2025-07-01,1,2025-08-22 21:57:49,750
016676,BASIL HAYDEN BOURBON 8YR           750ml,42.99,General,No,2025-07-01,1,2025-08-22 21:57:49,750
016682,BASIL HAYDEN BOURBON              1750ml,74.99,General,Yes,2025-07-01,1,2025-08-22 21:57:49,1750
016832,BLADE AND BOW BOURBON              750ml,49.99,General,No,2025-07-01,1,2025-08-22 21:57:49,750
017045,BROKEN TOP BACKCOUNTRY BOURBON     750ml,32.99,General,Yes,2025-07-01,1,2025-08-22 21:57:49,750
017086,BULLEIT BOURBON FRONTIER WHISK     750ml,32.99,General,No,2025-07-01,1,2025-08-22 21:57:49,750
017334,CHICKEN COCK BOURBON               750ml,54.99,General,Yes,2025-07-01,1,2025-08-22 21:57:49,750
017958,EVAN WILLIAMS BLACK LABEL         1750ml,34.99,General,No,2025-07-01,1,2025-08-22 21:57:49,1750
018120,EVAN WILLIAMS SINGLE BRL           750ml,39.99,Limited,No,2025-07-01,L,2025-08-22 21:57:49,750
018201,EZRA BROOKS 99 PR BOURBON          750ml,24.99,General,No,2025-07-01,1,2025-08-22 21:57:49,750
018203,EZRA BROOKS 99 BOURBON 1750ml,41.99,General,Yes,2025-07-01,1,2025-08-22 21:57:49,1750
018348,FOUR ROSES SMALL BATCH BOURBON     750ml,32.99,General,Yes,2025-07-01,1,2025-08-22 21:57:49,750
018351,FOUR ROSES BOURBON YELLOW LABEL  1750 ml,47.99,General,No,2025-07-01,1,2025-08-22 21:57:49,1750
018352,FOUR ROSES BOURBON YELLOW LABEL    750ml,26.99,General,No,2025-07-01,1,2025-08-22 21:57:49,750
018604,HIGH WEST BOURBON                  750ml,34.99,General,Yes,2025-07-01,1,2025-08-22 21:57:49,750
019009,JEFFERSON'S  BOURBON    750ml,39.99,General,No,2025-07-01,1,2025-08-22 21:57:49,750
019026,JIM BEAM BLACK XTRA AGE BOURBON,26.99,General,No,2025-07-01,1,2025-08-22 21:57:49,
019066,JIM BEAM                           750ml,20.99,General,No,2025-07-01,1,2025-08-22 21:57:49,750
019068,JIM BEAM                          1750ml,38.99,General,No,2025-07-01,1,2025-08-22 21:57:49,1750
019112,JIM BEAM DEVILS CUT                750ml,23.99,General,No,2025-07-01,1,2025-08-22 21:57:49,750
019226,KNOB CREEK BOURBON                 750ml,38.99,General,No,2025-07-01,1,2025-08-22 21:57:49,750
019477,MAKERS MARK BOURBON              1000 ml,35.99,General,Yes,2025-07-01,1,2025-08-22 21:57:49,1000
019478,MAKERS MARK BOURBON              1750 ml,62.99,General,No,2025-07-01,1,2025-08-22 21:57:49,1750
019486,MAKERS MARK BRBN 46       750ml,37.99,General,No,2025-07-01,1,2025-08-22 21:57:49,750
020366,OLD FORESTER 86 PRF BOURBON        750ml,22.99,General,Yes,2025-07-01,1,2025-08-22 21:57:49,750
022102,WILD TURKEY LONGBRANCH             750ml,37.99,General,No,2025-07-01,1,2025-08-22 21:57:49,750
022157,WILD TURKEY 101                   1000ml,32.99,General,Yes,2025-07-01,1,2025-08-22 21:57:49,1000
022175,RUSSELL'S RESERVE 10YR             750ml,39.99,General,Yes,2025-07-01,1,2025-08-22 21:57:49,750
022207,WOODFORD RESERVE DISTILLER SELEC 1750 ml,66.99,General,Yes,2025-07-01,1,2025-08-22 21:57:49,1750
022241,WOODFORD RESERVE MALT              750ml,39.99,General,No,2025-07-01,1,2025-08-22 21:57:49,750
022244,YELLOWSTONE SELECT BOURBON         750ml,39.99,General,No,2025-07-01,1,2025-08-22 21:57:49,750
022257,WOODFORD RESERVE STRAIGHT WHEAT    750ml,39.99,General,No,2025-07-01,1,2025-08-22 21:57:49,750
022531,BULLEIT SINGLE MALT                750ml,59.99,General,No,2025-07-01,1,2025-08-22 21:57:49,750
022779,JIM BEAM PINEAPPLE                 750ml,20.99,General,No,2025-07-01,1,2025-08-22 21:57:49,750
023708,FLEISCHMANNS PREFERRED WHISKEY BL 1750ml,17.04,General,No,2025-07-01,1,2025-08-22 21:57:49,1750
025055,DENTED BRICK RYE WHISKEY           750ml,36.99,General,No,2025-07-01,1,2025-08-22 21:57:49,750
025567,DENTED BRICK CRAFT WHISKEY        1000ml,29.99,General,No,2025-07-01,1,2025-08-22 21:57:49,1000
025608,SEAGRAMS 7 CROWN                  1750ml,25.99,General,No,2025-07-01,1,2025-08-22 21:57:49,1750
025746,UNCLE NEAREST GREEN TENN WHISKEY   750ml,29.99,General,No,2025-07-01,1,2025-08-22 21:57:49,750
025940,REBEL STRAIGHT RYE WHISKEY 100PR   750ml,22.99,General,No,2025-07-01,1,2025-08-22 21:57:49,750
025941,ELIJAH CRAIG RYE                   750ml,34.99,General,No,2025-07-01,1,2025-08-22 21:57:49,750
026086,BIRD DOG HONEY WHISKEY             750ml,18.99,General,Yes,2025-07-01,1,2025-08-22 21:57:49,750
026363,BIRD DOG SALTED CARAMEL            750ml,18.99,General,Yes,2025-07-01,1,2025-08-22 21:57:49,750
026586,GENTLEMAN JACK                     750ml,32.99,General,No,2025-07-01,1,2025-08-22 21:57:49,750
026589,GENTLEMAN JACK                    1750ml,56.99,General,Yes,2025-07-01,1,2025-08-22 21:57:49,1750
026665,TIN CUP RYE WHISKEY                750ml,29.99,General,No,2025-07-01,1,2025-08-22 21:57:49,750
026707,UNCLE NEAREST 1884 SMALL BATCH     750ml,43.99,General,Yes,2025-07-01,1,2025-08-22 21:57:49,750
026720,PORTER'S RYE 95    750ml,27.99,General,Yes,2025-07-01,1,2025-08-22 21:57:49,750
026826,JACK DANIELS BLACK LABEL           750ml,26.99,General,No,2025-07-01,1,2025-08-22 21:57:49,750
026827,JACK DANIELS BLACK LABEL          1000ml,29.99,General,Yes,2025-07-01,1,2025-08-22 21:57:49,1000
026828,JACK DANIELS BLACK LABEL          1750ml,49.99,General,Yes,2025-07-01,1,2025-08-22 21:57:49,1750
026906,JACK DANIELS SINGLE BARREL         750ml,53.99,General,No,2025-07-01,1,2025-08-22 21:57:49,750
026970,WOODINVILLE STRAIGHT BOURBON WHISKEY  75,39.99,General,No,2025-07-01,1,2025-08-22 21:57:49,
027025,BULLEIT 95 RYE WHISKEY             750ml,32.99,General,No,2025-07-01,1,2025-08-22 21:57:49,750
027037,GEORGE DICKEL RYE WHISKY           750ml,24.99,General,No,2025-07-01,1,2025-08-22 21:57:49,750
027040,HIGH WEST DOUBLE RYE WHISKEY       750ml,37.99,General,No,2025-07-01,1,2025-08-22 21:57:49,750
027048,KNOB CREEK RYE WHISKEY             750ml,34.99,General,Yes,2025-07-01,1,2025-08-22 21:57:49,750
027056,JIM BEAM RYE 4YR                   750ml,20.99,General,No,2025-07-01,1,2025-08-22 21:57:49,750
027079,REDEMPTION RYE WHISKEY             750ml,22.99,General,Yes,2025-07-01,1,2025-08-22 21:57:49,750
027094,HIGH WEST RENDEZVOUS RYE WHISK     750ml,70.98,General,Yes,2025-07-01,1,2025-08-22 21:57:49,750
027102,TEMPLETON 4YR RYE WHISKEY          750ml,29.99,General,Yes,2025-07-01,1,2025-08-22 21:57:49,750
027117,WILD TURKEY 101 RYE               1000ml,33.99,General,No,2025-07-01,1,2025-08-22 21:57:49,1000
027130,WOODFORD RESERVE RYE               750ml,39.99,General,No,2025-07-01,1,2025-08-22 21:57:49,750
027189,BASIL HAYDEN DARK RYE BOURBON      750ml,42.99,General,No,2025-07-01,1,2025-08-22 21:57:49,750
027380,ANGELS ENVY FINISHED RYE           750ml,79.99,General,No,2025-07-01,1,2025-08-22 21:57:49,750
027410,JIM BEAM HONEY                     750ml,20.99,General,No,2025-07-01,1,2025-08-22 21:57:49,750
027434,BIRD DOG PEACH WHISKEY             750ml,18.99,General,Yes,2025-07-01,1,2025-08-22 21:57:49,750
027475,BIRD DOG BLACKBERRY WHISKEY        750ml,18.99,General,Yes,2025-07-01,1,2025-08-22 21:57:49,750
027523,HIGH WEST CAMPFIRE BLENDED WHISKE  750ml,72.99,General,No,2025-07-01,1,2025-08-22 21:57:49,750
027544,RED STAG BLACK CHERRY BY JIM BEAM  750ml,20.99,General,No,2025-07-01,1,2025-08-22 21:57:49,750
027560,STRANAHAN'S COLORADO WHISKEY       750ml,57.99,General,No,2025-07-01,1,2025-08-22 21:57:49,750
027605,TIN CUP WHISKEY                    750ml,29.99,General,No,2025-07-01,1,2025-08-22 21:57:49,750
027650,WYOMING WHISKEY SMALL BATCH        750ml,49.99,General,No,2025-07-01,1,2025-08-22 21:57:49,750
027742,SUGAR HOUSE MALT WHISKEY           750ml,46.99,General,Yes,2025-07-01,1,2025-08-22 21:57:49,750
027783,JIM BEAM APPLE WHISKEY             750ml,20.99,General,No,2025-07-01,1,2025-08-22 21:57:49,750
027878,SUGAR HOUSE BOURBON WHISKEY        750ml,37.99,General,No,2025-07-01,1,2025-08-22 21:57:49,750
028043,JIM BEAM VANILLA WHISKEY           750ml,20.99,General,No,2025-07-01,1,2025-08-22 21:57:49,750
028052,ALPINE LAFAYETTE  SPCD WSKY        750ml,26.99,General,Yes,2025-07-01,1,2025-08-22 21:57:49,750
028086,BEEFEATER GIN                      750ml,24.99,General,No,2025-07-01,1,2025-08-22 21:57:49,750
028167,ALPINE AMERICAN WHISKEY            750ml,36.99,General,Yes,2025-07-01,1,2025-08-22 21:57:49,750
028206,BOMBAY GIN                         750ml,23.99,General,No,2025-07-01,1,2025-08-22 21:57:49,750
028236,BOMBAY SAPPHIRE GIN                750ml,27.99,General,No,2025-07-01,1,2025-08-22 21:57:49,750
028279,JIM BEAM PEACH                     750ml,20.99,General,No,2025-07-01,1,2025-08-22 21:57:49,750
028477,EMPRESS 1908 GIN INDIGO     750ml,39.99,General,No,2025-07-01,1,2025-08-22 21:57:49,750
028485,FORDS GIN                          750ml,27.99,General,No,2025-07-01,1,2025-08-22 21:57:49,750
028627,HENDRICKS GIN                    1000 ml,39.99,General,Yes,2025-07-01,1,2025-08-22 21:57:49,1000
028628,HENDRICKS GIN                     1750ml,76.99,General,No,2025-07-01,1,2025-08-22 21:57:49,1750
028778,ROKU GIN                           750ml,34.99,General,No,2025-07-01,1,2025-08-22 21:57:49,750
028812,SIPSMITH LONDON DRY GIN            750ml,29.0,General,Yes,2025-07-01,1,2025-08-22 21:57:49,750
028866,TANQUERAY GIN                      750ml,26.99,General,No,2025-07-01,1,2025-08-22 21:57:49,750
028886,TANQUERAY TEN GIN                  750ml,39.99,General,No,2025-07-01,1,2025-08-22 21:57:49,750
028890,TANQUERAY RANGPUR GIN              750ml,26.99,General,No,2025-07-01,1,2025-08-22 21:57:49,750
029082,ASKUR 45 GIN ICELAND               750ml,25.99,Special,No,2025-07-01,S,2025-08-22 21:57:49,750
029119,AVIATION AMERICAN GIN              750ml,28.99,General,No,2025-07-01,1,2025-08-22 21:57:49,750
029327,BEEHIVE DECADE DRY GIN             750ml,24.99,General,Yes,2025-07-01,1,2025-08-22 21:57:49,750
029566,BURNETTS GIN                       750ml,9.99,General,No,2025-07-01,1,2025-08-22 21:57:49,750
029568,BURNETTS GIN                      1750ml,17.99,General,Yes,2025-07-01,1,2025-08-22 21:57:49,1750
029835,CASAL GARCIA VINHO VERDE WHITE    750ml,7.99,General,Yes,2025-07-01,1,2025-08-22 21:57:49,750
029911,DENTED BRICK CRAFT GIN 1000ml,16.99,General,Yes,2025-07-01,1,2025-08-22 21:57:49,1000
029913,DENTED BRICK PREMIUM GIN           750ml,26.99,General,No,2025-07-01,1,2025-08-22 21:57:49,750
030322,GRAY WHALE GIN                     750ml,34.99,General,Yes,2025-07-01,1,2025-08-22 21:57:49,750
031473,NEW AMSTERDAM GIN                 1750ml,27.99,General,Yes,2025-07-01,1,2025-08-22 21:57:49,1750
031475,NEW AMSTERDAM GIN                  750ml,19.99,General,No,2025-07-01,1,2025-08-22 21:57:49,750
032112,SALT CITY LAKESIDE GIN             750ml,19.99,General,No,2025-07-01,1,2025-08-22 21:57:49,750
032236,SEAGRAMS EXTRA DRY GIN             750ml,17.99,General,No,2025-07-01,1,2025-08-22 21:57:49,750
032650,UNCLE VAL'S BOTANICAL GIN          750ml,34.99,General,No,2025-07-01,1,2025-08-22 21:57:49,750
033256,SEAGRAMS LIME TWISTED GIN          750ml,17.99,General,No,2025-07-01,1,2025-08-22 21:57:49,750
033303,WILD ROOTS CUCUMBER GRPFRT GIN     750ml,21.99,General,Yes,2025-07-01,1,2025-08-22 21:57:49,750
033467,ABSOLUT LIME                       750ml,21.99,General,No,2025-07-01,1,2025-08-22 21:57:49,750
033663,SVEDKA STRAWBERRY LEMON VODKA      750ml,15.99,General,No,2025-07-01,1,2025-08-22 21:57:49,750
034006,ABSOLUT VODKA                      750ml,21.99,General,No,2025-07-01,1,2025-08-22 21:57:49,750
034008,ABSOLUT VODKA                     1750ml,44.99,General,No,2025-07-01,1,2025-08-22 21:57:49,1750
034014,ABSOLUT APEACH                     750ml,21.99,General,No,2025-07-01,1,2025-08-22 21:57:49,750
034026,ABSOLUT PEPPAR VODKA               750ml,21.99,General,No,2025-07-01,1,2025-08-22 21:57:49,750
034030,ABSOLUT CITRON VODKA               750ml,21.99,General,No,2025-07-01,1,2025-08-22 21:57:49,750
034032,ABSOLUT CITRON VODKA              1750ml,44.99,General,No,2025-07-01,1,2025-08-22 21:57:49,1750
034036,ABSOLUT PEARS VODKA                750ml,21.99,General,No,2025-07-01,1,2025-08-22 21:57:49,750
034052,ABSOLUT RASPBERRI VODKA            750ml,21.99,General,No,2025-07-01,1,2025-08-22 21:57:49,750
034116,ABSOLUT MANDRIN VODKA              750ml,21.99,General,No,2025-07-01,1,2025-08-22 21:57:49,750
034122,CRYSTAL HEAD VODKA                 750ml,51.99,General,Yes,2025-07-01,1,2025-08-22 21:57:49,750
034244,CHOPIN VODKA                       750ml,24.99,General,No,2025-07-01,1,2025-08-22 21:57:49,750
034368,FRIS VODKA                        1750ml,14.99,General,Yes,2025-07-01,1,2025-08-22 21:57:49,1750
034422,GREY GOOSE VODKA                  1000ml,31.99,General,Yes,2025-07-01,1,2025-08-22 21:57:49,1000
034433,GREY GOOSE VODKA                   750ml,29.99,General,No,2025-07-01,1,2025-08-22 21:57:49,750
034449,KETEL ONE CITROEN VODKA            750ml,24.99,General,No,2025-07-01,1,2025-08-22 21:57:49,750
034456,KETEL ONE VODKA                    750ml,24.99,General,No,2025-07-01,1,2025-08-22 21:57:49,750
034457,KETEL ONE                         1000ml,26.99,General,Yes,2025-07-01,1,2025-08-22 21:57:49,1000
034510,MONOPOLOWA POTATO VODKA           1000ml,17.99,General,No,2025-07-01,1,2025-08-22 21:57:49,1000
034515,MONOPOLOWA POTATO VODKA           1750ml,26.99,General,Yes,2025-07-01,1,2025-08-22 21:57:49,1750
034546,PEARL VODKA                        750ml,9.99,General,No,2025-07-01,1,2025-08-22 21:57:49,750
034578,PINNACLE VODKA                    1750ml,19.99,General,Yes,2025-07-01,1,2025-08-22 21:57:49,1750
034649,PINNACLE 100 PROOF VODKA           750ml,14.99,General,No,2025-07-01,1,2025-08-22 21:57:49,750
034759,REYKA VODKA                       1750ml,42.99,General,Yes,2025-07-01,1,2025-08-22 21:57:49,1750
034820,SVEDKA VODKA                       750ml,15.99,General,No,2025-07-01,1,2025-08-22 21:57:49,750
034821,SVEDKA VODKA                      1750ml,21.99,General,Yes,2025-07-01,1,2025-08-22 21:57:49,1750
034919,THREE OLIVES VODKA                1750ml,26.99,General,No,2025-07-01,1,2025-08-22 21:57:49,1750
035356,BLUE ICE POTATO VODKA              750ml,17.99,General,Yes,2025-07-01,1,2025-08-22 21:57:49,750
035416,BURNETTS VODKA                     750ml,9.99,General,No,2025-07-01,1,2025-08-22 21:57:49,750
035418,BURNETTS VODKA                    1750ml,14.99,General,Yes,2025-07-01,1,2025-08-22 21:57:49,1750
035628,PINNACLE WHIPPED VODKA            1750ml,24.99,General,No,2025-07-01,1,2025-08-22 21:57:49,1750
035699,PEARL CUCUMBER VODKA               750ml,7.99,General,Yes,2025-07-01,1,2025-08-22 21:57:49,750
035948,FLEISCHMANNS ROYAL VODKA          1750ml,10.99,General,Yes,2025-07-01,1,2025-08-22 21:57:49,1750
036465,HELIX VODKA                       1000ml,22.99,Special,No,2025-07-01,S,2025-08-22 21:57:49,1000
036618,NEW AMSTERDAM RASPBERRY VODKA      750ml,10.99,General,Yes,2025-07-01,1,2025-08-22 21:57:49,750
036711,FIVE WIVES VODKA                 1000 ml,16.99,General,Yes,2025-07-01,1,2025-08-22 21:57:49,1000
036759,DENTED BRICK CRAFT VODKA         1000 ml,16.99,General,Yes,2025-07-01,1,2025-08-22 21:57:49,1000
036769,ABSOLUT GRAPEFRUIT                 750ml,21.99,General,No,2025-07-01,1,2025-08-22 21:57:49,750
036773,FIVE WIVES PREMIUM POTATO VODKA    750ml,19.99,General,Yes,2025-07-01,1,2025-08-22 21:57:49,750
036969,NEW AMSTERDAM VODKA                750ml,12.99,General,Yes,2025-07-01,1,2025-08-22 21:57:49,750
036970,NEW AMSTERDAM                     1000ml,18.99,General,No,2025-07-01,1,2025-08-22 21:57:49,1000
036971,NEW AMSTERDAM VODKA               1750ml,25.99,General,No,2025-07-01,1,2025-08-22 21:57:49,1750
037137,FIVE HUSBANDS VODKA                750ml,15.99,General,No,2025-07-01,1,2025-08-22 21:57:49,750
037418,POPOV VODKA                       1750ml,18.04,General,No,2025-07-01,1,2025-08-22 21:57:49,1750
037478,POTTERS VODKA                     1750ml,11.99,General,Yes,2025-07-01,1,2025-08-22 21:57:49,1750
037639,DENTED BRICK PREMIUM VODKA         750ml,24.99,General,No,2025-07-01,1,2025-08-22 21:57:49,750
037645,ROCK'N VODKA                       750ml,23.99,General,Yes,2025-07-01,1,2025-08-22 21:57:49,750
037739,SALT CITY VODKA                    750ml,16.99,General,Yes,2025-07-01,1,2025-08-22 21:57:49,750
037741,SALT CITY VODKA                   1750ml,37.99,General,No,2025-07-01,1,2025-08-22 21:57:49,1750
037768,BLUE ICE DOUBLE ESPRESSO VODKA     750ml,17.99,General,Yes,2025-07-01,1,2025-08-22 21:57:49,750
037886,SEAGRAMS EXTRA SMOOTH VODKA        750ml,11.99,General,Yes,2025-07-01,1,2025-08-22 21:57:49,750
037890,SEAGRAMS VODKA                   1750ml,17.99,General,Yes,2025-07-01,1,2025-08-22 21:57:49,1750
037986,SKYY VODKA                         750ml,18.99,General,No,2025-07-01,1,2025-08-22 21:57:49,750
037987,SKYY VODKA                        1000ml,18.99,General,Yes,2025-07-01,1,2025-08-22 21:57:49,1000
037997,SMIRNOFF VODKA                    1000ml,17.99,General,Yes,2025-07-01,1,2025-08-22 21:57:49,1000
038008,SMIRNOFF RED VODKA PET            1750ml,26.99,General,No,2025-07-01,1,2025-08-22 21:57:49,1750
038087,PLATINUM 7X VODKA PET             1000ml,12.99,General,No,2025-07-01,1,2025-08-22 21:57:49,1000
038088,PLATINUM 7X VODKA                 1750ml,19.99,General,No,2025-07-01,1,2025-08-22 21:57:49,1750
038091,PLATINUM 10X                       750ml,14.99,General,No,2025-07-01,1,2025-08-22 21:57:49,750
038093,PLATINUM 10X                      1750ml,20.99,General,Yes,2025-07-01,1,2025-08-22 21:57:49,1750
038170,360 VODKA                         1750ml,26.99,General,No,2025-07-01,1,2025-08-22 21:57:49,1750
038176,TITOS HANDMADE VODKA               750ml,19.99,General,Yes,2025-07-01,1,2025-08-22 21:57:49,750
038178,TITOS HANDMADE VODKA              1750ml,44.99,General,No,2025-07-01,1,2025-08-22 21:57:49,1750
038250,FIVE WIVES PINK RASPBERRY LEMONADE  750m,13.99,General,Yes,2025-07-01,1,2025-08-22 21:57:49,
038561,WHITE CLAW PREMIUM VODKA           750ml,15.99,General,Yes,2025-07-01,1,2025-08-22 21:57:49,750
038572,WILD ROOTS AMERICAN VODKA          750ml,17.99,General,Yes,2025-07-01,1,2025-08-22 21:57:49,750
038802,SKYY INFUSIONS ESPRESSO            750ml,15.99,General,Yes,2025-07-01,1,2025-08-22 21:57:49,750
038810,WHITE CLAW PINEAPPLE VODKA         750ml,15.99,General,Yes,2025-07-01,1,2025-08-22 21:57:49,750
039079,DENTED BRICK POMEGRANATE LEMONADE 1000ml,18.99,General,No,2025-07-01,1,2025-08-22 21:57:49,1000
039129,DRY FLY HUCKLEBERRY VODKA          750ml,19.99,General,Yes,2025-07-01,1,2025-08-22 21:57:49,750
039175,BURNETT'S VODKA 100 PROOF         1750ml,19.99,General,No,2025-07-01,1,2025-08-22 21:57:49,1750
039228,NEW AMSTERDAM TANGERINE VODKA      750ml,10.99,General,Yes,2025-07-01,1,2025-08-22 21:57:49,750
039322,DEEP EDDY LIME                     750ml,16.99,General,Yes,2025-07-01,1,2025-08-22 21:57:49,750
039424,NEW AMSTERDAM PINK WHITNEY        1750ml,22.99,General,Yes,2025-07-01,1,2025-08-22 21:57:49,1750
039450,SALT CITY CITRUS VODKA             750ml,16.99,General,Yes,2025-07-01,1,2025-08-22 21:57:49,750
039452,SALT CITY PEACH VODKA              750ml,19.99,General,No,2025-07-01,1,2025-08-22 21:57:49,750
039492,NEW AMSTERDAM PINK WHITNEY LEMONAD 750ml,15.99,General,No,2025-07-01,1,2025-08-22 21:57:49,750
039593,SUGAR HOUSE VODKA                 1750ml,31.99,General,Yes,2025-07-01,1,2025-08-22 21:57:49,1750
039601,WILD ROOTS PEACH VODKA             750ml,19.99,General,Yes,2025-07-01,1,2025-08-22 21:57:49,750
039624,WILD ROOTS PEAR VODKA              750ml,19.99,General,Yes,2025-07-01,1,2025-08-22 21:57:49,750
039682,WILD ROOTS HUCKLEBERRY VODKA       750ml,19.99,General,Yes,2025-07-01,1,2025-08-22 21:57:49,750
039922,DEEP EDDY PEACH VODKA              750ml,16.99,General,Yes,2025-07-01,1,2025-08-22 21:57:49,750
040053,DEEP EDDY LEMON VODKA              750ml,16.99,General,Yes,2025-07-01,1,2025-08-22 21:57:49,750
040055,DEEP EDDY VODKA LEMON             1750ml,35.99,General,No,2025-07-01,1,2025-08-22 21:57:49,1750
040327,DEEP EDDY RUBY RED GRAPEFRUIT VOD  750ml,16.99,General,Yes,2025-07-01,1,2025-08-22 21:57:49,750
040438,FIVE WIVES SINFUL CINNAMON VODKA   750ml,15.99,General,No,2025-07-01,1,2025-08-22 21:57:49,750
040813,SKYY INFUSION RASPBERRY VODKA      750ml,15.99,General,Yes,2025-07-01,1,2025-08-22 21:57:49,750
040821,SKYY INFUSION PINEAPPLE VODKA      750ml,15.99,General,Yes,2025-07-01,1,2025-08-22 21:57:49,750
040831,SKYY INFUSION BLOOD ORANGE VODKA   750ml,15.99,General,Yes,2025-07-01,1,2025-08-22 21:57:49,750
041146,SWEET CAROLINA SWEET TEA VODKA     750ml,14.99,General,No,2025-07-01,1,2025-08-22 21:57:49,750
041313,BURNETTS MANGO VODKA               750ml,9.99,General,No,2025-07-01,1,2025-08-22 21:57:49,750
041315,BURNETTS MANGO                    1750ml,14.99,General,Yes,2025-07-01,1,2025-08-22 21:57:49,1750
042031,BURNETT'S WHIPPED CREAM VODKA      750ml,7.99,General,Yes,2025-07-01,1,2025-08-22 21:57:49,750
042242,BLUE CHAIR BAY COCONUT RUM         750ml,15.99,General,Yes,2025-07-01,1,2025-08-22 21:57:49,750
042327,RON ABUELO ANEJO RUM RES ESPECIAL  750ml,14.99,General,No,2025-07-01,1,2025-08-22 21:57:49,750
042382,BARBAROSSA SPICED RUM              750ml,10.01,General,No,2025-07-01,1,2025-08-22 21:57:49,750
042646,FLOR DE CANA 4YR ORO ANEJO GOLD    750ml,14.99,General,Yes,2025-07-01,1,2025-08-22 21:57:49,750
042676,MALIBU PASSION FRUIT RUM           750ml,14.99,General,Yes,2025-07-01,1,2025-08-22 21:57:49,750
042687,MALIBU BLACK RUM                   750ml,14.99,General,Yes,2025-07-01,1,2025-08-22 21:57:49,750
042699,MALIBU MANGO RUM                   750ml,14.99,General,Yes,2025-07-01,1,2025-08-22 21:57:49,750
042716,MALIBU COCONUT RUM                 750ml,14.99,General,Yes,2025-07-01,1,2025-08-22 21:57:49,750
042717,MALIBU COCONUT RUM                1000ml,24.99,General,No,2025-07-01,1,2025-08-22 21:57:49,1000
042777,RON ZACAPA 23YR RUM                750ml,49.99,General,No,2025-07-01,1,2025-08-22 21:57:49,750
042849,PLANTERAY RUM BARBADOS 5 YR     750ml,24.99,General,No,2025-07-01,1,2025-08-22 21:57:49,750
042851,PLANTERAY 20TH ANNIVERSARY        750ml,75.64,Special,No,2025-07-01,S,2025-08-22 21:57:49,750
043026,ADMIRAL NELSON SPICED RUM          750ml,11.99,General,No,2025-07-01,1,2025-08-22 21:57:49,750
043036,BACARDI GOLD RUM                   750ml,16.99,General,No,2025-07-01,1,2025-08-22 21:57:49,750
043037,BACARDI GOLD RUM                  1000ml,16.99,General,Yes,2025-07-01,1,2025-08-22 21:57:49,1000
043051,BACARDI DRAGON BERRY RUM           750ml,16.99,General,No,2025-07-01,1,2025-08-22 21:57:49,750
043073,ADMIRAL NELSON 101 SPICED RUM      750ml,11.99,General,Yes,2025-07-01,1,2025-08-22 21:57:49,750
043076,ADMIRAL NELSON COCONUT RUM         750ml,11.99,General,No,2025-07-01,1,2025-08-22 21:57:49,750
043086,BACARDI COCO                       750ml,16.99,General,No,2025-07-01,1,2025-08-22 21:57:49,750
043109,BACARDI BLACK RUM                  750ml,16.99,General,No,2025-07-01,1,2025-08-22 21:57:49,750
043126,BACARDI SUPERIOR RUM               750ml,16.99,General,No,2025-07-01,1,2025-08-22 21:57:49,750
043127,BACARDI SUPERIOR RUM              1000ml,16.99,General,Yes,2025-07-01,1,2025-08-22 21:57:49,1000
043136,BACARDI LIMON RUM                  750ml,16.99,General,No,2025-07-01,1,2025-08-22 21:57:49,750
043145,BACARDI PINEAPPLE FUSION RUM       750ml,16.99,General,No,2025-07-01,1,2025-08-22 21:57:49,750
043244,CAPT'N MORGAN SPICED RUM 100       750ml,22.99,General,No,2025-07-01,1,2025-08-22 21:57:49,750
043316,CAPT'N MORGAN PRIVATE STOCK RU     750ml,24.99,General,No,2025-07-01,1,2025-08-22 21:57:49,750
043328,CAPT'N MORGAN WHITE RUM            750ml,16.99,General,No,2025-07-01,1,2025-08-22 21:57:49,750
043336,CAPT'N MORGAN SPICED RUM           750ml,19.99,General,No,2025-07-01,1,2025-08-22 21:57:49,750
043337,CAPT'N MORGAN SPICED RUM          1000ml,21.99,General,Yes,2025-07-01,1,2025-08-22 21:57:49,1000
043410,PARROT BAY COCONUT RUM             750ml,8.99,General,Yes,2025-07-01,1,2025-08-22 21:57:49,750
043501,BACARDI RASPBERRY RUM              750ml,16.99,General,No,2025-07-01,1,2025-08-22 21:57:49,750
043647,PARROT BAY PINEAPPLE RUM           750ml,8.99,General,Yes,2025-07-01,1,2025-08-22 21:57:49,750
043747,BACARDI LIME RUM                   750ml,16.99,General,No,2025-07-01,1,2025-08-22 21:57:49,750
043860,MALIBU WATERMELON                  750ml,14.99,General,Yes,2025-07-01,1,2025-08-22 21:57:49,750
043878,KIRK & SWEENEY GRAN RESERVA SUPERI 750ml,46.99,General,Yes,2025-07-01,1,2025-08-22 21:57:49,750
044241,BACARDI MANGO CHILE                750ml,16.99,General,No,2025-07-01,1,2025-08-22 21:57:49,750
044259,BLACKHEART PREMIUM SPICED RUM     1750ml,29.99,General,No,2025-07-01,1,2025-08-22 21:57:49,1750
044260,BLACKHEART PREMIUM SPICED RUM     1000ml,15.99,General,Yes,2025-07-01,1,2025-08-22 21:57:49,1000
044266,PUSSERS BRITISH NAVY RUM 84 PROOF  750ml,28.99,General,No,2025-07-01,1,2025-08-22 21:57:49,750
044412,CALICO JACK COCONUT RUM           1750ml,21.99,General,No,2025-07-01,1,2025-08-22 21:57:49,1750
044476,CRUZAN COCONUT RUM                 750ml,9.99,General,Yes,2025-07-01,1,2025-08-22 21:57:49,750
044486,CRUZAN DARK RUM                    750ml,9.99,General,Yes,2025-07-01,1,2025-08-22 21:57:49,750
044516,CRUZAN LIGHT RUM                   750ml,9.99,General,Yes,2025-07-01,1,2025-08-22 21:57:49,750
044520,CRUZAN VANILLA RUM                 750ml,9.99,General,Yes,2025-07-01,1,2025-08-22 21:57:49,750
045036,MONARCH 151 PR RUM                 750ml,19.99,General,No,2025-07-01,1,2025-08-22 21:57:49,750
045218,MR BOSTON LIGHT RUM               1750ml,14.02,General,No,2025-07-01,1,2025-08-22 21:57:49,1750
045886,SAILOR JERRY SPICED RUM            750ml,19.99,General,No,2025-07-01,1,2025-08-22 21:57:49,750
045887,SAILOR JERRY SPICED RUM           1000ml,20.99,General,Yes,2025-07-01,1,2025-08-22 21:57:49,1000
045888,SAILOR JERRY SPICED RUM           1750ml,29.99,General,No,2025-07-01,1,2025-08-22 21:57:49,1750
046206,DENTED BRICK CRAFT RUM           1000 ml,16.99,General,Yes,2025-07-01,1,2025-08-22 21:57:49,1000
046295,DENTED BRICK PREMIUM RUM           750ml,24.99,General,No,2025-07-01,1,2025-08-22 21:57:49,750
046504,KRAKEN BLACK SPICED RUM            750ml,22.99,General,No,2025-07-01,1,2025-08-22 21:57:49,750
046506,KRAKEN BLACK SPICED RUM           1750ml,30.99,General,Yes,2025-07-01,1,2025-08-22 21:57:49,1750
047786,COURVOISIER VS                     750ml,29.99,General,Yes,2025-07-01,1,2025-08-22 21:57:49,750
049002,PIERRE FERRAND 10 GENERATIONS CGNC 750ml,78.47,Special,No,2025-07-01,S,2025-08-22 21:57:49,750
049066,REMY MARTIN LOUIS XIII             700ml,4199.99,Limited,No,2025-07-01,L,2025-08-22 21:57:49,700
051683,STELLA ROSA BRANDY HONEY PEACH     750ml,32.99,General,Yes,2025-07-01,1,2025-08-22 21:57:49,750
052559,E&J XO GRAPE BRANDY              1750 ml,27.99,General,Yes,2025-07-01,1,2025-08-22 21:57:49,1750
052583,E&J SUPERIOR RESERVE VSOP BRANDY  1000ml,14.99,General,Yes,2025-07-01,1,2025-08-22 21:57:49,1000
052596,E&J VS BRANDY                      750ml,11.99,General,Yes,2025-07-01,1,2025-08-22 21:57:49,750
052598,E&J VS BRANDY                     1750ml,26.99,General,No,2025-07-01,1,2025-08-22 21:57:49,1750
053206,PAUL MASSON GRANDE AMBER VSOP BRN  750ml,13.99,General,No,2025-07-01,1,2025-08-22 21:57:49,750
058838,CUERVO AUTHENTIC LIME MARGARITA   1750ml,16.99,General,Yes,2025-07-01,1,2025-08-22 21:57:49,1750
058868,CUERVO AUTHENTIC STRWBRY LIME MAR 1750ml,16.99,General,Yes,2025-07-01,1,2025-08-22 21:57:49,1750
058872,CUERVO AUTHENTIC LIGHT LIME MARGA 1750ml,16.99,General,Yes,2025-07-01,1,2025-08-22 21:57:49,1750
058874,CUERVO AUTHENTIC PINK LEMONADE M 1750 ml,16.99,General,Yes,2025-07-01,1,2025-08-22 21:57:49,1750
058875,CUERVO GOLDEN MARGARITA           1750ml,24.99,General,No,2025-07-01,1,2025-08-22 21:57:49,1750
059038,DESERT ISLAND ICE TEA             1750ml,17.99,General,No,2025-07-01,1,2025-08-22 21:57:49,1750
059231,ICE BOX MUDSLIDE                  1750ml,15.03,General,No,2025-07-01,1,2025-08-22 21:57:49,1750
061210,HIGH WEST RTD BARREL MANHATTAN     750ml,37.99,General,No,2025-07-01,1,2025-08-22 21:57:49,750
061213,HIGH WEST RTD OLD FASHIONED        750ml,37.99,General,No,2025-07-01,1,2025-08-22 21:57:49,750
062420,MARGARITAVILLE SKINNY MARGARITA R 1750ml,11.99,General,Yes,2025-07-01,1,2025-08-22 21:57:49,1750
063530,SALVADORS MARGARITA               1750ml,13.99,General,No,2025-07-01,1,2025-08-22 21:57:49,1750
064000,ABSENTE (ABSINTHE REFINED)         750ml,45.11,General,No,2025-07-01,1,2025-08-22 21:57:49,750
064136,DISARONNO AMARETTO                 750ml,27.99,General,Yes,2025-07-01,1,2025-08-22 21:57:49,750
064147,APEROL                             750ml,29.99,General,No,2025-07-01,1,2025-08-22 21:57:49,750
064193,CHAMBORD ROYALE LIQUEUR            700ml,31.99,General,Yes,2025-07-01,1,2025-08-22 21:57:49,700
064255,DENTED BRICK GLITTER DISCO-NUT     750ml,15.99,General,No,2025-07-01,1,2025-08-22 21:57:49,750
064601,CARAVELLA LIMONCELLO               750ml,23.99,General,No,2025-07-01,1,2025-08-22 21:57:49,750
064636,CAMPARI BITTER APERITIVO           750ml,34.99,General,No,2025-07-01,1,2025-08-22 21:57:49,750
064866,FIREBALL CINNAMON WHISKY           750ml,13.49,General,Yes,2025-07-01,1,2025-08-22 21:57:49,750
064868,FIREBALL CINNAMON WHISKEY         1750ml,30.07,General,No,2025-07-01,1,2025-08-22 21:57:49,1750
064920,DULCE VIDA GRAPEFRUIT TEQUILA      750ml,21.95,General,No,2025-07-01,1,2025-08-22 21:57:49,750
064922,DULCE VIDA LIME TEQUILA             750m,21.95,General,No,2025-07-01,1,2025-08-22 21:57:49,
064996,FRANGELICO LIQUEUR  ITALY          750ml,32.99,General,No,2025-07-01,1,2025-08-22 21:57:49,750
065127,GRAND MARNIER CORDON ROUGE        1000ml,39.99,General,Yes,2025-07-01,1,2025-08-22 21:57:49,1000
065178,IICHIKO SILHOUETTE SHOCHU          750ml,19.99,General,No,2025-07-01,1,2025-08-22 21:57:49,750
065256,JAGERMEISTER LIQUEUR               750ml,20.99,General,Yes,2025-07-01,1,2025-08-22 21:57:49,750
065257,JAGERMEISTER LIQUEUR              1000ml,31.99,General,No,2025-07-01,1,2025-08-22 21:57:49,1000
065426,LICOR 43                           750ml,29.99,General,No,2025-07-01,1,2025-08-22 21:57:49,750
065467,FERNET BRANCA BITTERS              750ml,34.99,General,No,2025-07-01,1,2025-08-22 21:57:49,750
065487,JAMESON IRISH WHISKY ORANGE        750ml,31.99,General,No,2025-07-01,1,2025-08-22 21:57:49,750
065533,BUCHANAN'S PINEAPPLE               750ml,42.99,General,No,2025-07-01,1,2025-08-22 21:57:49,750
065666,JOSE CUERVO DEVIL'S RESERVE        750ml,19.99,General,No,2025-07-01,1,2025-08-22 21:57:49,750
065812,MATHILDE GRANDE XO ORANGE LIQUEUR  750ml,35.11,Special,No,2025-07-01,S,2025-08-22 21:57:49,750
066097,PROPER NO. TWELVE IRISH APPLE      750ml,29.99,General,No,2025-07-01,1,2025-08-22 21:57:49,750
066358,CASAMIGOS JALAPENO TEQUILA,50.99,General,Yes,2025-07-01,1,2025-08-22 21:57:49,
066518,RUMHAVEN COCONUT RUM               750ml,13.99,General,Yes,2025-07-01,1,2025-08-22 21:57:49,750
066522,RUMCHATA COCONUT CREAM     750ml,28.99,General,No,2025-07-01,1,2025-08-22 21:57:49,750
066636,ROMANA SAMBUCA                     750ml,26.99,General,No,2025-07-01,1,2025-08-22 21:57:49,750
066737,SMIRNOFF RASPBERRY VODKA          1750ml,26.99,General,No,2025-07-01,1,2025-08-22 21:57:49,1750
066790,SINFIRE CINNAMON WHISKY            750ml,11.99,General,Yes,2025-07-01,1,2025-08-22 21:57:49,750
066799,SINFIRE CINNAMON WHISKY           1750ml,27.99,General,No,2025-07-01,1,2025-08-22 21:57:49,1750
066929,SMIRNOFF WHIPPED CREAM VODKA           1,26.99,General,No,2025-07-01,1,2025-08-22 21:57:49,
066933,TULLAMORE DEW HONEY                750ml,30.99,General,No,2025-07-01,1,2025-08-22 21:57:49,750
066936,GRAN GALA ORANGE LIQUEUR           750ml,20.99,General,Yes,2025-07-01,1,2025-08-22 21:57:49,750
066993,21 SEEDS CUCUMBER JALAPENO         750ml,34.99,General,No,2025-07-01,1,2025-08-22 21:57:49,750
067266,YUKON JACK CANADA                  750ml,15.99,General,Yes,2025-07-01,1,2025-08-22 21:57:49,750
067388,BORGHETTI CAFFE ESPRESSO LIQ       750ml,29.99,General,No,2025-07-01,1,2025-08-22 21:57:49,750
067676,MR BLACK COFFEE LIQUEUR            750ml,29.99,General,Yes,2025-07-01,1,2025-08-22 21:57:49,750
068128,CAROLANS IRISH CREAM              1750ml,36.99,General,No,2025-07-01,1,2025-08-22 21:57:49,1750
068627,MIDNIGHT MOON HOLIDAY EGG NOG      750ml,24.99,Seasonal,No,2025-07-01,T,2025-08-22 21:57:49,750
068846,ST BRENDANS IRISH CREAM            750ml,16.99,General,No,2025-07-01,1,2025-08-22 21:57:49,750
069618,DR MCGILLICUDDYS BUTTERSCOTCH LIQ  750ml,13.49,General,No,2025-07-01,1,2025-08-22 21:57:49,750
069706,DR MCGILLICUDDYS ROOT BEER LIQUEU  750ml,13.49,General,No,2025-07-01,1,2025-08-22 21:57:49,750
072928,CAPTAIN MORGAN SLICED APPLE        750ml,19.99,General,No,2025-07-01,1,2025-08-22 21:57:49,750
073055,RUMCHATA                           750ml,24.99,General,Yes,2025-07-01,1,2025-08-22 21:57:49,750
073150,CHOCOLAT DELUXE CHOCOLATE LIQUEUR  750ml,19.99,General,Yes,2025-07-01,1,2025-08-22 21:57:49,750
073558,DIRTY MONKEY BANANA PEANUT BUTTER  750ml,24.99,General,No,2025-07-01,1,2025-08-22 21:57:49,750
073721,EVAN WILLIAMS FIRE                 750ml,17.99,General,No,2025-07-01,1,2025-08-22 21:57:49,750
073891,EMPRESS 1908 GIN ELDERFLOWER ROSE     75,39.99,General,No,2025-07-01,1,2025-08-22 21:57:49,
073937,EMPRESS 1908 CUCUMBER LEMON        750ml,39.99,General,No,2025-07-01,1,2025-08-22 21:57:49,750
074801,JACK DANIELS TENNESSEE APPLE       750ml,24.99,General,No,2025-07-01,1,2025-08-22 21:57:49,750
075165,KETEL ONE BOTANICAL CUCUMBER MINT  750ml,24.99,General,No,2025-07-01,1,2025-08-22 21:57:49,750
075181,KETEL ONE BOTANICAL GRPFRT/ROSE    750ml,24.99,General,No,2025-07-01,1,2025-08-22 21:57:49,750
075183,KETEL ONE BOTANICAL PEACH/ ORANGE  750ml,24.99,General,No,2025-07-01,1,2025-08-22 21:57:49,750
075876,MARGARITAVILLE ISLAND LIME         750ml,17.03,General,No,2025-07-01,1,2025-08-22 21:57:49,750
076036,MIDNIGHT MOON APPLE PIE MOONSHINE  750ml,22.99,General,Yes,2025-07-01,1,2025-08-22 21:57:49,750
076072,MIDNIGHT MOON WATERMELON           750ml,22.99,General,Yes,2025-07-01,1,2025-08-22 21:57:49,750
076133,BROKEN TOP COFFEE BOURBON          750ml,34.99,General,Yes,2025-07-01,1,2025-08-22 21:57:49,750
076906,PORTER'S FIRE FLAVORED WHISKEY     750ml,19.99,General,No,2025-07-01,1,2025-08-22 21:57:49,750
076908,PORTER'S FIRE FLAVORED WHISKEY   1750 ml,29.99,General,Yes,2025-07-01,1,2025-08-22 21:57:49,1750
076910,PORTER'S PEACH WHISKEY             750ml,19.99,General,No,2025-07-01,1,2025-08-22 21:57:49,750
076916,PORTER'S HUCKLEBERRY WHISKEY       750ml,19.99,General,No,2025-07-01,1,2025-08-22 21:57:49,750
077102,SALT CITY ESPRESSO LIQUEUR         750ml,22.99,General,No,2025-07-01,1,2025-08-22 21:57:49,750
077474,ST ELDER ELDERFLOWER LIQUEUR       750ml,19.99,General,Yes,2025-07-01,1,2025-08-22 21:57:49,750
077582,UNDERGROUND HERBAL SPIRIT         1000ml,24.99,General,No,2025-07-01,1,2025-08-22 21:57:49,1000
077583,UNDERGROUND HERBAL SPIRIT          750ml,17.0,General,Yes,2025-07-01,1,2025-08-22 21:57:49,750
077776,WILD TURKEY AMERICAN HONEY         750ml,24.99,General,No,2025-07-01,1,2025-08-22 21:57:49,750
077786,TUACA LIQUORE ITALIANO             750ml,20.99,General,Yes,2025-07-01,1,2025-08-22 21:57:49,750
077956,SMIRNOFF RED  WHITE & BERRY VODKA  750ml,16.99,General,No,2025-07-01,1,2025-08-22 21:57:49,750
078142,SMIRNOFF VANILLA VODKA 1750ml,26.99,General,No,2025-07-01,1,2025-08-22 21:57:49,1750
078143,SMIRNOFF CITRUS VODKA               1750,26.99,General,No,2025-07-01,1,2025-08-22 21:57:49,
078186,TWISTED TEA WHISKEY,17.99,General,No,2025-07-01,1,2025-08-22 21:57:49,
080024,BLUE CHAIR BAY BANANA RUM CREAM    750ml,16.99,General,Yes,2025-07-01,1,2025-08-22 21:57:49,750
080129,EZRA BROOKS BOURBON CREAM          750ml,25.99,General,No,2025-07-01,1,2025-08-22 21:57:49,750
080458,RYANS IRISH CREAM                 1750ml,23.99,General,No,2025-07-01,1,2025-08-22 21:57:49,1750
084141,99 PEACHES SCHNAPPS                750ml,12.99,General,Yes,2025-07-01,1,2025-08-22 21:57:49,750
084154,99 BLACK CHERRIES SCHNAPPS         750ml,12.99,General,Yes,2025-07-01,1,2025-08-22 21:57:49,750
084159,99 APPLES SCHNAPPS                 750ml,12.99,General,Yes,2025-07-01,1,2025-08-22 21:57:49,750
084170,99 BANANAS SCHNAPPS                750ml,12.99,General,Yes,2025-07-01,1,2025-08-22 21:57:49,750
084211,99 ROOTBEER                        750ml,12.99,General,Yes,2025-07-01,1,2025-08-22 21:57:49,750
084820,HISTORIAS Y MEMORIAS MEZCAL ARTESANAL ES,42.44,Seasonal,No,2025-07-01,T,2025-08-22 21:57:49,
085088,PATRON ANEJO CRISTALINO            750ml,69.99,General,Yes,2025-07-01,1,2025-08-22 21:57:49,750
085425,CASAMIGOS CRISTALINO               750ml,52.99,General,Yes,2025-07-01,1,2025-08-22 21:57:49,750
086670,JACK DANIELS TENNESSEE HONEY       750ml,24.99,General,No,2025-07-01,1,2025-08-22 21:57:49,750
086673,JACK DANIELS TENNESSEE HONEY      1750ml,45.99,General,Yes,2025-07-01,1,2025-08-22 21:57:49,1750
086692,JACK DANIELS TENNESSEE FIRE WHISK  750ml,24.99,General,No,2025-07-01,1,2025-08-22 21:57:49,750
086888,SOUTHERN COMFORT                  1750ml,29.99,General,No,2025-07-01,1,2025-08-22 21:57:49,1750
087103,ASTRAL TEQUILA                     750ml,22.99,General,No,2025-07-01,1,2025-08-22 21:57:49,750
087266,CASA NOBLE BLANCO TEQUILA          750ml,43.99,General,Yes,2025-07-01,1,2025-08-22 21:57:49,750
087280,CASAMIGOS BLANCO TEQUILA           750ml,47.99,General,Yes,2025-07-01,1,2025-08-22 21:57:49,750
087288,CASAMIGOS MEZCAL JOVEN             750ml,57.99,General,Yes,2025-07-01,1,2025-08-22 21:57:49,750
087306,CAZADORES BLANCO TEQUILA           750ml,27.99,General,Yes,2025-07-01,1,2025-08-22 21:57:49,750
087369,CODIGO 1530 TEQUILA BLANCO         750ml,44.99,General,Yes,2025-07-01,1,2025-08-22 21:57:49,750
087380,CORAZON DE AGAVE BLANCO TEQUILA    750ml,22.99,General,Yes,2025-07-01,1,2025-08-22 21:57:49,750
087385,CORRALEJO BLANCO TEQUILA           750ml,29.99,General,Yes,2025-07-01,1,2025-08-22 21:57:49,750
087408,CUERVO ESPECIAL SILVER TEQUILA     750ml,19.99,General,No,2025-07-01,1,2025-08-22 21:57:49,750
087416,CUERVO TRADICIONAL SILVER TEQUILA  750ml,23.99,General,No,2025-07-01,1,2025-08-22 21:57:49,750
087499,DULCE VIDA ORGANIC BLANCO TEQUILA  750ml,29.99,General,No,2025-07-01,1,2025-08-22 21:57:49,750
087516,EL CHARRO SILVER TEQUILA           750ml,18.99,General,No,2025-07-01,1,2025-08-22 21:57:49,750
087586,EL JIMADOR SILVER TEQUILA          750ml,20.99,General,Yes,2025-07-01,1,2025-08-22 21:57:49,750
087588,EL JIMADOR SILVER TEQUILA        1750 ml,48.99,General,No,2025-07-01,1,2025-08-22 21:57:49,1750
087596,EL MAYOR BLANCO                    750ml,28.99,General,Yes,2025-07-01,1,2025-08-22 21:57:49,750
087644,FAMILIA CAMARENA SILVER TEQUILA   1750ml,45.99,General,No,2025-07-01,1,2025-08-22 21:57:49,1750
087646,EXOTICO BLANCO TEQUILA             750ml,21.99,General,No,2025-07-01,1,2025-08-22 21:57:49,750
087742,TELSON BLANCO TEQUILA              750ml,42.99,General,No,2025-07-01,1,2025-08-22 21:57:49,750
087745,TEREMANA REPOSADO TEQUILA         1750ml,64.99,General,Yes,2025-07-01,1,2025-08-22 21:57:49,1750
087747,TEREMANA BLANCO TEQUILA           1750ml,59.99,General,Yes,2025-07-01,1,2025-08-22 21:57:49,1750
087832,JOSE CUERVO TRADICIONAL CRISTALINO 750ml,34.99,General,No,2025-07-01,1,2025-08-22 21:57:49,750
087849,HERRADURA SILVER TEQUILA           750ml,53.99,General,No,2025-07-01,1,2025-08-22 21:57:49,750
088018,LUNAZUL TEQUILA BLANCO             750ml,24.99,General,No,2025-07-01,1,2025-08-22 21:57:49,750
088036,MARGARITAVILLE SILVER TEQUILA      750ml,16.99,General,No,2025-07-01,1,2025-08-22 21:57:49,750
088104,MONTELOBOS  MEZCAL JOVEN TEQUILA   750ml,41.99,General,Yes,2025-07-01,1,2025-08-22 21:57:49,750
088296,PATRON SILVER TEQUILA              750ml,49.99,General,Yes,2025-07-01,1,2025-08-22 21:57:49,750
088298,PATRON SILVER TEQUILA             1750ml,109.99,General,No,2025-07-01,1,2025-08-22 21:57:49,1750
088321,PIEDRA AZUL BLANCO TEQUILA         750ml,13.99,General,Yes,2025-07-01,1,2025-08-22 21:57:49,750
088371,TEREMANA BLANCO TEQUILA            750ml,31.99,General,No,2025-07-01,1,2025-08-22 21:57:49,750
088372,TEREMANA REPOSADO TEQUILA          750ml,34.99,General,No,2025-07-01,1,2025-08-22 21:57:49,750
088536,SAUZA BLUE SILVER TEQUILA          750ml,16.99,General,Yes,2025-07-01,1,2025-08-22 21:57:49,750
088546,HORNITOS PLATA TEQUILA            1750ml,44.99,General,Yes,2025-07-01,1,2025-08-22 21:57:49,1750
088610,WAHAKA MEZCAL ESPADIN JOVEN        750ml,31.99,General,Yes,2025-07-01,1,2025-08-22 21:57:49,750
088633,TEQUILA OCHO PLATA                 750ml,49.99,General,No,2025-07-01,1,2025-08-22 21:57:49,750
088690,DULCE VIDA ORGANIC REPOSADO TEQUILA750ml,34.99,General,No,2025-07-01,1,2025-08-22 21:57:49,750
088693,DON JULIO 1942                   1750 ml,369.99,Special,No,2025-07-01,S,2025-08-22 21:57:49,1750
088730,XICARU SILVER MEZCAL               750ml,29.99,General,Yes,2025-07-01,1,2025-08-22 21:57:49,750
088833,CASAMIGOS ANEJO                    750ml,57.99,General,Yes,2025-07-01,1,2025-08-22 21:57:49,750
089123,CAZADORES REPOSADO                1750ml,39.99,General,Yes,2025-07-01,1,2025-08-22 21:57:49,1750
089177,CASAMIGOS REPOSADO                 750ml,52.99,General,Yes,2025-07-01,1,2025-08-22 21:57:49,750
089178,EL MAYOR ANEJO TEQUILA             750ml,41.99,General,No,2025-07-01,1,2025-08-22 21:57:49,750
089196,CUERVO ESPECIAL GOLD TEQUILA       750ml,19.99,General,No,2025-07-01,1,2025-08-22 21:57:49,750
089215,CUERVO TRADICIONAL GOLD TEQUILA    750ml,24.99,General,No,2025-07-01,1,2025-08-22 21:57:49,750
089230,1800 ANEJO TEQUILA                 750ml,43.99,General,No,2025-07-01,1,2025-08-22 21:57:49,750
089242,CORRALEJO REPOSADO TEQUILA         750ml,31.99,General,Yes,2025-07-01,1,2025-08-22 21:57:49,750
089256,GRAN CENTENARIO REPOSADO TEQUILA,33.99,General,No,2025-07-01,1,2025-08-22 21:57:49,
089268,EL JIMADOR REPOSADO TEQUILA       1750ml,48.99,General,No,2025-07-01,1,2025-08-22 21:57:49,1750
089278,EL JIMADOR REPOSADO TEQUILA        750ml,20.99,General,Yes,2025-07-01,1,2025-08-22 21:57:49,750
089292,GRAN CENTENARIO ANEJO              750ml,41.99,General,No,2025-07-01,1,2025-08-22 21:57:49,750
089329,HERRADURA ANEJO TEQUILA            750ml,61.99,General,Yes,2025-07-01,1,2025-08-22 21:57:49,750
089339,HERRADURA REPOSADO TEQUILA         750ml,58.99,General,No,2025-07-01,1,2025-08-22 21:57:49,750
089383,EL CHARRO REPOSADO TEQUILA         750ml,18.99,General,No,2025-07-01,1,2025-08-22 21:57:49,750
089443,EXOTICO REPOSADO TEQUILA           750ml,18.99,General,Yes,2025-07-01,1,2025-08-22 21:57:49,750
089470,LUNAZUL TEQUILA REPOSADO          1750ml,39.99,General,Yes,2025-07-01,1,2025-08-22 21:57:49,1750
089488,MAESTRO DOBEL DIAMOND TEQUILA      750ml,53.99,General,No,2025-07-01,1,2025-08-22 21:57:49,750
089533,FAMILIA CAMARENA REPOSADO TEQUILA  750ml,21.99,General,Yes,2025-07-01,1,2025-08-22 21:57:49,750
089617,SAUZA CIEN ANOS REPOSADO TEQUILA   750ml,18.99,General,Yes,2025-07-01,1,2025-08-22 21:57:49,750
089626,PATRON REPOSADO TEQUILA            750ml,54.99,General,Yes,2025-07-01,1,2025-08-22 21:57:49,750
089646,PATRON ANEJO TEQUILA               750ml,58.99,General,Yes,2025-07-01,1,2025-08-22 21:57:49,750
089696,PIEDRA AZUL REPOSADO               750ml,13.99,General,Yes,2025-07-01,1,2025-08-22 21:57:49,750
089787,SAUZA HACIENDA GOLD              1000 ml,18.99,General,Yes,2025-07-01,1,2025-08-22 21:57:49,1000
089802,SAUZA BLUE REPOSADO TEQUILA,19.99,General,No,2025-07-01,1,2025-08-22 21:57:49,
089838,HORNITOS REPOSADO TEQUILA         1750ml,47.99,General,Yes,2025-07-01,1,2025-08-22 21:57:49,1750
090224,DOW'S 10YR TAWNY PORT              750ml,39.99,General,No,2025-07-01,1,2025-08-22 21:57:49,750
090672,ROZES RSV PORTO WHITE              750ml,29.99,General,No,2025-07-01,1,2025-08-22 21:57:49,750
092004,BLANDY'S 5YO MALMSEY MADEIRA       750ml,26.99,General,No,2025-07-01,1,2025-08-22 21:57:49,750
092294,COLOMBO MARSALA SWEET              750ml,15.5,General,No,2025-07-01,1,2025-08-22 21:57:49,750
092634,LOMBARDO MARSALA SWEET             750ml,8.99,General,Yes,2025-07-01,1,2025-08-22 21:57:49,750
092958,TY KU SAKE BLACK JUNMAI GINJO     720 ml,27.99,General,No,2025-07-01,1,2025-08-22 21:57:49,720
092974,TY KU SAKE JUNMAI WHITE           720 ml,19.99,General,No,2025-07-01,1,2025-08-22 21:57:49,720
097063,GEKKEIKAN SAKE GLASS              1500ml,17.99,General,Yes,2025-07-01,1,2025-08-22 21:57:49,1500
097065,GEKKEIKAN SAKE                   18000ml,93.99,General,Yes,2025-07-01,1,2025-08-22 21:57:49,18000
100104,HERRADURA ULTRA TEQ                750ml,69.99,General,No,2025-07-01,1,2025-08-22 21:57:49,750
102334,GLENMORANGIE ORIGINAL 12 YR,49.99,General,No,2025-07-01,1,2025-08-22 21:57:49,
245750,CAVE DE LUGNY LA COTE BLANCHE MACON750ml,14.99,General,No,2025-07-01,1,2025-08-22 21:57:49,750
252595,LOUIS JADOT BEAUJOLAIS             750ml,17.03,General,No,2025-07-01,1,2025-08-22 21:57:49,750
253085,JADOT MACON-VILLAGES               750ml,20.99,General,No,2025-07-01,1,2025-08-22 21:57:49,750
253335,LOUIS JADOT POUILLY FUISSE         750ml,38.49,General,No,2025-07-01,1,2025-08-22 21:57:49,750
267720,FAT BASTARD CHARDONNAY             750ml,14.99,General,No,2025-07-01,1,2025-08-22 21:57:49,750
274790,C'EST LA VIE PINOT NOIR SYRAH      750ml,18.99,General,No,2025-07-01,1,2025-08-22 21:57:49,750
275081,CHATEAU D'ESCLANS ROCK ANGEL ROSE  750ml,34.99,General,No,2025-07-01,1,2025-08-22 21:57:49,750
277634,COTE MAS ROSE AURORE PAYS D'OC    1000ml,11.99,General,Yes,2025-07-01,1,2025-08-22 21:57:49,1000
281210,FIGUIERE IGP MEDITERRANEE RED      750ml,22.99,General,No,2025-07-01,1,2025-08-22 21:57:49,750
281218,FIGUIER IGP MEDITERRANEE ROSE      750ml,19.99,General,No,2025-07-01,1,2025-08-22 21:57:49,750
282705,HERON PINOT NOIR CALIFORNIA        750ml,19.99,General,No,2025-07-01,1,2025-08-22 21:57:49,750
282736,HOBNOB PINOT NOIR                  750ml,15.99,General,No,2025-07-01,1,2025-08-22 21:57:49,750
285688,LAROCHE LE PETITE CHARDONNAY   750ml,13.01,General,Yes,2025-07-01,1,2025-08-22 21:57:49,750
287016,CHAT MINUTY M ROSE PROVENCE',22.99,General,No,2025-07-01,1,2025-08-22 21:57:49,
290915,PEYRASSOL LA CROIX ROSE            750ml,21.95,General,Yes,2025-07-01,1,2025-08-22 21:57:49,750
295214,SAUVIION SANCERRE'19/20            750ml,48.99,Special,No,2025-07-01,S,2025-08-22 21:57:49,750
298080,YES WAY ROSE                       750ml,12.99,General,Yes,2025-07-01,1,2025-08-22 21:57:49,750
301235,BLUE NUN RIVANER QUALITATSWEIN     750ml,12.99,General,No,2025-07-01,1,2025-08-22 21:57:49,750
302300,CLEAN SLATE RIESLING               750ml,14.99,General,No,2025-07-01,1,2025-08-22 21:57:49,750
317424,FLOWER GARDEN RIESLING QBA         750ml,15.49,General,Yes,2025-07-01,1,2025-08-22 21:57:49,750
322510,LUCASHOF PINOT NOIR                750ml,27.99,General,No,2025-07-01,1,2025-08-22 21:57:49,750
329515,RELAX RIESLING                     750ml,9.99,General,Yes,2025-07-01,1,2025-08-22 21:57:49,750
329910,ST. URBANSHOF BOCK KAB RIESLING    750ml,45.99,General,No,2025-07-01,1,2025-08-22 21:57:49,750
329940,STARLING CASTLE GEWURTRAMINER      750ml,10.99,General,Yes,2025-07-01,1,2025-08-22 21:57:49,750
341649,CASTELLO DI ALBOLA CHIANTI CLASSICO750ml,17.99,General,No,2025-07-01,1,2025-08-22 21:57:49,750
341743,DA VINCI CHIANTI DOCG              750ml,13.99,General,Yes,2025-07-01,1,2025-08-22 21:57:49,750
343805,RUFFINO CHIANTI                    750ml,15.99,General,No,2025-07-01,1,2025-08-22 21:57:49,750
345132,ANTERRA CHARDONNAY                 750ml,8.99,General,No,2025-07-01,1,2025-08-22 21:57:49,750
345695,SANTA CRISTINA PINOT GRIGIO        750ml,14.99,General,No,2025-07-01,1,2025-08-22 21:57:49,750
346000,VILLA ANTINORI BIANCO              750ml,14.99,General,Yes,2025-07-01,1,2025-08-22 21:57:49,750
355750,CAVIT PINOT NOIR                   750ml,13.99,General,No,2025-07-01,1,2025-08-22 21:57:49,750
355800,CAVIT PINOT GRIGIO                 750ml,13.99,General,No,2025-07-01,1,2025-08-22 21:57:49,750
357240,CHLOE PINOT GRIGIO                 750ml,14.99,General,No,2025-07-01,1,2025-08-22 21:57:49,750
359029,CASTELLO DEL POGGIO MOSCATO IGT    750ml,12.99,General,No,2025-07-01,1,2025-08-22 21:57:49,750
359440,CASTELLO DI NEIVE BARBARESCO    750ml,49.99,Limited,No,2025-07-01,L,2025-08-22 21:57:49,750
359600,CUPCAKE PINOT GRIGIO               750ml,10.99,General,Yes,2025-07-01,1,2025-08-22 21:57:49,750
364379,FREIXENET PINOT GRIGIO             750ml,14.99,General,No,2025-07-01,1,2025-08-22 21:57:49,750
367337,GUINIGI PINOT GRIGIO               750ml,14.99,General,No,2025-07-01,1,2025-08-22 21:57:49,750
368220,LASORTE CUADRA SILOS IGT BIANCO    750ml,20.99,General,Yes,2025-07-01,1,2025-08-22 21:57:49,750
371600,MONTE ANTICO ROSSO                 750ml,16.99,General,No,2025-07-01,1,2025-08-22 21:57:49,750
371825,MONTEMECURIO TEDICCIOLO IGT        750ml,18.91,General,No,2025-07-01,1,2025-08-22 21:57:49,750
374848,PIEROPAN SOAVE CLASSICO            750ml,19.99,General,Yes,2025-07-01,1,2025-08-22 21:57:49,750
378658,RISATA MOSCATO D'ASTI             750ml,19.99,General,No,2025-07-01,1,2025-08-22 21:57:49,750
378861,RISATA PINK MOSCATO                750ml,14.99,General,Yes,2025-07-01,1,2025-08-22 21:57:49,750
378910,RIUNITE LAMBRUSCO                  750ml,6.99,General,Yes,2025-07-01,1,2025-08-22 21:57:49,750
379755,RUFFINO LUMINA PINOT GRIGIO        750ml,9.99,General,Yes,2025-07-01,1,2025-08-22 21:57:49,750
381961,STELLA ROSA POMEGRANATE KOSHER     750ml,14.99,General,Yes,2025-07-01,1,2025-08-22 21:57:49,750
381989,STELLA ROSA PINEAPPLE CHILI        750ml,14.99,General,No,2025-07-01,1,2025-08-22 21:57:49,750
381992,STELLA ROSA WATERMELON             750ml,14.99,General,No,2025-07-01,1,2025-08-22 21:57:49,750
382315,TERLATO FRIULI PINOT GRIGIO        750ml,19.99,General,Yes,2025-07-01,1,2025-08-22 21:57:49,750
382465,TIEFENBRUNNER PINOT GRIGIO         750ml,19.99,General,No,2025-07-01,1,2025-08-22 21:57:49,750
382625,TORRE DI LUNA PINOT GRIGIO         750ml,14.99,General,No,2025-07-01,1,2025-08-22 21:57:49,750
384125,VIETTI BAROLO BRUNATE       750ml,266.99,Limited,No,2025-07-01,L,2025-08-22 21:57:49,750
384131,VIETTI BAROLO ROCCHE     750ml,266.99,Limited,No,2025-07-01,L,2025-08-22 21:57:49,750
384134,VIETTI BAROLO LAZZARITO     750ml,266.99,Limited,No,2025-07-01,L,2025-08-22 21:57:49,750
384137,VIETTI NEBBIOLO PERBACCO     750ml,33.99,Limited,No,2025-07-01,L,2025-08-22 21:57:49,750
390000,ZENATO PINOT GRIGIO                750ml,12.99,General,Yes,2025-07-01,1,2025-08-22 21:57:49,750
390020,ZENATO ALANERA ROSSO         750ml,17.99,Limited,No,2025-07-01,L,2025-08-22 21:57:49,750
400715,ALAMOS MALBEC                      750ml,13.99,General,No,2025-07-01,1,2025-08-22 21:57:49,750
400770,WILLIAM COLE ALBAMAR SAUV BL 750ml,11.99,General,Yes,2025-07-01,1,2025-08-22 21:57:49,750
401170,ALMADEN MOSCATO                   5000ml,23.05,General,No,2025-07-01,1,2025-08-22 21:57:49,5000
401210,LOS DOS GRENACHE                   750ml,14.99,General,No,2025-07-01,1,2025-08-22 21:57:49,750
401510,ANKO MALBEC                        750ml,17.99,General,Yes,2025-07-01,1,2025-08-22 21:57:49,750
401804,ANIELLO 006 PN RIVERSIDE     750ml,16.99,General,Yes,2025-07-01,1,2025-08-22 21:57:49,750
401972,JONTYS DUCKS RED BLEND             750ml,18.99,General,No,2025-07-01,1,2025-08-22 21:57:49,750
401973,JONTYS DUCKS CHENIN BLANC,18.99,General,No,2025-07-01,1,2025-08-22 21:57:49,
402537,BAREFOOT CELLARS CABERNET         1500ml,16.99,General,No,2025-07-01,1,2025-08-22 21:57:49,1500
402570,BANROCK STATION CABERNET SAUVIGNON 750ml,7.99,General,Yes,2025-07-01,1,2025-08-22 21:57:49,750
402908,BLACK BOX MALBEC                  3000ml,23.99,General,No,2025-07-01,1,2025-08-22 21:57:49,3000
402913,BLACK BOX CABERNET                3000ml,20.99,General,Yes,2025-07-01,1,2025-08-22 21:57:49,3000
403760,BROADBENT VINHO VERDE              750ml,9.99,General,Yes,2025-07-01,1,2025-08-22 21:57:49,750
403777,TRAPICHE TESORO CABERNET          750ml,16.99,General,No,2025-07-01,1,2025-08-22 21:57:49,750
403779,TRAPICHE TESORO MALBEC            750ml,14.0,General,Yes,2025-07-01,1,2025-08-22 21:57:49,750
403985,LAPOSTOLLE GRAND SAUV BLANC        750ml,16.99,General,Yes,2025-07-01,1,2025-08-22 21:57:49,750
404115,CRUZ GARCIA SANGRIA RED           1000ml,6.99,General,Yes,2025-07-01,1,2025-08-22 21:57:49,1000
405766,CHLOE SAUVIGNON BLANC NZ           750ml,15.03,General,No,2025-07-01,1,2025-08-22 21:57:49,750
406740,CONCHA Y TORO CAB-MERLOT FRONTERA 1500ml,11.99,General,No,2025-07-01,1,2025-08-22 21:57:49,1500
406777,CONCHA Y TORO CHARDONNAY FRONTERA 1500ml,11.99,General,No,2025-07-01,1,2025-08-22 21:57:49,1500
407463,CONCRETE AND CLAY CHARDONNAY       750ml,17.99,General,No,2025-07-01,1,2025-08-22 21:57:49,750
407481,CONO SUR RED BLEND         750ml,13.99,General,No,2025-07-01,1,2025-08-22 21:57:49,750
407746,KIM CRAWFORD ROSÉ           750ml,15.99,General,No,2025-07-01,1,2025-08-22 21:57:49,750
407766,KIM CRAWFORD SAUVIGNON BLANC       750ml,15.99,General,No,2025-07-01,1,2025-08-22 21:57:49,750
408819,DIABLO CRYSTAL SAUVIGNON BLANC     750ml,12.99,General,Yes,2025-07-01,1,2025-08-22 21:57:49,750
410293,EVOLUCIO TOKAJ LATE HARVEST FURMINT375ml,17.87,Limited,No,2025-07-01,L,2025-08-22 21:57:49,375
410645,FISH EYE SAUVIGNON BLANC          3000ml,22.04,General,No,2025-07-01,1,2025-08-22 21:57:49,3000
410969,FARM TO TABLE PINOT NOIR           750ml,17.99,General,Yes,2025-07-01,1,2025-08-22 21:57:49,750
410975,FRANZIA CHARDONNAY RICH & BUTTERY  5000m,20.99,General,Yes,2025-07-01,1,2025-08-22 21:57:49,
411029,FRANZIA BOLD & JAMMY CABERNET SAUV 5000m,22.99,General,No,2025-07-01,1,2025-08-22 21:57:49,
411717,GLAETZER WALLACE RED BLEND         750ml,29.99,General,No,2025-07-01,1,2025-08-22 21:57:49,750
411740,FAIRVIEW GOATS DO ROAM BLANC,14.99,General,No,2025-07-01,1,2025-08-22 21:57:49,
411884,GREENOCK CRK BAROSSA VALLEY SHIRAZ 750ml,27.99,General,Yes,2025-07-01,1,2025-08-22 21:57:49,750
411894,GREG NORMAN CABERNET SAUVIGNON     750ml,12.99,General,Yes,2025-07-01,1,2025-08-22 21:57:49,750
412200,HAY MAKER SAUVIGNON BLANC          750ml,12.54,General,No,2025-07-01,1,2025-08-22 21:57:49,750
412840,HOUSE WINE CABERNET SAUVIGNON    3000 ml,22.99,General,No,2025-07-01,1,2025-08-22 21:57:49,3000
412844,HOUSE WINE RED BLEND BOX         3000 ml,19.99,General,Yes,2025-07-01,1,2025-08-22 21:57:49,3000
413235,INNOCENT BYSTANDER PINOT NOIR      750ml,19.06,General,No,2025-07-01,1,2025-08-22 21:57:49,750
415270,HINOJOSA MALBEC                   750ml,10.99,General,No,2025-07-01,1,2025-08-22 21:57:49,750
415425,LA POSTA TINTO RED                 750ml,13.95,General,No,2025-07-01,1,2025-08-22 21:57:49,750
416402,THE EMILY CHARD PN ROSE            750ml,16.99,General,No,2025-07-01,1,2025-08-22 21:57:49,750
416836,LOLITA RED BLEND                   750ml,11.99,General,Yes,2025-07-01,1,2025-08-22 21:57:49,750
418507,M&S ALVARINHO VINHO VERD 750ml,17.99,General,Yes,2025-07-01,1,2025-08-22 21:57:49,750
418595,MONKEY BAY SAUVIGNON BLANC         750ml,13.02,General,No,2025-07-01,1,2025-08-22 21:57:49,750
418710,MOHUA SAUVIGNON BLANC              750ml,14.99,General,Yes,2025-07-01,1,2025-08-22 21:57:49,750
419658,NANIT ORANGE ORGANIC MACABEO,11.99,General,Yes,2025-07-01,1,2025-08-22 21:57:49,
419670,NATURA PINOT NOIR                  750ml,14.99,General,No,2025-07-01,1,2025-08-22 21:57:49,750
419906,NEW AGE ROSE                       750ml,11.99,General,No,2025-07-01,1,2025-08-22 21:57:49,750
419908,NEW AGE RED                        750ml,11.99,General,No,2025-07-01,1,2025-08-22 21:57:49,750
419911,NEW AGE WHITE WINE                 750ml,9.99,General,Yes,2025-07-01,1,2025-08-22 21:57:49,750
419951,19 CRIMES CABERNET SAUVIGNON       750ml,12.99,General,No,2025-07-01,1,2025-08-22 21:57:49,750
419952,19 CRIMES RED                      750ml,12.99,General,No,2025-07-01,1,2025-08-22 21:57:49,750
419955,19 CRIMES BANISHED DARK RED        750ml,12.99,General,No,2025-07-01,1,2025-08-22 21:57:49,750
419959,19 CRIMES HARD CHARDONNAY          750ml,12.99,General,No,2025-07-01,1,2025-08-22 21:57:49,750
419961,19 CRIMES UPRISING RED             750ml,12.99,General,No,2025-07-01,1,2025-08-22 21:57:49,750
419973,19 CRIMES PUNISHMENT PINOT NOIR    750ml,12.99,General,No,2025-07-01,1,2025-08-22 21:57:49,750
419979,19 CRIMES THE MUMMY HARD CHARDONNAY,9.99,Seasonal,No,2025-07-01,T,2025-08-22 21:57:49,
419981,19 CRIMES BRIDE OF FRANKENSTEIN RED BLEN,9.99,Seasonal,No,2025-07-01,T,2025-08-22 21:57:49,
420028,NOBILO SAUVIGNON BLANC             750ml,11.99,General,Yes,2025-07-01,1,2025-08-22 21:57:49,750
420341,OCEAN ROAD CABERNET SAUVIGNON      750ml,14.99,General,No,2025-07-01,1,2025-08-22 21:57:49,750
420513,OROM METAMORFOZIZ ASZU TOKAJI      500ml,64.68,Limited,No,2025-07-01,L,2025-08-22 21:57:49,500
420536,OTTO'S CONSTANT DREAM SAUV BLANC   750ml,16.99,General,No,2025-07-01,1,2025-08-22 21:57:49,750
423244,ROOT 1 CARMENERE                   750ml,14.99,General,No,2025-07-01,1,2025-08-22 21:57:49,750
423441,SAVEE SEA SAUVIGNON BLANC          750ml,10.99,General,Yes,2025-07-01,1,2025-08-22 21:57:49,750
423465,BODEGAS DE SANTO TOMAS TEMP/CAB  750ml,32.99,General,No,2025-07-01,1,2025-08-22 21:57:49,750
423466,BODEGAS DE SANTO TOMAS MISION BLANC750ml,17.99,General,No,2025-07-01,1,2025-08-22 21:57:49,750
424316,STIFT KLOSTERNEUBURG GV EISWEIN    375ml,49.99,Limited,No,2025-07-01,L,2025-08-22 21:57:49,375
424320,SPY VALLEY SAUVIGNON BLANC         750ml,17.99,General,Yes,2025-07-01,1,2025-08-22 21:57:49,750
424333,SIXPENCE WHITE BLEND               750ml,9.99,General,Yes,2025-07-01,1,2025-08-22 21:57:49,750
424389,FLYBIRD BAJA LIME MARGARITA        750ml,13.99,General,No,2025-07-01,1,2025-08-22 21:57:49,750
424488,SILK & SPICE RED BLEND             750ml,13.99,General,No,2025-07-01,1,2025-08-22 21:57:49,750
425740,TAIT BALL BUSTER RED               750ml,21.99,General,No,2025-07-01,1,2025-08-22 21:57:49,750
425956,TAPIZ ALTA COLLECTION MALBEC       750ml,17.99,General,Yes,2025-07-01,1,2025-08-22 21:57:49,750
428448,TRAPICHE ALARIS MALBEC           750ml,10.99,General,No,2025-07-01,1,2025-08-22 21:57:49,750
429149,VENDANGE CHARDONNAY                500ml,5.99,General,No,2025-07-01,1,2025-08-22 21:57:49,500
429345,VEGA BARCELONA RED                     7,9.99,General,Yes,2025-07-01,1,2025-08-22 21:57:49,
429411,VINO SAN ESTEBAN MALBEC            750ml,14.99,General,No,2025-07-01,1,2025-08-22 21:57:49,750
429641,WILDEKRANS SAUVIGNON BLANC         750ml,18.98,General,No,2025-07-01,1,2025-08-22 21:57:49,750
429846,YALUMBA SANGIOVESE ROSE            750ml,14.99,General,No,2025-07-01,1,2025-08-22 21:57:49,750
429911,YELLOW TAIL PURE BRIGHT CHARD      750ml,10.99,General,No,2025-07-01,1,2025-08-22 21:57:49,750
429913,YELLOW TAIL PURE BRIGHT PINOT GRIG 750ml,10.99,General,No,2025-07-01,1,2025-08-22 21:57:49,750
429945,YELLOW TAIL CABERNET              1500ml,17.99,General,No,2025-07-01,1,2025-08-22 21:57:49,1500
429950,YELLOW TAIL CHARDONNAY             750ml,10.99,General,No,2025-07-01,1,2025-08-22 21:57:49,750
429955,YELLOW TAIL CHARDONNAY            1500ml,17.99,General,No,2025-07-01,1,2025-08-22 21:57:49,1500
429969,YELLOW TAIL SAUVIGNON BLANC       1500ml,15.99,General,No,2025-07-01,1,2025-08-22 21:57:49,1500
429970,YELLOW TAIL MERLOT                 750ml,10.99,General,No,2025-07-01,1,2025-08-22 21:57:49,750
429976,YELLOW TAIL PINOT NOIR             750ml,10.99,General,No,2025-07-01,1,2025-08-22 21:57:49,750
429990,YELLOW TAIL SHIRAZ                 750ml,10.99,General,No,2025-07-01,1,2025-08-22 21:57:49,750
430028,YEALANDS SAUVIGNON BLANC           750ml,14.99,General,Yes,2025-07-01,1,2025-08-22 21:57:49,750
440060,ADELSHEIM PINOT NOIR               750ml,39.99,General,No,2025-07-01,1,2025-08-22 21:57:49,750
440457,ALMADEN MERLOT BOX                5000ml,23.05,General,No,2025-07-01,1,2025-08-22 21:57:49,5000
440980,ALMADEN CABERNET BOX              5000ml,23.05,General,No,2025-07-01,1,2025-08-22 21:57:49,5000
441955,ANGELS & COWBOYS RED    750ml,21.99,General,Yes,2025-07-01,1,2025-08-22 21:57:49,750
442577,BAREFOOT CELLARS MERLOT           1500ml,13.99,General,Yes,2025-07-01,1,2025-08-22 21:57:49,1500
443230,BANDIT CABERNET SAUVIGNON TETRA   1000ml,9.99,General,No,2025-07-01,1,2025-08-22 21:57:49,1000
443238,BANDIT RED BLEND 1LTR             1000ml,9.99,General,No,2025-07-01,1,2025-08-22 21:57:49,1000
443255,BAREFOOT CELLARS PINOT NOIR       1500ml,16.99,General,No,2025-07-01,1,2025-08-22 21:57:49,1500
443277,BAREFOOT CELLARS SWEET RED        1500ml,13.99,General,Yes,2025-07-01,1,2025-08-22 21:57:49,1500
443950,MEIOMI PINOT NOIR                  750ml,18.99,General,Yes,2025-07-01,1,2025-08-22 21:57:49,750
443959,MEIOMI CALI CABERNET SAUVIGNON     750ml,18.99,General,Yes,2025-07-01,1,2025-08-22 21:57:49,750
444115,BERINGER PINOT NOIR FOUNDERS       750ml,13.02,General,No,2025-07-01,1,2025-08-22 21:57:49,750
444570,BLACK BOX PINOT NOIR              3000ml,20.99,General,Yes,2025-07-01,1,2025-08-22 21:57:49,3000
444572,BLACK BOX RED BLEND              3000 ml,23.99,General,No,2025-07-01,1,2025-08-22 21:57:49,3000
444587,BLACK BOX MERLOT                  3000ml,20.99,General,Yes,2025-07-01,1,2025-08-22 21:57:49,3000
444600,BLACKSTONE MERLOT                  750ml,8.99,General,Yes,2025-07-01,1,2025-08-22 21:57:49,750
445300,BOTA BOX ZINFANDEL                3000ml,23.99,General,No,2025-07-01,1,2025-08-22 21:57:49,3000
445303,BOTA BOX NIGHTHAWK BLACK RED     3000 ml,21.99,General,Yes,2025-07-01,1,2025-08-22 21:57:49,3000
445315,BOTA BOX NIGHTHAWK CAB BBN BRL   3000 ml,23.99,General,No,2025-07-01,1,2025-08-22 21:57:49,3000
445801,BERINGER KV CULINARY COLLECTION    750ml,16.0,Special,No,2025-07-01,S,2025-08-22 21:57:49,750
445816,BERINGER CABERNET SAUVIGNON        750ml,8.99,General,No,2025-07-01,1,2025-08-22 21:57:49,750
445891,BLACK BOX ROSÉ                   3000 ml,23.99,General,No,2025-07-01,1,2025-08-22 21:57:49,3000
445919,BRADY ZINFANDEL                    750ml,30.99,General,No,2025-07-01,1,2025-08-22 21:57:49,750
445921,BOEN PINOT NOIR TRICOUNTY          750ml,22.99,General,No,2025-07-01,1,2025-08-22 21:57:49,750
445926,BRADY CABERNET SAUVIGNON           750ml,28.99,General,No,2025-07-01,1,2025-08-22 21:57:49,750
445973,BROWNE FAMILY CAB. FOREST PROJECT  750ml,19.99,General,No,2025-07-01,1,2025-08-22 21:57:49,750
447200,BV CABERNET NAPA                   750ml,40.99,General,No,2025-07-01,1,2025-08-22 21:57:49,750
448800,CHARLES KRUG CABERNET              750ml,35.51,General,Yes,2025-07-01,1,2025-08-22 21:57:49,750
449100,CHARLES KRUG MERLOT                750ml,32.99,General,No,2025-07-01,1,2025-08-22 21:57:49,750
450123,BIG HOUSE PROHIBITION RED        3000 ml,26.06,General,No,2025-07-01,1,2025-08-22 21:57:49,3000
452232,CASTLE ROCK CALI CABERNET SAUV     750ml,9.99,General,No,2025-07-01,1,2025-08-22 21:57:49,750
452233,CASTLE ROCK CUVEE PINOT NOIR       750ml,7.0,General,Yes,2025-07-01,1,2025-08-22 21:57:49,750
452241,CASTLE ROCK CABERNET CLMBIA VLY    750ml,13.99,General,No,2025-07-01,1,2025-08-22 21:57:49,750
452253,CASTLE ROCK LODI ZINFANDEL         750ml,9.0,General,Yes,2025-07-01,1,2025-08-22 21:57:49,750
452500,LIBERTY SCHOOL CABERNET            750ml,18.99,General,No,2025-07-01,1,2025-08-22 21:57:49,750
452712,CAYMUS CALIFORNIA CABERNET SAUV    750ml,52.0,General,Yes,2025-07-01,1,2025-08-22 21:57:49,750
456392,CEDAR & SALMON PINOT NOIR          750ml,25.99,General,No,2025-07-01,1,2025-08-22 21:57:49,750
456490,CLINE ZINFANDEL ANCIENT VINES      750ml,17.99,General,No,2025-07-01,1,2025-08-22 21:57:49,750
456513,CLINE MOURVEDRE ANCIENT VINES      750ml,14.99,General,Yes,2025-07-01,1,2025-08-22 21:57:49,750
456525,CLINE ZINFANDEL CALIFORNIA         750ml,11.99,General,Yes,2025-07-01,1,2025-08-22 21:57:49,750
456529,CLINE CELLARS PETITE SIRAH        750ml,16.49,General,No,2025-07-01,1,2025-08-22 21:57:49,750
456565,TWO VINES CABERNET                 750ml,7.99,General,Yes,2025-07-01,1,2025-08-22 21:57:49,750
456580,COLUMBIA CREST CABERNET GR EST     750ml,10.99,General,Yes,2025-07-01,1,2025-08-22 21:57:49,750
458530,CONUNDRUM RED TABLE WINE           750ml,18.99,General,Yes,2025-07-01,1,2025-08-22 21:57:49,750
460114,14 HANDS SWEET RED                 750ml,13.99,General,No,2025-07-01,1,2025-08-22 21:57:49,750
460353,CORBETT CANYON CABERNET           1500ml,13.02,General,No,2025-07-01,1,2025-08-22 21:57:49,1500
460389,CROSSBARN SONOMA CABERNET          750ml,49.99,General,Yes,2025-07-01,1,2025-08-22 21:57:49,750
460439,CUPCAKE BLACK FOREST RED           750ml,12.99,General,No,2025-07-01,1,2025-08-22 21:57:49,750
460440,CUPCAKE CABERNET                   750ml,12.99,General,No,2025-07-01,1,2025-08-22 21:57:49,750
460443,CUPCAKE MERLOT                     750ml,12.99,General,No,2025-07-01,1,2025-08-22 21:57:49,750
460448,CUPCAKE PINOT NOIR                 750ml,12.99,General,No,2025-07-01,1,2025-08-22 21:57:49,750
460450,CUPCAKE RED VELVET                 750ml,12.99,General,No,2025-07-01,1,2025-08-22 21:57:49,750
460672,DARK HORSE CABERNET SAUVIGNON      750ml,10.99,General,No,2025-07-01,1,2025-08-22 21:57:49,750
460674,DARK HORSE RED BLEND WINE          750ml,10.99,General,No,2025-07-01,1,2025-08-22 21:57:49,750
460676,DARK HORSE PINOT NOIR              750ml,10.99,General,No,2025-07-01,1,2025-08-22 21:57:49,750
460677,DARK HORSE DOUBLE DOWN RED BLEND   750ml,10.99,General,No,2025-07-01,1,2025-08-22 21:57:49,750
460784,DELOACH PINOT NOIR CALIFORNIA      750ml,13.95,General,No,2025-07-01,1,2025-08-22 21:57:49,750
460938,DECOY CABERNET SAUVIGNON           750ml,25.99,General,No,2025-07-01,1,2025-08-22 21:57:49,750
460939,DECOY MERLOT                       750ml,21.99,General,Yes,2025-07-01,1,2025-08-22 21:57:49,750
460940,DECOY PINOT NOIR                   750ml,21.99,General,Yes,2025-07-01,1,2025-08-22 21:57:49,750
462508,DUCKHORN CABERNET NAPA             750ml,65.99,General,No,2025-07-01,1,2025-08-22 21:57:49,750
462510,DUCKHORN MERLOT                    750ml,51.99,General,No,2025-07-01,1,2025-08-22 21:57:49,750
463200,ELK COVE PINOT NOIR WILLAMETTE     750ml,29.99,General,No,2025-07-01,1,2025-08-22 21:57:49,750
463202,ELOUAN PINOT NOIR OREGON           750ml,22.99,General,No,2025-07-01,1,2025-08-22 21:57:49,750
464450,THE FEDERALIST LODI CABERNET       750ml,16.99,General,Yes,2025-07-01,1,2025-08-22 21:57:49,750
464690,BONTERRA MERLOT                    750ml,16.99,General,No,2025-07-01,1,2025-08-22 21:57:49,750
464700,FETZER CABERNET                    750ml,9.99,General,No,2025-07-01,1,2025-08-22 21:57:49,750
467063,14 HANDS HOT TO TROT RED BLEND     750ml,12.99,General,No,2025-07-01,1,2025-08-22 21:57:49,750
467278,FRANCIS COPPOLA CLARET             750ml,20.99,General,No,2025-07-01,1,2025-08-22 21:57:49,750
467315,FRANCIS COPPOLA PINOT NOIR         750ml,16.99,General,Yes,2025-07-01,1,2025-08-22 21:57:49,750
467655,FRANZIA MERLOT - AUSTRALIAN       5000ml,22.99,General,No,2025-07-01,1,2025-08-22 21:57:49,5000
467738,FRANZIA DARK RED BLEND            5000ml,20.99,General,Yes,2025-07-01,1,2025-08-22 21:57:49,5000
467800,FRANZIA CHILLABLE RED HOUSE WI    5000ml,16.99,General,Yes,2025-07-01,1,2025-08-22 21:57:49,5000
468001,FREY ORGANIC ZINFANDEL             750ml,12.99,General,Yes,2025-07-01,1,2025-08-22 21:57:49,750
468870,GEYSER PEAK RED BLEND              750ml,11.99,General,Yes,2025-07-01,1,2025-08-22 21:57:49,750
470250,GEN 5 CABERNET SAUVIGNON           750ml,9.99,General,Yes,2025-07-01,1,2025-08-22 21:57:49,750
470254,GEN5 ANCESTRAL RED                 750ml,9.99,General,Yes,2025-07-01,1,2025-08-22 21:57:49,750
471239,GNARLY HEAD 1924 DBL BLK RD WINE BL750ml,11.99,General,Yes,2025-07-01,1,2025-08-22 21:57:49,750
472605,GEYSER PEAK CABERNET SAUVIGNON     750ml,13.99,General,No,2025-07-01,1,2025-08-22 21:57:49,750
473000,HAHN CABERNET SAUVIGNON            750ml,14.95,General,No,2025-07-01,1,2025-08-22 21:57:49,750
473003,HAHN PINOT NOIR                    750ml,14.95,General,No,2025-07-01,1,2025-08-22 21:57:49,750
473010,HAHN GSM RED BLEND                 750ml,14.95,General,No,2025-07-01,1,2025-08-22 21:57:49,750
473066,HARASZTHY ZINFANDEL LODI           750ml,12.99,General,Yes,2025-07-01,1,2025-08-22 21:57:49,750
476484,INTRINSIC CABERNET SAUVIGNON       750ml,20.99,General,Yes,2025-07-01,1,2025-08-22 21:57:49,750
477510,J LOHR CABERNET SEVEN OAKS         750ml,18.0,General,Yes,2025-07-01,1,2025-08-22 21:57:49,750
477805,J LOHR MERLOT LOS OSOS             750ml,15.99,General,Yes,2025-07-01,1,2025-08-22 21:57:49,750
477839,J.W. MORRIS CAB SAUV 1500ML       1500ml,11.0,General,Yes,2025-07-01,1,2025-08-22 21:57:49,1500
478116,JOSH LEGACY                        750ml,14.99,General,No,2025-07-01,1,2025-08-22 21:57:49,750
478120,JOSH CELLARS CABERNET              750ml,14.99,General,No,2025-07-01,1,2025-08-22 21:57:49,750
478124,JOSH CELLARS CAB SAV NORTH COAST   750ml,17.99,General,Yes,2025-07-01,1,2025-08-22 21:57:49,750
478132,JOSH ZINFANDEL LODI                750ml,14.99,General,No,2025-07-01,1,2025-08-22 21:57:49,750
478138,JOSH CELLARS HEARTH CABERNET       750ml,14.99,General,No,2025-07-01,1,2025-08-22 21:57:49,750
478261,JUGGERNAUT HILLSIDE CABERNET SAUV  750ml,17.99,General,Yes,2025-07-01,1,2025-08-22 21:57:49,750
478263,JUGGERNAUT RUSSIAN RIVER PINOT NOIR750ml,17.98,General,Yes,2025-07-01,1,2025-08-22 21:57:49,750
480100,LEESE-FITCH CABERNET               750ml,15.99,General,No,2025-07-01,1,2025-08-22 21:57:49,750
482600,HOUSE WINE RED BLEND               750ml,13.99,General,No,2025-07-01,1,2025-08-22 21:57:49,750
483250,MARIETTA OLD VINE RED       750ml,15.99,General,Yes,2025-07-01,1,2025-08-22 21:57:49,750
485220,MEIOMI BRIGHT PINOT NOIR           750ml,18.99,General,Yes,2025-07-01,1,2025-08-22 21:57:49,750
485388,MACMURRAY RANCH PINOT NOIR CNTRL   750ml,19.99,General,No,2025-07-01,1,2025-08-22 21:57:49,750
485390,MACMURRAY RANCH PINOT NOIR SON     750ml,29.99,General,No,2025-07-01,1,2025-08-22 21:57:49,750
485500,STARMONT CABERNET          750ml,29.99,General,No,2025-07-01,1,2025-08-22 21:57:49,750
486825,CK MONDAVI CABERNET                750ml,6.0,General,Yes,2025-07-01,1,2025-08-22 21:57:49,750
486830,CK MONDAVI CABERNET               1500ml,14.99,General,No,2025-07-01,1,2025-08-22 21:57:49,1500
486956,MON FRERE PINOT NOIR               750ml,16.99,General,No,2025-07-01,1,2025-08-22 21:57:49,750
487010,MOGEN DAVID CONCORD KPM          1500 ml,13.02,General,No,2025-07-01,1,2025-08-22 21:57:49,1500
490692,19 CRIMES CALI RED                 750ml,11.99,General,Yes,2025-07-01,1,2025-08-22 21:57:49,750
490705,19 CRIMES CALI SMOOTH              750ml,11.99,General,Yes,2025-07-01,1,2025-08-22 21:57:49,750
491040,OBSIDIAN RIDGE CABERNET            750ml,34.99,General,No,2025-07-01,1,2025-08-22 21:57:49,750
491220,OZV ZINFANDEL                      750ml,14.99,General,No,2025-07-01,1,2025-08-22 21:57:49,750
491428,PACIFIC REDWOOD ORGANIC SYRAH      750ml,12.31,General,Yes,2025-07-01,1,2025-08-22 21:57:49,750
492700,PARDUCCI CABERNET SAUVIGNON        750ml,15.98,General,No,2025-07-01,1,2025-08-22 21:57:49,750
492950,PARDUCCI MERLOT                    750ml,15.98,General,No,2025-07-01,1,2025-08-22 21:57:49,750
493000,PARDUCCI PINOT NOIR                750ml,15.98,General,No,2025-07-01,1,2025-08-22 21:57:49,750
493215,PARDUCCI PETITE SIRAH              750ml,15.98,General,No,2025-07-01,1,2025-08-22 21:57:49,750
495000,PENDULUM RED                       750ml,16.99,General,Yes,2025-07-01,1,2025-08-22 21:57:49,750
496600,PREDATOR ZINFANDEL OLD VINE        750ml,13.99,General,Yes,2025-07-01,1,2025-08-22 21:57:49,750
496840,PRIMARIUS PINOT NOIR               750ml,16.0,General,Yes,2025-07-01,1,2025-08-22 21:57:49,750
498044,R MONDAVI PRV SEL BRBN BRL CAB SAUV  750,11.0,General,Yes,2025-07-01,1,2025-08-22 21:57:49,
498070,R MONDAVI PRV SEL MERLOT             750,10.99,General,No,2025-07-01,1,2025-08-22 21:57:49,
498105,WOODBRIDGE CABERNET R MONDAVI      750ml,5.99,General,Yes,2025-07-01,1,2025-08-22 21:57:49,750
498123,WOODBRIDGE PINOT NOIR R MONDAV     750ml,5.99,General,Yes,2025-07-01,1,2025-08-22 21:57:49,750
499216,REBELLIOUS RED BLEND               750ml,24.05,General,No,2025-07-01,1,2025-08-22 21:57:49,750
501982,ROUTESTOCK NAPA CABERNET       750ml,21.95,General,Yes,2025-07-01,1,2025-08-22 21:57:49,750
502200,RUTHERFORD RANCH CABERNET NAPA     750ml,40.0,General,Yes,2025-07-01,1,2025-08-22 21:57:49,750
504630,SAMUEL LINDSAY PINOT NOIR          750ml,7.99,General,Yes,2025-07-01,1,2025-08-22 21:57:49,750
504635,SAMUEL LINDSAY CABERNET SAUVIGNON  750ml,7.99,General,Yes,2025-07-01,1,2025-08-22 21:57:49,750
506207,SEAN MINOR 4 BEARS CABERNET        750ml,14.99,General,Yes,2025-07-01,1,2025-08-22 21:57:49,750
508220,SONOMA CUTRER PINOT NOIR           750ml,33.99,General,No,2025-07-01,1,2025-08-22 21:57:49,750
510440,STE CHAPELLE MERLOT                750ml,10.99,General,No,2025-07-01,1,2025-08-22 21:57:49,750
510482,STE CHAPELLE SOFT RED              750ml,9.99,General,No,2025-07-01,1,2025-08-22 21:57:49,750
510505,ST. FRANCIS OLD VINES ZINFANDEL    750ml,20.99,General,Yes,2025-07-01,1,2025-08-22 21:57:49,750
510520,ST. FRANCIS MERLOT                 750ml,21.49,General,No,2025-07-01,1,2025-08-22 21:57:49,750
511222,STARMONT PINOT NOIR,27.99,General,No,2025-07-01,1,2025-08-22 21:57:49,
512480,STONECAP COLUMBIA VALLEY CAB SAUV  750ml,8.99,General,Yes,2025-07-01,1,2025-08-22 21:57:49,750
515885,TISDALE VINEYARDS CABERNET         750ml,5.99,General,Yes,2025-07-01,1,2025-08-22 21:57:49,750
515890,TISDALE VINEYARDS MERLOT           750ml,5.99,General,Yes,2025-07-01,1,2025-08-22 21:57:49,750
515998,CAYMUS SUISUN THE WALKING FOOL     750ml,37.0,General,Yes,2025-07-01,1,2025-08-22 21:57:49,750
517020,UNSHACKLED RED WINE                750ml,22.99,General,No,2025-07-01,1,2025-08-22 21:57:49,750
517310,VAMPIRE PINOT NOIR PASO RBLS       750ml,13.99,General,No,2025-07-01,1,2025-08-22 21:57:49,750
518328,VENDANGE CABERNET SAUVIGNON        500ml,5.99,General,No,2025-07-01,1,2025-08-22 21:57:49,500
519880,WATERBROOK MERLOT                  750ml,15.99,General,No,2025-07-01,1,2025-08-22 21:57:49,750
520100,WENTE CABERNET SAUVIGNON           750ml,14.99,General,Yes,2025-07-01,1,2025-08-22 21:57:49,750
521957,CAROL SHELTON WILD THING ZIN       750ml,15.99,General,Yes,2025-07-01,1,2025-08-22 21:57:49,750
522236,SUBSTANCE CS CABERNET SAUVIGNON    750ml,16.99,General,No,2025-07-01,1,2025-08-22 21:57:49,750
523110,WILLAMETTE VLY PINOT NOIR WL CLST  750ml,24.99,General,No,2025-07-01,1,2025-08-22 21:57:49,750
539853,A TO Z CHARDONNAY                  750ml,12.99,General,Yes,2025-07-01,1,2025-08-22 21:57:49,750
539855,A TO Z PINOT GRIS                  750ml,12.99,General,Yes,2025-07-01,1,2025-08-22 21:57:49,750
540325,ACROBAT PINOT GRIS                 750ml,13.99,General,Yes,2025-07-01,1,2025-08-22 21:57:49,750
543965,BATTLE CREEK CHARDONNAY RES        750ml,28.99,General,Yes,2025-07-01,1,2025-08-22 21:57:49,750
544077,BAREFOOT CELLARS CHARDONNAY       1500ml,16.99,General,No,2025-07-01,1,2025-08-22 21:57:49,1500
544079,BAREFOOT CELLARS PINOT GRIGIO     1500ml,16.99,General,No,2025-07-01,1,2025-08-22 21:57:49,1500
544110,BAREFOOT CELLARS MOSCATO          1500ml,13.99,General,Yes,2025-07-01,1,2025-08-22 21:57:49,1500
544117,BAREFOOT CELLARS RIESLING         1500ml,13.99,General,Yes,2025-07-01,1,2025-08-22 21:57:49,1500
545264,BANDIT CHARDONNAY TETRA           1000ml,9.99,General,No,2025-07-01,1,2025-08-22 21:57:49,1000
545266,BANDIT PINOT GRIGIO 1LTR          1000ml,9.99,General,No,2025-07-01,1,2025-08-22 21:57:49,1000
546436,BERINGER PINOT GRIGIO              750ml,6.99,General,Yes,2025-07-01,1,2025-08-22 21:57:49,750
547123,BLACK BOX CHARDONNAY   3000ml,20.99,General,Yes,2025-07-01,1,2025-08-22 21:57:49,3000
547127,BLACK BOX RIESLING                3000ml,20.99,General,Yes,2025-07-01,1,2025-08-22 21:57:49,3000
547291,BOGLE PINOT GRIGIO                 750ml,11.99,General,No,2025-07-01,1,2025-08-22 21:57:49,750
547295,BOGLE CHARDONNAY                   750ml,11.99,General,No,2025-07-01,1,2025-08-22 21:57:49,750
547320,BOGLE SAUVIGNON BLANC              750ml,11.99,General,No,2025-07-01,1,2025-08-22 21:57:49,750
547930,BERINGER CHENIN BLANC              750ml,8.99,General,No,2025-07-01,1,2025-08-22 21:57:49,750
548200,BERINGER CHARDONNAY FOUNDERS       750ml,13.02,General,No,2025-07-01,1,2025-08-22 21:57:49,750
548680,BREAD & BUTTER CHARDONNAY          750ml,14.99,General,Yes,2025-07-01,1,2025-08-22 21:57:49,750
548777,BROWNE FAMILY HERITAGE CHARDONNAY  750ml,14.99,General,No,2025-07-01,1,2025-08-22 21:57:49,750
549883,CLOS DU BOIS CHARDONNAY           1500ml,21.99,General,Yes,2025-07-01,1,2025-08-22 21:57:49,1500
550805,CHARLES KRUG SAUV BLANC'22        750ml,23.99,General,No,2025-07-01,1,2025-08-22 21:57:49,750
551830,CALLAWAY CELLAR SELECT CHARDONNAY  750ml,9.99,General,No,2025-07-01,1,2025-08-22 21:57:49,750
551896,CANOE RIDGE EXPEDITION PINOT GRIS  750ml,14.99,General,No,2025-07-01,1,2025-08-22 21:57:49,750
552225,CARMENET CHARDONNAY                750ml,14.99,General,No,2025-07-01,1,2025-08-22 21:57:49,750
552500,CASTLE ROCK CHARDONNAY CNTRL C     750ml,7.99,General,Yes,2025-07-01,1,2025-08-22 21:57:49,750
552503,CASTLE ROCK SAUVIGNON BLANC        750ml,12.99,General,No,2025-07-01,1,2025-08-22 21:57:49,750
552607,CONUNDRUM WHITE TABLE WINE         750ml,14.99,General,Yes,2025-07-01,1,2025-08-22 21:57:49,750
552810,CEDAR & SALMON PINOT GRIS          750ml,17.99,General,No,2025-07-01,1,2025-08-22 21:57:49,750
557041,CLINE FARMHOUSE WHITE              750ml,10.99,General,Yes,2025-07-01,1,2025-08-22 21:57:49,750
557115,TWO VINES CHARDONNAY               750ml,7.99,General,Yes,2025-07-01,1,2025-08-22 21:57:49,750
559133,CRANE LAKE RIESLING CALIF          750ml,8.99,General,No,2025-07-01,1,2025-08-22 21:57:49,750
560305,SONOMA CUTRER CHARDONNAY RR        750ml,21.99,General,No,2025-07-01,1,2025-08-22 21:57:49,750
560347,CUPCAKE BUTTERKISSSED CHARDONAY    750ml,12.99,General,No,2025-07-01,1,2025-08-22 21:57:49,750
560596,DARK HORSE CHARDONNAY              750ml,10.99,General,No,2025-07-01,1,2025-08-22 21:57:49,750
560598,DARK HORSE SAUVIGNON BLANC         750ml,10.99,General,No,2025-07-01,1,2025-08-22 21:57:49,750
560599,DARK HORSE PINOT GRIGIO            750ml,10.99,General,No,2025-07-01,1,2025-08-22 21:57:49,750
560603,DARK HORSE BUTTERY CHARDONNAY      750ml,10.99,General,No,2025-07-01,1,2025-08-22 21:57:49,750
560930,DELOACH CHARDONNAY CALIF           750ml,13.95,General,No,2025-07-01,1,2025-08-22 21:57:49,750
561009,DOLLY PARTON CHARDONNAY,12.99,General,Yes,2025-07-01,1,2025-08-22 21:57:49,
561015,BOTA BOX PINOT GRIGIO             3000ml,23.99,General,No,2025-07-01,1,2025-08-22 21:57:49,3000
562180,DRY CREEK FUME BLANC               750ml,17.99,General,Yes,2025-07-01,1,2025-08-22 21:57:49,750
562287,DUCKHORN SAUVIGNON BLANC           750ml,31.99,General,No,2025-07-01,1,2025-08-22 21:57:49,750
562417,EDUCATED GUESS NAPA VALLEY CHARD   750ml,24.99,General,Yes,2025-07-01,1,2025-08-22 21:57:49,750
562460,ELK COVE PINOT GRIS                750ml,19.99,General,No,2025-07-01,1,2025-08-22 21:57:49,750
564370,FERRARI-CARANO FUME BLANC          750ml,16.99,General,No,2025-07-01,1,2025-08-22 21:57:49,750
564500,BONTERRA CHARDONNAY                750ml,15.99,General,No,2025-07-01,1,2025-08-22 21:57:49,750
565201,FISH EYE CHARDONNAY               1500ml,12.03,General,Yes,2025-07-01,1,2025-08-22 21:57:49,1500
565210,FISH EYE PINOT GRIGIO              750ml,8.01,General,Yes,2025-07-01,1,2025-08-22 21:57:49,750
565334,FLAT TOP HILLS SAUVIGNON BLANC     750ml,14.99,General,Yes,2025-07-01,1,2025-08-22 21:57:49,750
565702,14 HANDS SAUVIGNON  BLANC          750ml,12.99,General,No,2025-07-01,1,2025-08-22 21:57:49,750
565706,14 HANDS PINOT GRIGIO              750ml,12.99,General,No,2025-07-01,1,2025-08-22 21:57:49,750
565715,14 HANDS CHARDONNAY                750ml,12.99,General,No,2025-07-01,1,2025-08-22 21:57:49,750
566200,FRANCIS COPPOLA CHARDONNAY         750ml,13.99,General,Yes,2025-07-01,1,2025-08-22 21:57:49,750
566215,FRANCIS COPPOLA SAUVIGNON BLANC DI 750ml,16.99,General,No,2025-07-01,1,2025-08-22 21:57:49,750
566375,FRANZIA CRISP WHITE HOUSE WINE    5000ml,18.99,General,No,2025-07-01,1,2025-08-22 21:57:49,5000
568100,GLEN ELLEN CHARDONNAY RESERVE      750ml,8.01,General,Yes,2025-07-01,1,2025-08-22 21:57:49,750
568832,COPPER RIDGE CHARDONNAY          1500 ml,9.99,General,Yes,2025-07-01,1,2025-08-22 21:57:49,1500
573010,GEYSER PEAK SAUVIGNON BLANC        750ml,12.99,General,No,2025-07-01,1,2025-08-22 21:57:49,750
575554,HOUSE WINE CHARDONNAY BOX        3000 ml,19.99,General,Yes,2025-07-01,1,2025-08-22 21:57:49,3000
575560,HOUSE WINE PINOT GRIGIO           3000ml,22.99,General,No,2025-07-01,1,2025-08-22 21:57:49,3000
578900,J LOHR CHARDONNAY RIVERSTONE       750ml,15.99,General,Yes,2025-07-01,1,2025-08-22 21:57:49,750
579020,J LOHR BAY MIST WHITE RIESLING     750ml,12.98,General,Yes,2025-07-01,1,2025-08-22 21:57:49,750
579058,J LOHR SAUVIGNON BLANC FLUME CROSS 750ml,13.99,General,Yes,2025-07-01,1,2025-08-22 21:57:49,750
579279,J.W. MORRIS CHARDONNAY            1500ml,10.99,General,Yes,2025-07-01,1,2025-08-22 21:57:49,1500
579693,JOEL GOTT PINOT GRIGIO             750ml,19.99,General,No,2025-07-01,1,2025-08-22 21:57:49,750
579770,JOSH CELLARS CHARDONNAY            750ml,13.99,General,No,2025-07-01,1,2025-08-22 21:57:49,750
579772,JOSH CELLARS SAUVIGNON BLANC       750ml,13.99,General,No,2025-07-01,1,2025-08-22 21:57:49,750
579773,JOSH CELLARS SEASWEPT WHITE        750ml,11.99,General,No,2025-07-01,1,2025-08-22 21:57:49,750
579792,JUGGERNAUT CHARDONNAY              750ml,14.99,General,Yes,2025-07-01,1,2025-08-22 21:57:49,750
580360,KENWOOD CHARDONNAY SONOMA          750ml,13.99,General,No,2025-07-01,1,2025-08-22 21:57:49,750
580580,KENWOOD SAUVIGNON BLANC SONOMA     750ml,13.99,General,No,2025-07-01,1,2025-08-22 21:57:49,750
582165,KWAYA ORGANIC CHARDONNAY           750ml,16.92,General,No,2025-07-01,1,2025-08-22 21:57:49,750
583815,LIBERTY CREEK VINYRD PINOT GRIGIO 1500ml,10.99,General,Yes,2025-07-01,1,2025-08-22 21:57:49,1500
584050,LIQUID LIGHT CHARDONNAY            750ml,13.99,General,Yes,2025-07-01,1,2025-08-22 21:57:49,750
584052,LIQUID LIGHT SAUVIGNON BLANC       750ml,13.99,General,Yes,2025-07-01,1,2025-08-22 21:57:49,750
584054,LIQUID LIGHT PINOT GRIGIO          750ml,15.99,General,No,2025-07-01,1,2025-08-22 21:57:49,750
587524,MARTIN RAY SONOMA COAST CHARDONNAY 750ml,19.99,General,Yes,2025-07-01,1,2025-08-22 21:57:49,750
588531,MEIOMI CHARDONNAY            750ml,14.99,General,Yes,2025-07-01,1,2025-08-22 21:57:49,750
588713,MER SOLEIL CHARD RSV SLH           750ml,18.99,General,Yes,2025-07-01,1,2025-08-22 21:57:49,750
588715,MER SOLEIL CHARDONNAY SILVER       750ml,14.99,General,Yes,2025-07-01,1,2025-08-22 21:57:49,750
588800,MERRYVALE CHARDONNAY,42.99,General,No,2025-07-01,1,2025-08-22 21:57:49,
588830,STARMONT CHARDONNAY                750ml,24.99,General,No,2025-07-01,1,2025-08-22 21:57:49,750
589988,MON FRERE CHARDONNAY               750ml,14.99,General,No,2025-07-01,1,2025-08-22 21:57:49,750
590136,CK MONDAVI PINOT GRIGIO            750ml,8.99,General,No,2025-07-01,1,2025-08-22 21:57:49,750
590140,CK MONDAVI MOSCATO                 750ml,5.99,General,Yes,2025-07-01,1,2025-08-22 21:57:49,750
590145,CK MONDAVI CHARDONNAY             1500ml,9.99,General,Yes,2025-07-01,1,2025-08-22 21:57:49,1500
590150,CK MONDAVI CHARDONNAY              750ml,8.99,General,No,2025-07-01,1,2025-08-22 21:57:49,750
590170,CK MONDAVI SAUVIGNON BLANC        1500ml,14.99,General,No,2025-07-01,1,2025-08-22 21:57:49,1500
590175,CK MONDAVI SAUVIGNON BLANC         750ml,5.99,General,Yes,2025-07-01,1,2025-08-22 21:57:49,750
591633,MORGAN CHARDONNAY HIGHLAND         750ml,25.95,General,No,2025-07-01,1,2025-08-22 21:57:49,750
592539,19 CRIMES CALI BLANC               750ml,11.99,General,Yes,2025-07-01,1,2025-08-22 21:57:49,750
593095,PAUL DOLAN SAUVIGNON BLANC         750ml,11.99,General,Yes,2025-07-01,1,2025-08-22 21:57:49,750
596405,PARDUCCI CHARDONNAY                750ml,15.98,General,No,2025-07-01,1,2025-08-22 21:57:49,750
597774,JOSH CELLARS PINOT GRIGIO          750ml,13.99,General,No,2025-07-01,1,2025-08-22 21:57:49,750
604152,PRIMARIUS PINOT GRIS               750ml,16.99,General,No,2025-07-01,1,2025-08-22 21:57:49,750
606293,WOODBRIDGE CHARDONNAY R MONDAVI   1500ml,12.99,General,Yes,2025-07-01,1,2025-08-22 21:57:49,1500
606450,R MONDAVI PRV SEL CHARDONNAY         750,10.99,General,No,2025-07-01,1,2025-08-22 21:57:49,
607140,WOODBRIDGE PINOT GRIGIO R MOND     750ml,5.99,General,Yes,2025-07-01,1,2025-08-22 21:57:49,750
607160,WOODBRIDGE SAUV BLANC R MONDAV    1500ml,12.99,General,Yes,2025-07-01,1,2025-08-22 21:57:49,1500
607900,RODNEY STRONG CHARDONNAY           750ml,15.99,General,Yes,2025-07-01,1,2025-08-22 21:57:49,750
608848,RICKSHAW SAUVIGNON BLANC           750ml,12.99,General,No,2025-07-01,1,2025-08-22 21:57:49,750
610610,RUTHERFORD RANCH SAUV BLNC         750ml,15.99,General,Yes,2025-07-01,1,2025-08-22 21:57:49,750
610625,RUTHERFORD RANCH CHARDONNAY        750ml,22.99,General,Yes,2025-07-01,1,2025-08-22 21:57:49,750
614116,SEAGLASS SAUVIGNON BLANC           750ml,14.02,General,No,2025-07-01,1,2025-08-22 21:57:49,750
614118,SEAGLASS PINOT GRIS/GRIGIO      750ml,13.99,General,No,2025-07-01,1,2025-08-22 21:57:49,750
614130,SEAN MINOR 4 BEARS CHARDONNAY      750ml,14.99,General,Yes,2025-07-01,1,2025-08-22 21:57:49,750
622755,STE CHAPELLE CHARDONNAY            750ml,8.99,General,Yes,2025-07-01,1,2025-08-22 21:57:49,750
622900,STE CHAPELLE RIESLING WNMKRS      1500ml,17.99,General,Yes,2025-07-01,1,2025-08-22 21:57:49,1500
622910,STE CHAPELLE CHAT SER RIESLING     750ml,10.99,General,No,2025-07-01,1,2025-08-22 21:57:49,750
623650,STE CHAPELLE SOFT WHITE            750ml,6.99,General,Yes,2025-07-01,1,2025-08-22 21:57:49,750
623655,STE CHAPELLE SOFT WHITE           1500ml,19.99,General,No,2025-07-01,1,2025-08-22 21:57:49,1500
623675,STE CHAPELLE RIESLING SP HARVE     750ml,10.99,General,No,2025-07-01,1,2025-08-22 21:57:49,750
624252,ST. FRANCIS SAUVIGNON BLANC        750ml,19.54,General,No,2025-07-01,1,2025-08-22 21:57:49,750
625605,CHAT ST MICHELLE DRY RIESLING      750ml,12.99,General,No,2025-07-01,1,2025-08-22 21:57:49,750
625645,CHAT ST MICHELLE CHARD INDIAN WLS  750ml,17.99,General,Yes,2025-07-01,1,2025-08-22 21:57:49,750
625800,CHAT ST MICHELLE CHARDONNAY        750ml,10.99,General,Yes,2025-07-01,1,2025-08-22 21:57:49,750
625803,CHATEAU STE MICHELLE CHARD LIGHT   750ml,12.99,General,No,2025-07-01,1,2025-08-22 21:57:49,750
626160,CHAT ST MICHELLE INDIAN WELLS RIESLING,19.99,General,No,2025-07-01,1,2025-08-22 21:57:49,
626195,CHATEAU ST MICHELLE SAUV BL LIGHT  750ml,12.99,General,No,2025-07-01,1,2025-08-22 21:57:49,750
626210,CHAT ST MICHELLE RIESLING          750ml,10.99,General,Yes,2025-07-01,1,2025-08-22 21:57:49,750
626310,CHAT ST MICHELLE PINOT GRIS        750ml,10.99,General,Yes,2025-07-01,1,2025-08-22 21:57:49,750
626600,CHAT ST MICHELLE SAUVIGNON BLANC   750ml,10.99,General,Yes,2025-07-01,1,2025-08-22 21:57:49,750
629307,SUBSOIL CHARDONNAY                 750ml,11.99,General,Yes,2025-07-01,1,2025-08-22 21:57:49,750
631070,TANGENT SAUV BLANC CENTRAL COAST     750,16.99,General,No,2025-07-01,1,2025-08-22 21:57:49,
632811,LINE 39 SAUVIGNON BLANC            750ml,12.99,General,No,2025-07-01,1,2025-08-22 21:57:49,750
632850,TISDALE VINEYARDS CHARDONNAY       750ml,5.99,General,Yes,2025-07-01,1,2025-08-22 21:57:49,750
633239,TRUE MYTH EDNA VALLEY CHARDONNAY   750ml,17.99,General,No,2025-07-01,1,2025-08-22 21:57:49,750
633743,VENDANGE CHARDONNAY               1500ml,10.99,General,Yes,2025-07-01,1,2025-08-22 21:57:49,1500
633746,VENDANGE PINOT GRIGIO              500ml,5.99,General,No,2025-07-01,1,2025-08-22 21:57:49,500
633781,FETZER PINOT GRIGIO                750ml,9.99,General,No,2025-07-01,1,2025-08-22 21:57:49,750
635315,WASHINGTON HILLS RIESLING          750ml,12.99,General,No,2025-07-01,1,2025-08-22 21:57:49,750
635355,WATERBROOK PINOT GRIS              750ml,11.99,General,Yes,2025-07-01,1,2025-08-22 21:57:49,750
635765,WILLAMETTE VALLEY RIESLING         750ml,16.99,General,No,2025-07-01,1,2025-08-22 21:57:49,750
638085,WILLIAM HILL CHARDONNAY NORTH COAST  750,11.99,General,Yes,2025-07-01,1,2025-08-22 21:57:49,
639760,A TO Z ROSE                     750ml,12.99,General,Yes,2025-07-01,1,2025-08-22 21:57:49,750
642108,BAREFOOT CELLARS ROSE            1500 ml,13.99,General,Yes,2025-07-01,1,2025-08-22 21:57:49,1500
642112,BAREFOOT CELLARS PINK MOSCATO     1500ml,16.99,General,No,2025-07-01,1,2025-08-22 21:57:49,1500
643030,BERINGER WHITE MERLOT              750ml,8.99,General,No,2025-07-01,1,2025-08-22 21:57:49,750
643041,BERINGER WHITE ZINFANDEL          1500ml,11.99,General,Yes,2025-07-01,1,2025-08-22 21:57:49,1500
644406,BOTA BOX BREEZE ROSE WINE         3000ml,23.99,General,No,2025-07-01,1,2025-08-22 21:57:49,3000
646080,RODNEY STRONG ROSÉ OF PN 2022        750,15.99,General,Yes,2025-07-01,1,2025-08-22 21:57:49,
651998,CUPCAKE LIGHT HEARTED ROSE         750ml,9.99,General,Yes,2025-07-01,1,2025-08-22 21:57:49,750
652163,CORBETT CANYON WH ZINFANDEL       1500ml,10.02,General,Yes,2025-07-01,1,2025-08-22 21:57:49,1500
652216,DARK HORSE ROSE                    750ml,10.99,General,No,2025-07-01,1,2025-08-22 21:57:49,750
652229,DAOU ROSE                          750ml,19.5,General,No,2025-07-01,1,2025-08-22 21:57:49,750
658896,HOUSE WINE ROSE BOX              3000 ml,22.99,General,No,2025-07-01,1,2025-08-22 21:57:49,3000
669250,CK MONDAVI WHITE ZINFANDEL        1500ml,14.99,General,No,2025-07-01,1,2025-08-22 21:57:49,1500
674000,PETER VELLA DELICIOUS BLUSH BO    5000ml,16.99,General,Yes,2025-07-01,1,2025-08-22 21:57:49,5000
674030,PETER VELLA WHITE ZINFANDEL BOX   5000ml,20.99,General,Yes,2025-07-01,1,2025-08-22 21:57:49,5000
680060,SONOMA CUTRER ROSE OF PN RRV'20    750ml,20.99,General,No,2025-07-01,1,2025-08-22 21:57:49,750
686110,WATERBROOK ROSE                    750ml,14.99,General,No,2025-07-01,1,2025-08-22 21:57:49,750
701930,BOUVET ROSE BRUT                   750ml,20.99,General,No,2025-07-01,1,2025-08-22 21:57:49,750
707325,FREIXENET CORDON NEGRO X-DRY       750ml,12.99,General,Yes,2025-07-01,1,2025-08-22 21:57:49,750
709317,LAURENT PERRIER LA CUVEE BRUT    1500ml,149.99,Special,No,2025-07-01,S,2025-08-22 21:57:49,1500
709600,LAURENT PERRIER LA CUVEE BRUT GIFTBOX,72.99,General,No,2025-07-01,1,2025-08-22 21:57:49,
710701,DOM PERIGNON BLANC                 750ml,262.99,General,No,2025-07-01,1,2025-08-22 21:57:49,750
711833,NICOLAS FEUILLATTE BRUT NV         750ml,47.99,General,Yes,2025-07-01,1,2025-08-22 21:57:49,750
721780,BISOL PROSECCO BRUT JEIO           750ml,21.95,General,No,2025-07-01,1,2025-08-22 21:57:49,750
723726,CAVICCHIOLI 1928 PROSECCO 750ml,12.99,General,Yes,2025-07-01,1,2025-08-22 21:57:49,750
724650,CHLOE PROSECCO                     750ml,12.99,General,Yes,2025-07-01,1,2025-08-22 21:57:49,750
725450,JAUME SERRA CRISTALINO BRUT        750ml,15.99,General,No,2025-07-01,1,2025-08-22 21:57:49,750
727777,GREYFRIARS CUVEE BRUT              750ml,32.86,Special,No,2025-07-01,S,2025-08-22 21:57:49,750
727925,HATTINGLEY V BLANC DE BLANCS BRUT  750ml,54.04,Special,No,2025-07-01,S,2025-08-22 21:57:49,750
727927,HATTINGLEY VALLEY ROSE BRUT        750ml,49.5,Special,No,2025-07-01,S,2025-08-22 21:57:49,750
728720,KIM CRAWFORD PROSECCO              750ml,13.99,General,Yes,2025-07-01,1,2025-08-22 21:57:49,750
728795,LAMARCA PROSECCO                   750ml,19.99,General,No,2025-07-01,1,2025-08-22 21:57:49,750
728799,LAMARCA PROSECCO ROSE        750ml,17.99,General,Yes,2025-07-01,1,2025-08-22 21:57:49,750
729155,MARTINI & ROSSI ASTI SPUMANTE      750ml,12.99,General,Yes,2025-07-01,1,2025-08-22 21:57:49,750
729506,MIQUEL PONS CAVA BRUT              750ml,11.99,General,Yes,2025-07-01,1,2025-08-22 21:57:49,750
730518,OPERA PRIMA SPARKLING MIMOSA       750ml,7.11,General,No,2025-07-01,1,2025-08-22 21:57:49,750
732090,RUFFINO  LUMINA PROSECCO         750ml,15.99,General,No,2025-07-01,1,2025-08-22 21:57:49,750
732093,RUFFINO LUMINA ROSE,15.99,General,No,2025-07-01,1,2025-08-22 21:57:49,
735168,VALDO MARCA ORO PROSECCO BRUT      750ml,14.99,General,No,2025-07-01,1,2025-08-22 21:57:49,750
737000,ZARDETTO PROSECCO Z BRUT           750ml,16.0,General,Yes,2025-07-01,1,2025-08-22 21:57:49,750
737346,ZONIN PROSECCO                     750ml,16.99,General,No,2025-07-01,1,2025-08-22 21:57:49,750
741200,ANDRE EXTRA DRY CHAMPAGNE          750ml,9.99,General,No,2025-07-01,1,2025-08-22 21:57:49,750
741400,ANDRE BRUT CHAMPAGNE               750ml,9.99,General,No,2025-07-01,1,2025-08-22 21:57:49,750
744205,COOKS BRUT SPARKLING WINE          750ml,10.99,General,No,2025-07-01,1,2025-08-22 21:57:49,750
744400,COOKS EXTRA DRY SPARKLING WINE     750ml,10.99,General,No,2025-07-01,1,2025-08-22 21:57:49,750
744403,COOKS EXTRA DRY SPARKLING WINE    1500ml,17.99,General,No,2025-07-01,1,2025-08-22 21:57:49,1500
744640,COOKS SWEET ROSE SPARKLING WINE    750ml,10.99,General,No,2025-07-01,1,2025-08-22 21:57:49,750
744655,COOKS MANGO MIMOSA                 750ml,10.99,General,No,2025-07-01,1,2025-08-22 21:57:49,750
745405,CHANDON BRUT               750ml,19.99,General,Yes,2025-07-01,1,2025-08-22 21:57:49,750
745607,CHANDON ROSE                       750ml,19.99,General,Yes,2025-07-01,1,2025-08-22 21:57:49,750
745620,DOMAINE STE MICHELLE BRUT          750ml,17.99,General,No,2025-07-01,1,2025-08-22 21:57:49,750
745626,DOMAINE MICHELLE BRUT ROSE         750ml,17.99,General,No,2025-07-01,1,2025-08-22 21:57:49,750
758610,SCHRAMSBERG BL DE BLANC            750ml,39.95,General,Yes,2025-07-01,1,2025-08-22 21:57:49,750
763550,ANDRE BLUSH CHAMPAGNE              750ml,9.99,General,No,2025-07-01,1,2025-08-22 21:57:49,750
768950,BALLATORE GRAN SPUMANTE            750ml,9.99,General,Yes,2025-07-01,1,2025-08-22 21:57:49,750
769925,COOKS SPUMANTE                     750ml,10.99,General,No,2025-07-01,1,2025-08-22 21:57:49,750
770380,DECOY BRUT CUVEE                   750ml,21.99,General,No,2025-07-01,1,2025-08-22 21:57:49,750
772645,19 CRIMES CALI GOLD SPARKLING      750ml,11.99,General,Yes,2025-07-01,1,2025-08-22 21:57:49,750
775678,SOFIA BRUT ROSE                    750ml,20.99,General,No,2025-07-01,1,2025-08-22 21:57:49,750
803475,MOGEN DAVID BLACKBERRY KPM       1500 ml,13.02,General,No,2025-07-01,1,2025-08-22 21:57:49,1500
808960,ARBOR MIST BLACKBERRY MERLOT       750ml,4.99,General,Yes,2025-07-01,1,2025-08-22 21:57:49,750
809138,BAREFOOT PEACH FRUITSCATO         1500ml,13.99,General,Yes,2025-07-01,1,2025-08-22 21:57:49,1500
810574,FRANZIA SPIKED LEMONADE           5000ml,20.99,General,Yes,2025-07-01,1,2025-08-22 21:57:49,5000
812131,LEMONADE STAND STRWBRRY LMNDE ROSE 1500m,12.03,General,Yes,2025-07-01,1,2025-08-22 21:57:49,
814575,PETER VELLA DELICIOUS RED BOX     5000ml,16.99,General,Yes,2025-07-01,1,2025-08-22 21:57:49,5000
816172,STE CHAPELLE SPEC HRVST HUCKLEBE 1500 ml,19.99,General,No,2025-07-01,1,2025-08-22 21:57:49,1500
882306,CARLO ROSSI SPANADA SANGRIA       1500ml,6.99,General,Yes,2025-07-01,1,2025-08-22 21:57:49,1500
894380,ST. KATHRYN CELLARS LAVENDER WINE  750ml,22.05,General,No,2025-07-01,1,2025-08-22 21:57:49,750
900197,TERRAPURA RSRV CABERNET SAUVIGNON  750ml,11.99,General,Yes,2025-07-01,1,2025-08-22 21:57:49,750
900261,HAMILTON WHITE STACHE            1000 ml,22.99,General,Yes,2025-07-01,1,2025-08-22 21:57:49,1000
900674,C'EST LA VIE ROSE                  750ml,18.99,General,No,2025-07-01,1,2025-08-22 21:57:49,750
900776,PIERREFERRAND PINEAU DES CHARENTES 750ml,36.06,Special,No,2025-07-01,S,2025-08-22 21:57:49,750
901579,HIVE ZION CURTAIN RASPBERRY WINE   750ml,16.95,General,Yes,2025-07-01,1,2025-08-22 21:57:49,750
901585,HIVE PEACH LIQUID SUNSHINE         750ml,14.95,General,No,2025-07-01,1,2025-08-22 21:57:49,750
901839,RUSSIAN RIVER VNYRD PETERSON CHARD 750ml,37.99,Limited,No,2025-07-01,L,2025-08-22 21:57:49,750
902232,ARIETTA MERLOT HUDSON              750ml,83.98,Special,No,2025-07-01,S,2025-08-22 21:57:49,750
902234,ARIETTA H BLOCK                    750ml,132.19,Special,No,2025-07-01,S,2025-08-22 21:57:49,750
902236,ARIETTA CABERNET SAUVIGNON         750ml,176.01,Special,No,2025-07-01,S,2025-08-22 21:57:49,750
902664,POSTMARK CABERNET                  750ml,19.99,Special,No,2025-07-01,S,2025-08-22 21:57:49,750
902692,BÀRBARA FORÉS ABRISA'T          750ml,41.5,General,No,2025-07-01,1,2025-08-22 21:57:49,750
902791,SEA SUN PINOT NOIR                 750ml,14.99,General,Yes,2025-07-01,1,2025-08-22 21:57:49,750
902854,ROBBERS ROOST CAMPSITE CORDIAL     750ml,45.99,General,No,2025-07-01,1,2025-08-22 21:57:49,750
902916,PIERRE FERRAND SDA                 750ml,277.32,Special,No,2025-07-01,S,2025-08-22 21:57:49,750
903442,PIERRE FERRAND AMBRE COGNAC        750ml,66.22,Special,No,2025-07-01,S,2025-08-22 21:57:49,750
905377,LAPIS LUNA RED                     750ml,12.99,General,Yes,2025-07-01,1,2025-08-22 21:57:49,750
906313,CAIN FIVE VERTICAL 08-10         750ml,241.15,Special,No,2025-07-01,S,2025-08-22 21:57:49,750
906870,STAG'S LEAP WC CHARD KARIA'22       750m,34.99,General,No,2025-07-01,1,2025-08-22 21:57:49,
906997,ALTESINO BRUNELLO RISERVA DOCG'19,144.99,Limited,No,2025-07-01,L,2025-08-22 21:57:49,
907419,GRUET BLANC DE NOIRS               750ml,21.99,General,No,2025-07-01,1,2025-08-22 21:57:49,750
907455,RODNEY STRONG SYMMETRY'19   750ml,55.99,General,Yes,2025-07-01,1,2025-08-22 21:57:49,750
907542,LAPIS LUNA CABERNET                750ml,14.99,General,No,2025-07-01,1,2025-08-22 21:57:49,750
908033,SOKOL BLOSSER EVOLUTION PN 2023    750ml,20.99,General,No,2025-07-01,1,2025-08-22 21:57:49,750
908178,CLINE VIOGNIER               750ml,14.99,General,No,2025-07-01,1,2025-08-22 21:57:49,750
908584,OBSIDIAN EST CHARD POSEIDON VNYRD  750ml,32.99,General,No,2025-07-01,1,2025-08-22 21:57:49,750
908714,NARDINI AMARO LIQ                 700 ml,35.99,Special,No,2025-07-01,S,2025-08-22 21:57:49,700
908951,GRUET ROSE                         750ml,17.99,General,Yes,2025-07-01,1,2025-08-22 21:57:49,750
909053,POGGIO DI SOTTO ROSSO DI MONTALCINO'18,124.99,Limited,No,2025-07-01,L,2025-08-22 21:57:49,
910112,CHAT LEOVILLE POYFERRE'20     750ml,206.13,Limited,No,2025-07-01,L,2025-08-22 21:57:49,750
910319,SEGHESIO ZINFANDEL SONOMA          750ml,19.99,General,Yes,2025-07-01,1,2025-08-22 21:57:49,750
910337,ROMBAUER CHARD CARNEROS            750ml,41.99,General,Yes,2025-07-01,1,2025-08-22 21:57:49,750
910519,MOMOKAWA SILVER SAKE               750ml,17.03,General,No,2025-07-01,1,2025-08-22 21:57:49,750
910561,VAMPYRE VODKA WICKEDLY SMOOTH RED  750ml,23.99,Special,No,2025-07-01,S,2025-08-22 21:57:49,750
910657,MOMOKAWA DIAMOND SAKE              750ml,17.03,General,No,2025-07-01,1,2025-08-22 21:57:49,750
910789,HERON CHARDONNAY                   750ml,19.99,General,No,2025-07-01,1,2025-08-22 21:57:49,750
911057,CHAT LEOVILLE POYFERRE'15/17          75,199.59,Limited,No,2025-07-01,L,2025-08-22 21:57:49,
911256,MOMOKAWA PEARL SAKE                750ml,17.03,General,No,2025-07-01,1,2025-08-22 21:57:49,750
911677,LAN RIOJA CRIANZA      750ml,15.0,General,Yes,2025-07-01,1,2025-08-22 21:57:49,750
911726,LAURENT PERRIER GRAND SIECLE GIFTBOX,290.0,Limited,No,2025-07-01,L,2025-08-22 21:57:49,
912298,ARGYLE PINOT NOIR WILLAMET    750ml,23.99,General,Yes,2025-07-01,1,2025-08-22 21:57:49,750
912379,PEACHY CNYN ZINANDEL INCREDIBL RED 750ml,12.99,General,Yes,2025-07-01,1,2025-08-22 21:57:49,750
912443,DR K FRANK RIESLING DRY      750ml,18.99,General,Yes,2025-07-01,1,2025-08-22 21:57:49,750
912689,MORGANTE NERO D'AVOLA        750ml,22.99,General,No,2025-07-01,1,2025-08-22 21:57:49,750
912872,MARCHESI DI BAROLO RUVEI BARBERA    750m,19.99,General,Yes,2025-07-01,1,2025-08-22 21:57:49,
912991,VAMPYRE VODKA WICKEDLY SMOOTH WHIT 750ml,23.99,Special,No,2025-07-01,S,2025-08-22 21:57:49,750
913163,CHAT DUCRU BEAUCAILLOU'08         750ml,411.12,Limited,No,2025-07-01,L,2025-08-22 21:57:49,750
913262,SELVAPIANA CHIANTI RUFINA     750ml,21.99,Limited,No,2025-07-01,L,2025-08-22 21:57:49,750
913550,STAGS LEAP WC CAB ARTEMIS'19/20        7,76.99,General,No,2025-07-01,1,2025-08-22 21:57:49,
914222,CASTLE ROCK PINOT WILLAMETTE       750ml,16.99,General,No,2025-07-01,1,2025-08-22 21:57:49,750
914277,DAMILANO BAROLO LECINQUEVIGNE     750ML,44.99,Limited,No,2025-07-01,L,2025-08-22 21:57:49,750
914430,ROAD 31 PINOT NOIR'22              750ml,35.99,Limited,No,2025-07-01,L,2025-08-22 21:57:49,750
914559,BOEKENHOUTSKLOOF WOLFTRAP       750ml,11.99,General,No,2025-07-01,1,2025-08-22 21:57:49,750
914716,STEMMARI NERO D'AVOLA              750ml,12.99,General,No,2025-07-01,1,2025-08-22 21:57:49,750
914863,COLTIBUONO VIN SANTO        375 ml,49.99,Limited,No,2025-07-01,L,2025-08-22 21:57:49,375
914925,BODEGAS BORSOA GARNACHA            750ml,12.99,General,No,2025-07-01,1,2025-08-22 21:57:49,750
915162,VALLE REALE D'ABRUZZO ORGAN     750ml,22.99,Limited,No,2025-07-01,L,2025-08-22 21:57:49,750
915441,CLINE MOURVEDRE ROSE      750ml,11.99,General,Yes,2025-07-01,1,2025-08-22 21:57:49,750
915566,WASHINGTON HILLS RSLG LATE HARV    750ml,9.99,General,Yes,2025-07-01,1,2025-08-22 21:57:49,750
915892,MIGRATION PINOT NOIR RR'21         750ml,34.99,Limited,No,2025-07-01,L,2025-08-22 21:57:49,750
916306,SEAN MINOR 4 BEARS SAUV BLANC'22   750ml,13.99,General,Yes,2025-07-01,1,2025-08-22 21:57:49,750
916431,CHAT D'ISSAN MARGAUX'19         750ml,122.98,Limited,No,2025-07-01,L,2025-08-22 21:57:49,750
916433,CHAT DUHART-MILON PAUILLAC'19/20      75,143.61,Limited,No,2025-07-01,L,2025-08-22 21:57:49,
916504,MURRIETA GRN RSV ESP CSTLLO YGAY  750ml,249.99,Limited,No,2025-07-01,L,2025-08-22 21:57:49,750
916532,PASCUAL TOSO MALBEC      750ml,12.99,General,Yes,2025-07-01,1,2025-08-22 21:57:49,750
916564,BAILEYANA PINOT NOIR FIREPEAK      750ml,23.0,General,Yes,2025-07-01,1,2025-08-22 21:57:49,750
916681,VENTOSA EL CASTRO JOVEN MENCIA  '1 750ml,18.98,Limited,No,2025-07-01,L,2025-08-22 21:57:49,750
916682,VIETTI BAROLO RISERVA DOCG  750ml,182.99,Limited,No,2025-07-01,L,2025-08-22 21:57:49,750
916733,SARACINA SAUV BLANC      750ml,14.49,General,Yes,2025-07-01,1,2025-08-22 21:57:49,750
917429,PLANTERAY RUM ISLE OF FIJI        750ml,35.11,Special,No,2025-07-01,S,2025-08-22 21:57:49,750
917484,VILLA DES ANGES CABERNE.T'22,13.99,Limited,No,2025-07-01,L,2025-08-22 21:57:49,
917569,ST COSME MICRO COSME WHITE     750ml,16.99,Limited,No,2025-07-01,L,2025-08-22 21:57:49,750
917624,SERRE PIEMONTE BARBERA'21/22       750ml,9.99,Limited,No,2025-07-01,L,2025-08-22 21:57:49,750
917727,FRENZY SAUV BLANC NZ               750ml,17.95,General,Yes,2025-07-01,1,2025-08-22 21:57:49,750
917893,KAIKEN MALBEC                      750ml,16.99,General,Yes,2025-07-01,1,2025-08-22 21:57:49,750
917969,VINOS ATLANTICO APLANTA RED   750ml,14.99,Limited,No,2025-07-01,L,2025-08-22 21:57:49,750
917991,MERRYVALE CABERNET NAPA'18     750ml,82.99,Special,No,2025-07-01,S,2025-08-22 21:57:49,750
918022,ADAMI PROSECCO BOSCO DI GICA       750ml,22.99,Limited,No,2025-07-01,L,2025-08-22 21:57:49,750
918047,HERON SAUVIGNON BLANC            750ml,15.99,General,Yes,2025-07-01,1,2025-08-22 21:57:49,750
918294,M CHAPOUTIER BILA-HAUT ROSÉ        750ml,14.99,General,No,2025-07-01,1,2025-08-22 21:57:49,750
918461,PIATTELLI TORRONTES RESERVE        750ml,14.99,General,No,2025-07-01,1,2025-08-22 21:57:49,750
918499,BROWNE FAMILY CABERNET             750ml,36.99,General,No,2025-07-01,1,2025-08-22 21:57:49,750
918502,INDIGENOUS NEBBIOLO D'ALBA      750ml,18.99,General,Yes,2025-07-01,1,2025-08-22 21:57:49,750
918533,BICHOT SVGNY LES BEAUNE 1ER CRU'22  750m,103.99,Limited,No,2025-07-01,L,2025-08-22 21:57:49,
918636,DUCKHORN CHARD NAPA                750ml,36.99,General,No,2025-07-01,1,2025-08-22 21:57:49,750
918658,ROUTESTOCK PINOT NOIR SONOMA   750ml,19.95,General,Yes,2025-07-01,1,2025-08-22 21:57:49,750
918664,OLD TOWN CELLARS ROSE              750ml,19.99,General,Yes,2025-07-01,1,2025-08-22 21:57:49,750
918682,SCARLET OF PARIS ROSE              750ml,13.99,General,No,2025-07-01,1,2025-08-22 21:57:49,750
918805,RIONDO PROSECCO                    750ml,15.99,General,Yes,2025-07-01,1,2025-08-22 21:57:49,750
918853,COEUR DE LA REINE SAUV BLNC     750ml,14.99,General,Yes,2025-07-01,1,2025-08-22 21:57:49,750
918899,CHAT GIGOGNAN CDP ROI     750ml,54.99,General,Yes,2025-07-01,1,2025-08-22 21:57:49,750
918931,PREDATOR SIX SPOT RED              750ml,13.99,General,Yes,2025-07-01,1,2025-08-22 21:57:49,750
918951,LARCHAGO RIOJA RESERVE      750ml,18.99,General,Yes,2025-07-01,1,2025-08-22 21:57:49,750
919002,ANCIANO NO.5  CRIANZA              750ml,13.99,General,No,2025-07-01,1,2025-08-22 21:57:49,750
919102,GOLSER SCHPLINK GRUNER VELTLINER  3000ml,38.99,General,No,2025-07-01,1,2025-08-22 21:57:49,3000
919110,8 SETTLERS RAGTOWN WHISKEY         750ml,49.99,General,No,2025-07-01,1,2025-08-22 21:57:49,750
919122,LEESE-FITCH RED BLEND              750ml,15.99,General,No,2025-07-01,1,2025-08-22 21:57:49,750
919127,CK MONDAVI RED BLEND               750ml,8.99,General,No,2025-07-01,1,2025-08-22 21:57:49,750
919129,CASTELLO DEL POGGIO SWEET RED     750ml,9.99,General,Yes,2025-07-01,1,2025-08-22 21:57:49,750
919131,PIATTELLI MALBEC TANNAT            750ml,16.99,General,No,2025-07-01,1,2025-08-22 21:57:49,750
919214,RENZO MASI CHIANTI RUF RIS      750ml,22.99,General,No,2025-07-01,1,2025-08-22 21:57:49,750
919218,ADELSHEIM CHARDONNAY               750ml,25.99,General,Yes,2025-07-01,1,2025-08-22 21:57:49,750
919349,PRAZO DE RORIZ DOURO'21           750ml,17.99,General,No,2025-07-01,1,2025-08-22 21:57:49,750
919416,VIETTI BAROLO MONVIGLIERO     750ml,266.99,Limited,No,2025-07-01,L,2025-08-22 21:57:49,750
919829,LORENZA ROSE                 750ml,22.99,General,No,2025-07-01,1,2025-08-22 21:57:49,750
919869,JUSTIN CABERNET SAUVIGNON       750ml,33.1,General,No,2025-07-01,1,2025-08-22 21:57:49,750
920590,BOGLE PHANTOM RED BLEND            750ml,16.99,General,Yes,2025-07-01,1,2025-08-22 21:57:49,750
920635,ST COSME MICRO COSME RED          750ml,16.99,Limited,No,2025-07-01,L,2025-08-22 21:57:49,750
921197,ANIMUS DOURO RED                   750ml,13.99,General,No,2025-07-01,1,2025-08-22 21:57:49,750
921302,ANSEN EDELZWICKER WHITE,13.99,Limited,No,2025-07-01,L,2025-08-22 21:57:49,
921589,TERRE NERE ETNA ROSSO          750ml,34.98,Special,No,2025-07-01,S,2025-08-22 21:57:49,750
921675,TSUKI JUNMAI DAIGINJO SAKE         750ml,29.99,General,Yes,2025-07-01,1,2025-08-22 21:57:49,750
921676,TSUKI WHITE PEACH NIGORI SAKE      750ml,23.99,General,Yes,2025-07-01,1,2025-08-22 21:57:49,750
921728,SHIMIZU NO MAI PURE SNOW SAKE   720 ml,27.99,General,Yes,2025-07-01,1,2025-08-22 21:57:49,720
921783,MOSELLAND BLUE RIESLING QBA        750ml,10.98,General,Yes,2025-07-01,1,2025-08-22 21:57:49,750
921790,BODEGA GARZON TANNAT SNGL VYD      750ml,43.99,General,No,2025-07-01,1,2025-08-22 21:57:49,750
922109,TORMARESCA CALAFURIA ROSE          750ml,14.49,General,Yes,2025-07-01,1,2025-08-22 21:57:49,750
922594,CLEAR WATER CANELA CINNAMON    750ml,26.99,General,Yes,2025-07-01,1,2025-08-22 21:57:49,750
922649,FOSSIL POINT CHARDONNAY            750ml,19.99,General,No,2025-07-01,1,2025-08-22 21:57:49,750
922665,DECOY CHARDONNAY LIMITED           750ml,29.99,General,No,2025-07-01,1,2025-08-22 21:57:49,750
922741,SHANNON RIDG ELEVATION PETITE SIRAH750ml,15.03,General,No,2025-07-01,1,2025-08-22 21:57:49,750
922959,ZAHA CABERNET TOKO VNYRD           750ml,24.99,General,Yes,2025-07-01,1,2025-08-22 21:57:49,750
922996,DIVUM PINOT NOIR                   750ml,17.99,General,Yes,2025-07-01,1,2025-08-22 21:57:49,750
923428,WENTE MORNING FOG CHARDONNAY        750m,13.99,General,No,2025-07-01,1,2025-08-22 21:57:49,
923538,CK MONDAVI DARK CABERNET           750ml,8.99,General,No,2025-07-01,1,2025-08-22 21:57:49,750
923540,MARTIN RAY SONOMA PINOT NOIR       750ml,19.99,General,Yes,2025-07-01,1,2025-08-22 21:57:49,750
923568,CK MONDAVI BUTTERY CHARDONNAY      750ml,5.99,General,Yes,2025-07-01,1,2025-08-22 21:57:49,750
923576,BACKBONE SAUVIGNON BLANC           750ml,11.99,General,Yes,2025-07-01,1,2025-08-22 21:57:49,750
923579,SEAN MINOR 4B PINOT NOIR           750ml,14.99,General,Yes,2025-07-01,1,2025-08-22 21:57:49,750
923586,AVIA PINOT NOIR                    750ml,11.0,General,Yes,2025-07-01,1,2025-08-22 21:57:49,750
923593,ALTO MONTCAYA AQUILON              750ml,199.99,Limited,No,2025-07-01,L,2025-08-22 21:57:49,750
923811,ANTIGAL ADUENTUS CABERNET FRANC    750ml,15.0,Special,No,2025-07-01,S,2025-08-22 21:57:49,750
924340,CK MONDAVI CALIFORNIA RED BLEND   1500ml,9.99,General,Yes,2025-07-01,1,2025-08-22 21:57:49,1500
924346,JAMES HARDEN RED BLEND             750ml,12.99,General,Yes,2025-07-01,1,2025-08-22 21:57:49,750
924357,DECOY LIMITED PINOT NOIR           750ml,29.99,General,No,2025-07-01,1,2025-08-22 21:57:49,750
924469,MR RIGGS SHIRAZ THE BOLTER         750ml,20.99,General,No,2025-07-01,1,2025-08-22 21:57:49,750
924473,LEDA BARBERA D'ASTI TRUFFLE HUNTER 750ml,12.99,General,Yes,2025-07-01,1,2025-08-22 21:57:49,750
924479,RODRIGO VALLEJO CORTONA DOURO RED  750ml,16.99,General,No,2025-07-01,1,2025-08-22 21:57:49,750
924643,CENTERED CABERNET SAUV'19          750ml,34.0,General,Yes,2025-07-01,1,2025-08-22 21:57:49,750
925472,BATTLE CREEK UNCONDITIONAL CHARD   750ml,18.99,General,No,2025-07-01,1,2025-08-22 21:57:49,750
925473,GEN 5 MERLOT                       750ml,9.99,General,Yes,2025-07-01,1,2025-08-22 21:57:49,750
925480,EVOLUTION COLUMBIA VALLEY RIESLING 750ml,15.99,General,No,2025-07-01,1,2025-08-22 21:57:49,750
925490,CAMP MERLOT                        750ml,18.99,General,Yes,2025-07-01,1,2025-08-22 21:57:49,750
925504,PIERRE FERRAND COGNAC RESERVE DBL  750ml,108.63,Special,No,2025-07-01,S,2025-08-22 21:57:49,750
925531,MUSTIGUILLO MESTIZAJE TINTO        750ml,14.99,General,Yes,2025-07-01,1,2025-08-22 21:57:49,750
925562,KUMUSHA SAUV BLANC                 750ml,14.99,General,No,2025-07-01,1,2025-08-22 21:57:49,750
926339,O LEFLAIVE BOURGOGNE RG CUVEE MARGOT'21,42.32,Special,No,2025-07-01,S,2025-08-22 21:57:49,
926465,PIERRE FERRAND YUZU CURAÇAO        700ml,40.77,Unavailable,No,2025-07-01,U,2025-08-22 21:57:49,700
926843,CANARD ESTATE CABERNET             750ml,100.15,Special,No,2025-07-01,S,2025-08-22 21:57:49,750
926861,BOZAL CEMPASUCHIL RESERVA          750ml,149.99,Special,No,2025-07-01,S,2025-08-22 21:57:49,750
927274,PLANTERAY CUT AND DRY COCONUT RUM  700ml,38.97,Special,No,2025-07-01,S,2025-08-22 21:57:49,700
927309,MORIN CALVADOS                     700ml,27.24,Special,No,2025-07-01,S,2025-08-22 21:57:49,700
927636,GOOSE RIDGE G3 CHARDONNAY          750ml,12.99,General,Yes,2025-07-01,1,2025-08-22 21:57:49,750
927639,D BOSLER PINOT NOIR                750ml,11.99,General,Yes,2025-07-01,1,2025-08-22 21:57:49,750
927640,JELU PINOT NOIR                    750ml,12.99,General,Yes,2025-07-01,1,2025-08-22 21:57:49,750
927642,AMONG THE GIANTS MERLOT            750ml,16.99,General,Yes,2025-07-01,1,2025-08-22 21:57:49,750
928091,BEEHIVE BOURBON 4 YEAR             750ml,40.99,General,Yes,2025-07-01,1,2025-08-22 21:57:49,750
928156,VAMPYRE TEQUILA PLATA              750ml,47.8,Special,No,2025-07-01,S,2025-08-22 21:57:49,750
928171,PEBBLE LANE PINOT NOIR             750ml,6.5,Special,No,2025-07-01,S,2025-08-22 21:57:49,750
928229,RUTHERFORD RANCH RES PETITE VERDOT  750m,89.99,Special,No,2025-07-01,S,2025-08-22 21:57:49,
928577,THE DAILY AUGUST PINOT NOIR        750ml,25.99,General,No,2025-07-01,1,2025-08-22 21:57:49,750
928654,NOLLEN ERBEN MOSEL RIESLING KABINET750ml,10.99,General,No,2025-07-01,1,2025-08-22 21:57:49,750
928655,NOLLEN ERBEN NOTORIOUS ROOSTER RIES750ml,10.99,General,No,2025-07-01,1,2025-08-22 21:57:49,750
928705,J. PERRIER GASTRONOMIE APRMNT SAVOI750ml,17.99,Limited,No,2025-07-01,L,2025-08-22 21:57:49,750
928760,KILIKANOON KILERMANS RUN CAB. SAUV.750ml,19.06,General,No,2025-07-01,1,2025-08-22 21:57:49,750
928761,VINACEOUS RED RIGHT HAND RED       750ml,18.69,General,No,2025-07-01,1,2025-08-22 21:57:49,750
928897,LAURENT PERRIER ROSE              1500ml,224.99,Special,No,2025-07-01,S,2025-08-22 21:57:49,1500
928898,LAURENT PERRIER BRUT NTR BDB      1500ml,224.99,Special,No,2025-07-01,S,2025-08-22 21:57:49,1500
928923,LP GS NAKED    750ml,180.0,Special,No,2025-07-01,S,2025-08-22 21:57:49,750
928989,LAURENT PERRIER ALEXANDRA ROSE 2012750ml,269.99,Special,No,2025-07-01,S,2025-08-22 21:57:49,2012750
928990,LP LC NV NAKED           750ml,48.0,Special,No,2025-07-01,S,2025-08-22 21:57:49,750
928991,LP ROSE RSV NAKED   750ml,58.0,Special,No,2025-07-01,S,2025-08-22 21:57:49,750
929416,CITADELLE ROUGE                    700ml,38.03,Special,No,2025-07-01,S,2025-08-22 21:57:49,700
929423,LAURENT PERRIER LA CUVEE          3000ml,429.99,Special,No,2025-07-01,S,2025-08-22 21:57:49,3000
929488,LAURENT PERRIER LA CUVEE          6000ml,1079.99,Special,No,2025-07-01,S,2025-08-22 21:57:49,6000
929489,LAURENT PERRIER LA CUVEE          9000ml,1499.99,Special,No,2025-07-01,S,2025-08-22 21:57:49,9000
929752,TOPO CHICO HARD MARGARITA MAX      710ml,3.09,General,No,2025-07-01,1,2025-08-22 21:57:49,710
929753,SIMPLY SPIKED BOLD CHERRY LIMEADE  710ml,3.09,General,No,2025-07-01,1,2025-08-22 21:57:49,710
929917,HATTINGLEY NV CLASSIC RESERVE      750ml,36.99,Special,No,2025-07-01,S,2025-08-22 21:57:49,750
929918,HATTINGLEY ROSE 2018               750ml,49.43,Special,No,2025-07-01,S,2025-08-22 21:57:49,750
929919,HATTINGLEY MAG ROSE 2014          1500ml,120.54,Special,No,2025-07-01,S,2025-08-22 21:57:49,1500
929980,ENVELHECIDA SHOCHU 3 YEAR 40       750ml,79.99,Special,No,2025-07-01,S,2025-08-22 21:57:49,750
929981,ENVELHECIDA SHOCHU 25              700ml,45.99,Special,No,2025-07-01,S,2025-08-22 21:57:49,700
929983,SHINZATO SHUZO COFFEE AWAMORI SPIRIT 720,29.99,Special,No,2025-07-01,S,2025-08-22 21:57:49,
929984,WYATT EARP SINGLE CASK             750ml,124.99,Special,No,2025-07-01,S,2025-08-22 21:57:49,750
929985,DOC HOLLIDAY STRAIGHT BOURBON 7 YR 750ml,99.99,Special,No,2025-07-01,S,2025-08-22 21:57:49,750
929986,DOC HOLLIDAY 10 YR SPECIAL EDITION 750ml,199.99,Special,No,2025-07-01,S,2025-08-22 21:57:49,750
929987,CORTE VETUSTO ESPADIN              750ml,82.89,Special,No,2025-07-01,S,2025-08-22 21:57:49,750
930014,VALDO PROSECCO DOCG SUPEROIRE      750ml,20.99,Special,No,2025-07-01,S,2025-08-22 21:57:49,750
940563,GRAHAM SIX GRAPES PORT             750ml,26.0,General,Yes,2025-07-01,1,2025-08-22 21:57:49,750
945604,ROEDERER ESTATE L'ERMITAGE     750ml,84.99,Limited,No,2025-07-01,L,2025-08-22 21:57:49,750
946792,SCARPETTA PINOT GRIGO          750ml,12.99,General,Yes,2025-07-01,1,2025-08-22 21:57:49,750
946831,WILLAMETTE VLY PINOT NOIR EST      750ml,32.99,General,Yes,2025-07-01,1,2025-08-22 21:57:49,750
947027,CHAT RECOUGNE BLANC             750ml,15.99,Limited,No,2025-07-01,L,2025-08-22 21:57:49,750
947517,DAOU CABERNET PASO ROBLES          750ml,25.54,General,No,2025-07-01,1,2025-08-22 21:57:49,750
947544,LAURENT PERRIER BRUT NV           187 ml,19.99,Special,No,2025-07-01,S,2025-08-22 21:57:49,187
947552,LAURENT PERRIER ROSÉ BRUT GIFTBOX,109.99,Limited,No,2025-07-01,L,2025-08-22 21:57:49,
947585,VIETTI BARBARESCO MASS RONCAGLIE  750 ml,159.99,Limited,No,2025-07-01,L,2025-08-22 21:57:49,750
947937,VIETTI BAROLO RAVERA     750ml,266.99,Limited,No,2025-07-01,L,2025-08-22 21:57:49,750
948145,LAURENT PERRIER ULTRA BRUT         750ml,85.99,Special,No,2025-07-01,S,2025-08-22 21:57:49,750
948642,ALBERT BICHOT FIXIN        750ml,74.99,Limited,No,2025-07-01,L,2025-08-22 21:57:49,750
948662,BICHOT MACON VILLAGES CHARD     750ml,27.99,General,No,2025-07-01,1,2025-08-22 21:57:49,750
948721,BICHOT CHABLIS DOM LONG,34.99,Limited,No,2025-07-01,L,2025-08-22 21:57:49,
948724,ALBERT BICHOT POULLY FUISSE'22  750ml,49.99,Limited,No,2025-07-01,L,2025-08-22 21:57:49,750
949219,FAILLA CHARDONNAY HAYNES           750ml,64.99,Special,No,2025-07-01,S,2025-08-22 21:57:49,750
949505,PIATTELLI TRINITA GRAND RSRV     750ml,27.99,General,No,2025-07-01,1,2025-08-22 21:57:49,750
949534,DECOY CHARDONNAY                   750ml,17.99,General,Yes,2025-07-01,1,2025-08-22 21:57:49,750
949550,BICHOT PN SECRET DE FAMILLE'19/20,45.99,Limited,No,2025-07-01,L,2025-08-22 21:57:49,
949904,TROPICAL PASSION FRUIT MOSCATO     750ml,12.99,General,Yes,2025-07-01,1,2025-08-22 21:57:49,750
949931,CANVASBACK CAB SAUV WASH'17/18     750ml,24.99,Special,No,2025-07-01,S,2025-08-22 21:57:49,750
950074,BADENHORST SECATEURS CHENIN BL     750ml,19.99,Limited,No,2025-07-01,L,2025-08-22 21:57:49,750
950180,FRISK RIESLING PRICKLY'20          750ml,11.99,General,Yes,2025-07-01,1,2025-08-22 21:57:49,750
950760,EVOLUTION LUCKY NO. 9 WHITE        750ml,17.99,General,No,2025-07-01,1,2025-08-22 21:57:49,750
951003,MARCHESI D GRESY BARBARESCO     750ml,71.99,Limited,No,2025-07-01,L,2025-08-22 21:57:49,750
951111,LAURENT PERRIER BRUT NTR BLNC DE B 750ml,109.99,Special,No,2025-07-01,S,2025-08-22 21:57:49,750
951361,PIERRE FERRAND 1840 COGNAC         750ml,42.99,General,Yes,2025-07-01,1,2025-08-22 21:57:49,750
951362,PLANTERAY ORIGINAL DARK RUM       750ml,23.25,Special,No,2025-07-01,S,2025-08-22 21:57:49,750
951365,PLANTERAY PINEAPPLE RUM           750ml,29.99,General,Yes,2025-07-01,1,2025-08-22 21:57:49,750
951368,DARON CALVADOS FINE                750ml,48.51,Special,No,2025-07-01,S,2025-08-22 21:57:49,750
951501,LUKE CABERNET SAUVIGNON            750ml,24.97,General,Yes,2025-07-01,1,2025-08-22 21:57:49,750
951684,NOELIA BEBELIA ALBARINO            750ml,29.99,General,No,2025-07-01,1,2025-08-22 21:57:49,750
952030,FREY AGRICULTURIST BLANC           750ml,11.26,General,Yes,2025-07-01,1,2025-08-22 21:57:49,750
952209,WILLAMETTE VV ROSÉ WHOLE CLSTR  750ml,22.99,General,No,2025-07-01,1,2025-08-22 21:57:49,750
952586,SKOURAS ST. GEORGE NEMEA'20/21,19.99,Limited,No,2025-07-01,L,2025-08-22 21:57:49,
952587,SKOURAS MOSCHOFILERO'22   750ml,19.99,Limited,No,2025-07-01,L,2025-08-22 21:57:49,750
952749,URLARI PERVALE                     750ml,26.95,Special,No,2025-07-01,S,2025-08-22 21:57:49,750
953179,BRUNDLMAYER KMPTLR TRSN GRUNER VLTLNR,28.99,General,Yes,2025-07-01,1,2025-08-22 21:57:49,
953331,REDHAWK ESTATE PINOT NOIR          750ml,21.99,Special,No,2025-07-01,S,2025-08-22 21:57:49,750
953395,ENRICO SERAFINO BAROLO       750ml,56.99,Limited,No,2025-07-01,L,2025-08-22 21:57:49,750
953447,SOTER ESTATES PINOT NOIR   750ml,45.99,General,Yes,2025-07-01,1,2025-08-22 21:57:49,750
953849,MATHILDE POIRE LIQUEUR             750ml,22.99,General,Yes,2025-07-01,1,2025-08-22 21:57:49,750
954369,QUINTA DO MONTALTO MALHADA RED'21  750ml,9.99,Limited,No,2025-07-01,L,2025-08-22 21:57:49,750
954705,LAPOSTOLLE CUVEE CARMENERE         750ml,31.99,General,No,2025-07-01,1,2025-08-22 21:57:49,750
954732,BALLETTO PINOT NOIR RR             750ml,43.99,General,No,2025-07-01,1,2025-08-22 21:57:49,750
955139,BONANZA CABERNET SAUVIGNON         750ml,19.99,General,Yes,2025-07-01,1,2025-08-22 21:57:49,750
955140,SEA SUN CHARDONNAY                 750ml,14.99,General,Yes,2025-07-01,1,2025-08-22 21:57:49,750
955239,HAKUTSURU PLUM WINE  750ml,15.99,General,No,2025-07-01,1,2025-08-22 21:57:49,750
955482,VIETTI BAROLO CEREQUIO       750ml,266.99,Limited,No,2025-07-01,L,2025-08-22 21:57:49,750
955526,LA VIEILLE FERME ROSE RSV SPARKLIN 750ml,13.99,General,No,2025-07-01,1,2025-08-22 21:57:49,750
955527,PASCUAL TOSO CABERNET              750ml,12.99,General,Yes,2025-07-01,1,2025-08-22 21:57:49,750
955554,VIETTI BARBARESCO RABAJA DOCG RSV  750ml,344.99,Limited,No,2025-07-01,L,2025-08-22 21:57:49,750
955595,PLANTERAY XAYMACA                 750ml,35.11,Special,No,2025-07-01,S,2025-08-22 21:57:49,750
955658,HOLYSTONE BOSUNS NAVY GIN          750ml,29.99,General,Yes,2025-07-01,1,2025-08-22 21:57:49,750
955659,HOLYSTONE PERLA VODKA              750ml,29.99,General,Yes,2025-07-01,1,2025-08-22 21:57:49,750
966234,POGGIO DI SOTTO BRUNELLO DI MONTALCINO'1,354.99,Limited,No,2025-07-01,L,2025-08-22 21:57:49,
966474,ZENATO LUGANA          750ml,22.99,Limited,No,2025-07-01,L,2025-08-22 21:57:49,750
974954,DOMINUS ESTATE LIBRARY  2012,299.0,Special,No,2025-07-01,S,2025-08-22 21:57:49,
981964,DECOY ZINFANDEL                    750ml,26.99,General,No,2025-07-01,1,2025-08-22 21:57:49,750
981967,DUCKHORN PARADUXX RED              750ml,48.99,General,Yes,2025-07-01,1,2025-08-22 21:57:49,750
988917,PENFOLDS RWT SHIRAZ BAROSSA        750ml,159.99,Special,No,2025-07-01,S,2025-08-22 21:57:49,750
989144,MENABREA AMBRATA LAGER            330 ml,3.37,Special,No,2025-07-01,S,2025-08-22 21:57:49,330
